{
    "task_chain": [
        {
            "components": [
                {
                    "header": "Dataset Parameters",
                    "type": "PARAMETER_GROUP",
                    "parameters": [
                        {
                            "name": "num_workers",
                            "data_type": "integer",
                            "template_type": "input",
                            "auto_hpo_state": "not_possible",
                            "value": 8,
                            "min_value": 0,
                            "max_value": 36
                        }
                    ],
                    "name": "dataset",
                    "entity_identifier": {
                        "type": "HYPER_PARAMETER_GROUP",
                        "group_name": "dataset",
                        "project_id": "66fd386b0d101a6ee43904c6"
                    }
                },
                {
                    "header": "Learning Parameters",
                    "type": "PARAMETER_GROUP",
                    "parameters": [
                        {
                            "name": "backbone",
                            "data_type": "string",
                            "template_type": "selectable",
                            "auto_hpo_state": "not_possible",
                            "enum_name": "ModelBackbone",
                            "value": "resnet18",
                            "options": [
                                "resnet18",
                                "wide_resnet50_2"
                            ]
                        },
                        {
                            "name": "lr",
                            "data_type": "float",
                            "template_type": "input",
                            "auto_hpo_state": "possible",
                            "value": 0.4,
                            "min_value": 0.001,
                            "max_value": 1
                        },
                        {
                            "name": "max_epochs",
                            "data_type": "integer",
                            "template_type": "input",
                            "auto_hpo_state": "not_possible",
                            "value": 100,
                            "min_value": 1,
                            "max_value": 500
                        },
                        {
                            "name": "momentum",
                            "data_type": "float",
                            "template_type": "input",
                            "auto_hpo_state": "not_possible",
                            "value": 0.9,
                            "min_value": 0.1,
                            "max_value": 1.0
                        },
                        {
                            "name": "train_batch_size",
                            "data_type": "integer",
                            "template_type": "input",
                            "auto_hpo_state": "possible",
                            "value": 32,
                            "min_value": 1,
                            "max_value": 512
                        },
                        {
                            "name": "weight_decay",
                            "data_type": "float",
                            "template_type": "input",
                            "auto_hpo_state": "not_possible",
                            "value": 0.0001,
                            "min_value": 1e-05,
                            "max_value": 1
                        }
                    ],
                    "name": "learning_parameters",
                    "groups": [
                        {
                            "header": "Early Stopping Parameters",
                            "type": "PARAMETER_GROUP",
                            "parameters": [
                                {
                                    "name": "metric",
                                    "data_type": "string",
                                    "template_type": "selectable",
                                    "auto_hpo_state": "not_possible",
                                    "enum_name": "EarlyStoppingMetrics",
                                    "value": "image_F1Score",
                                    "options": [
                                        "image_F1Score",
                                        "image_AUROC"
                                    ]
                                },
                                {
                                    "name": "patience",
                                    "data_type": "integer",
                                    "template_type": "input",
                                    "auto_hpo_state": "not_possible",
                                    "value": 10,
                                    "min_value": 1,
                                    "max_value": 100
                                }
                            ],
                            "name": "early_stopping"
                        }
                    ],
                    "entity_identifier": {
                        "type": "HYPER_PARAMETER_GROUP",
                        "group_name": "learning_parameters",
                        "project_id": "66fd386b0d101a6ee43904c6"
                    }
                },
                {
                    "header": "Subset splitting",
                    "type": "CONFIGURABLE_PARAMETERS",
                    "parameters": [
                        {
                            "name": "auto_subset_fractions",
                            "data_type": "boolean",
                            "template_type": "input",
                            "auto_hpo_state": "not_possible",
                            "value": true
                        }
                    ],
                    "groups": [
                        {
                            "header": "Subset distribution",
                            "type": "PARAMETER_GROUP",
                            "parameters": [
                                {
                                    "name": "test_proportion",
                                    "data_type": "float",
                                    "template_type": "input",
                                    "auto_hpo_state": "not_possible",
                                    "value": 0.3,
                                    "min_value": 0.1,
                                    "max_value": 1.0
                                },
                                {
                                    "name": "train_proportion",
                                    "data_type": "float",
                                    "template_type": "input",
                                    "auto_hpo_state": "not_possible",
                                    "value": 0.5,
                                    "min_value": 0.1,
                                    "max_value": 1.0
                                },
                                {
                                    "name": "validation_proportion",
                                    "data_type": "float",
                                    "template_type": "input",
                                    "auto_hpo_state": "not_possible",
                                    "value": 0.2,
                                    "min_value": 0.1,
                                    "max_value": 1.0
                                }
                            ],
                            "name": "subset_parameters"
                        }
                    ],
                    "entity_identifier": {
                        "type": "COMPONENT_PARAMETERS",
                        "component": "SUBSET_MANAGER"
                    }
                },
                {
                    "header": "Active Learning",
                    "type": "CONFIGURABLE_PARAMETERS",
                    "parameters": [
                        {
                            "name": "intra_task_reduce_fn",
                            "data_type": "string",
                            "template_type": "selectable",
                            "auto_hpo_state": "not_possible",
                            "enum_name": "ActiveScoreReductionFunction",
                            "value": "mean",
                            "options": [
                                "min",
                                "mean",
                                "max"
                            ]
                        }
                    ],
                    "entity_identifier": {
                        "type": "COMPONENT_PARAMETERS",
                        "component": "TASK_ACTIVE_LEARNING"
                    }
                },
                {
                    "header": "General",
                    "type": "CONFIGURABLE_PARAMETERS",
                    "parameters": [
                        {
                            "name": "auto_training",
                            "data_type": "boolean",
                            "template_type": "input",
                            "auto_hpo_state": "not_possible",
                            "value": false
                        }
                    ],
                    "entity_identifier": {
                        "type": "COMPONENT_PARAMETERS",
                        "component": "TASK_NODE"
                    }
                }
            ],
            "task_title": "Anomaly classification task"
        }
    ],
    "global": [
        {
            "header": "Active Learning",
            "type": "CONFIGURABLE_PARAMETERS",
            "parameters": [
                {
                    "name": "inter_task_reduce_fn",
                    "data_type": "string",
                    "template_type": "selectable",
                    "auto_hpo_state": "not_possible",
                    "enum_name": "ActiveScoreReductionFunction",
                    "value": "mean",
                    "options": [
                        "min",
                        "mean",
                        "max"
                    ]
                },
                {
                    "name": "max_unseen_media",
                    "data_type": "integer",
                    "template_type": "input",
                    "auto_hpo_state": "not_possible",
                    "value": 500,
                    "min_value": 10,
                    "max_value": 10000
                }
            ],
            "entity_identifier": {
                "type": "COMPONENT_PARAMETERS",
                "component": "PROJECT_ACTIVE_LEARNING"
            }
        },
        {
            "header": "Dataset management",
            "type": "CONFIGURABLE_PARAMETERS",
            "parameters": [
                {
                    "name": "maximum_number_of_annotations",
                    "data_type": "integer",
                    "template_type": "input",
                    "auto_hpo_state": "not_possible",
                    "value": -1,
                    "min_value": -1,
                    "max_value": 10000
                },
                {
                    "name": "minimum_annotation_size",
                    "data_type": "integer",
                    "template_type": "input",
                    "auto_hpo_state": "not_possible",
                    "value": -1,
                    "min_value": -1,
                    "max_value": 1000000
                },
                {
                    "name": "use_ndr",
                    "data_type": "boolean",
                    "template_type": "input",
                    "auto_hpo_state": "not_possible",
                    "value": false
                }
            ],
            "entity_identifier": {
                "type": "COMPONENT_PARAMETERS",
                "component": "PIPELINE_DATASET_MANAGER"
            }
        }
    ]
}