{"dm_format_version": "1.0", "media_type": 2, "infos": {"ScExtractorVersion": "1.0", "GetiProjectTask": "detection", "GetiTaskTypeLabels": [["detection", ["seed", "bird"]]]}, "categories": {"label": {"labels": [{"name": "seed", "parent": "", "attributes": []}, {"name": "bird", "parent": "", "attributes": []}], "label_groups": [{"name": "Detection labels", "group_type": "exclusive", "labels": ["bird", "seed"]}], "attributes": []}, "mask": {"colormap": [{"label_id": 0, "r": 27, "g": 117, "b": 158}, {"label_id": 1, "r": 180, "g": 180, "b": 10}]}}, "items": [{"id": "numpy_2023-06-21T17-46-06.582363", "annotations": [{"id": 0, "type": "bbox", "attributes": {}, "group": 0, "label_id": 1, "z_order": 0, "bbox": [618.0, 270.0, 118.0, 282.0]}, {"id": 0, "type": "bbox", "attributes": {}, "group": 0, "label_id": 0, "z_order": 0, "bbox": [436.0, 378.0, 174.0, 118.0]}], "attr": {"has_empty_label": false}, "image": {"path": "numpy_2023-06-21T17-46-06.582363.jpg", "size": [720, 1280]}}, {"id": "numpy_2023-06-21T17-46-05.258403", "annotations": [{"id": 0, "type": "bbox", "attributes": {}, "group": 0, "label_id": 0, "z_order": 0, "bbox": [482.0, 381.0, 169.0, 110.0]}, {"id": 0, "type": "bbox", "attributes": {}, "group": 0, "label_id": 1, "z_order": 0, "bbox": [678.0, 268.0, 158.0, 264.0]}], "attr": {"has_empty_label": false}, "image": {"path": "numpy_2023-06-21T17-46-05.258403.jpg", "size": [720, 1280]}}, {"id": "numpy_2023-06-21T17-10-29.783371", "annotations": [{"id": 0, "type": "bbox", "attributes": {}, "group": 0, "label_id": 0, "z_order": 0, "bbox": [541.0, 350.0, 188.0, 141.0]}], "attr": {"has_empty_label": false}, "image": {"path": "numpy_2023-06-21T17-10-29.783371.jpg", "size": [720, 1280]}}, {"id": "numpy_2023-06-21T17-10-20.918201", "annotations": [{"id": 0, "type": "bbox", "attributes": {}, "group": 0, "label_id": 0, "z_order": 0, "bbox": [532.0, 358.0, 195.0, 131.0]}], "attr": {"has_empty_label": false}, "image": {"path": "numpy_2023-06-21T17-10-20.918201.jpg", "size": [720, 1280]}}, {"id": "numpy_2023-06-21T16-47-03.559257", "annotations": [{"id": 0, "type": "bbox", "attributes": {}, "group": 0, "label_id": 0, "z_order": 0, "bbox": [562.0, 351.0, 168.0, 138.0]}, {"id": 0, "type": "bbox", "attributes": {}, "group": 0, "label_id": 1, "z_order": 0, "bbox": [292.0, 337.0, 265.0, 241.0]}], "attr": {"has_empty_label": false}, "image": {"path": "numpy_2023-06-21T16-47-03.559257.jpg", "size": [720, 1280]}}, {"id": "numpy_2023-06-21T16-19-41.747734", "annotations": [{"id": 0, "type": "bbox", "attributes": {}, "group": 0, "label_id": 1, "z_order": 0, "bbox": [274.0, 360.0, 268.0, 262.0]}, {"id": 0, "type": "bbox", "attributes": {}, "group": 0, "label_id": 0, "z_order": 0, "bbox": [543.0, 346.0, 174.0, 142.0]}], "attr": {"has_empty_label": false}, "image": {"path": "numpy_2023-06-21T16-19-41.747734.jpg", "size": [720, 1280]}}, {"id": "numpy_2023-06-21T15-40-36.378983", "annotations": [{"id": 0, "type": "bbox", "attributes": {}, "group": 0, "label_id": 0, "z_order": 0, "bbox": [529.0, 354.0, 199.0, 139.0]}], "attr": {"has_empty_label": false}, "image": {"path": "numpy_2023-06-21T15-40-36.378983.jpg", "size": [720, 1280]}}, {"id": "numpy_2023-06-21T15-38-21.472497", "annotations": [{"id": 0, "type": "bbox", "attributes": {}, "group": 0, "label_id": 0, "z_order": 0, "bbox": [528.0, 348.0, 189.0, 146.0]}], "attr": {"has_empty_label": false}, "image": {"path": "numpy_2023-06-21T15-38-21.472497.jpg", "size": [720, 1280]}}, {"id": "numpy_2023-06-21T15-37-38.282439", "annotations": [{"id": 0, "type": "bbox", "attributes": {}, "group": 0, "label_id": 0, "z_order": 0, "bbox": [533.0, 350.0, 182.0, 140.0]}], "attr": {"has_empty_label": false}, "image": {"path": "numpy_2023-06-21T15-37-38.282439.jpg", "size": [720, 1280]}}, {"id": "numpy_2023-06-21T15-18-18.953673", "annotations": [{"id": 0, "type": "bbox", "attributes": {}, "group": 0, "label_id": 0, "z_order": 0, "bbox": [523.0, 342.0, 193.0, 146.0]}], "attr": {"has_empty_label": false}, "image": {"path": "numpy_2023-06-21T15-18-18.953673.jpg", "size": [720, 1280]}}, {"id": "numpy_2023-06-21T15-18-17.132232", "annotations": [{"id": 0, "type": "bbox", "attributes": {}, "group": 0, "label_id": 0, "z_order": 0, "bbox": [524.0, 342.0, 196.0, 141.0]}], "attr": {"has_empty_label": false}, "image": {"path": "numpy_2023-06-21T15-18-17.132232.jpg", "size": [720, 1280]}}, {"id": "numpy_2023-06-21T14-53-36.725694", "annotations": [{"id": 0, "type": "bbox", "attributes": {}, "group": 0, "label_id": 0, "z_order": 0, "bbox": [523.0, 342.0, 187.0, 143.0]}, {"id": 0, "type": "bbox", "attributes": {}, "group": 0, "label_id": 1, "z_order": 0, "bbox": [679.0, 340.0, 303.0, 270.0]}, {"id": 0, "type": "bbox", "attributes": {}, "group": 0, "label_id": 1, "z_order": 0, "bbox": [325.0, 317.0, 204.0, 338.0]}], "attr": {"has_empty_label": false}, "image": {"path": "numpy_2023-06-21T14-53-36.725694.jpg", "size": [720, 1280]}}, {"id": "numpy_2023-06-21T14-53-13.608299", "annotations": [{"id": 0, "type": "bbox", "attributes": {}, "group": 0, "label_id": 0, "z_order": 0, "bbox": [521.0, 341.0, 194.0, 148.0]}, {"id": 0, "type": "bbox", "attributes": {}, "group": 0, "label_id": 1, "z_order": 0, "bbox": [703.0, 342.0, 262.0, 283.0]}, {"id": 0, "type": "bbox", "attributes": {}, "group": 0, "label_id": 1, "z_order": 0, "bbox": [321.0, 348.0, 197.0, 293.0]}], "attr": {"has_empty_label": false}, "image": {"path": "numpy_2023-06-21T14-53-13.608299.jpg", "size": [720, 1280]}}, {"id": "numpy_2023-06-21T14-52-42.848876", "annotations": [{"id": 0, "type": "bbox", "attributes": {}, "group": 0, "label_id": 1, "z_order": 0, "bbox": [671.0, 333.0, 289.0, 273.0]}, {"id": 0, "type": "bbox", "attributes": {}, "group": 0, "label_id": 1, "z_order": 0, "bbox": [332.0, 312.0, 193.0, 342.0]}, {"id": 0, "type": "bbox", "attributes": {}, "group": 0, "label_id": 0, "z_order": 0, "bbox": [520.0, 340.0, 190.0, 138.0]}], "attr": {"has_empty_label": false}, "image": {"path": "numpy_2023-06-21T14-52-42.848876.jpg", "size": [720, 1280]}}, {"id": "numpy_2023-06-21T14-45-36.172864", "annotations": [{"id": 0, "type": "bbox", "attributes": {}, "group": 0, "label_id": 0, "z_order": 0, "bbox": [550.0, 331.0, 194.0, 159.0]}, {"id": 0, "type": "bbox", "attributes": {}, "group": 0, "label_id": 1, "z_order": 0, "bbox": [434.0, 290.0, 125.0, 348.0]}], "attr": {"has_empty_label": false}, "image": {"path": "numpy_2023-06-21T14-45-36.172864.jpg", "size": [720, 1280]}}, {"id": "numpy_2023-06-21T14-51-33.713034", "annotations": [{"id": 0, "type": "bbox", "attributes": {}, "group": 0, "label_id": 1, "z_order": 0, "bbox": [694.0, 360.0, 145.0, 168.0]}, {"id": 0, "type": "bbox", "attributes": {}, "group": 0, "label_id": 1, "z_order": 0, "bbox": [358.0, 299.0, 158.0, 365.0]}, {"id": 0, "type": "bbox", "attributes": {}, "group": 0, "label_id": 0, "z_order": 0, "bbox": [527.0, 337.0, 188.0, 155.0]}], "attr": {"has_empty_label": false}, "image": {"path": "numpy_2023-06-21T14-51-33.713034.jpg", "size": [720, 1280]}}, {"id": "numpy_2023-06-21T14-41-19.540508", "annotations": [{"id": 0, "type": "bbox", "attributes": {}, "group": 0, "label_id": 0, "z_order": 0, "bbox": [525.0, 336.0, 190.0, 158.0]}], "attr": {"has_empty_label": false}, "image": {"path": "numpy_2023-06-21T14-41-19.540508.jpg", "size": [720, 1280]}}, {"id": "numpy_2023-06-21T10-23-55.397810", "annotations": [], "attr": {"has_empty_label": false}, "image": {"path": "numpy_2023-06-21T10-23-55.397810.jpg", "size": [720, 1280]}}, {"id": "numpy_2023-06-21T14-27-01.628163", "annotations": [], "attr": {"has_empty_label": false}, "image": {"path": "numpy_2023-06-21T14-27-01.628163.jpg", "size": [720, 1280]}}, {"id": "numpy_2023-06-21T14-41-15.448899", "annotations": [], "attr": {"has_empty_label": false}, "image": {"path": "numpy_2023-06-21T14-41-15.448899.jpg", "size": [720, 1280]}}, {"id": "numpy_2023-06-21T10-02-07.795883", "annotations": [], "attr": {"has_empty_label": false}, "image": {"path": "numpy_2023-06-21T10-02-07.795883.jpg", "size": [720, 1280]}}, {"id": "numpy_2023-06-21T10-02-06.920808", "annotations": [], "attr": {"has_empty_label": false}, "image": {"path": "numpy_2023-06-21T10-02-06.920808.jpg", "size": [720, 1280]}}, {"id": "numpy_2023-06-21T10-02-05.508278", "annotations": [], "attr": {"has_empty_label": false}, "image": {"path": "numpy_2023-06-21T10-02-05.508278.jpg", "size": [720, 1280]}}, {"id": "numpy_2023-06-21T10-02-04.559500", "annotations": [], "attr": {"has_empty_label": false}, "image": {"path": "numpy_2023-06-21T10-02-04.559500.jpg", "size": [720, 1280]}}, {"id": "numpy_2023-06-21T10-02-06.316459", "annotations": [], "attr": {"has_empty_label": false}, "image": {"path": "numpy_2023-06-21T10-02-06.316459.jpg", "size": [720, 1280]}}, {"id": "numpy_2023-06-21T10-02-03.853556", "annotations": [], "attr": {"has_empty_label": false}, "image": {"path": "numpy_2023-06-21T10-02-03.853556.jpg", "size": [720, 1280]}}, {"id": "numpy_2023-06-21T10-02-03.212245", "annotations": [], "attr": {"has_empty_label": false}, "image": {"path": "numpy_2023-06-21T10-02-03.212245.jpg", "size": [720, 1280]}}, {"id": "numpy_2023-06-21T10-02-01.989139", "annotations": [], "attr": {"has_empty_label": false}, "image": {"path": "numpy_2023-06-21T10-02-01.989139.jpg", "size": [720, 1280]}}, {"id": "numpy_2023-06-21T10-02-01.429998", "annotations": [], "attr": {"has_empty_label": false}, "image": {"path": "numpy_2023-06-21T10-02-01.429998.jpg", "size": [720, 1280]}}, {"id": "numpy_2023-06-21T10-02-02.560758", "annotations": [], "attr": {"has_empty_label": false}, "image": {"path": "numpy_2023-06-21T10-02-02.560758.jpg", "size": [720, 1280]}}, {"id": "numpy_2023-06-21T10-02-00.790090", "annotations": [], "attr": {"has_empty_label": false}, "image": {"path": "numpy_2023-06-21T10-02-00.790090.jpg", "size": [720, 1280]}}, {"id": "numpy_2023-06-21T10-02-00.207599", "annotations": [], "attr": {"has_empty_label": false}, "image": {"path": "numpy_2023-06-21T10-02-00.207599.jpg", "size": [720, 1280]}}, {"id": "numpy_2023-06-21T10-01-59.030958", "annotations": [], "attr": {"has_empty_label": false}, "image": {"path": "numpy_2023-06-21T10-01-59.030958.jpg", "size": [720, 1280]}}, {"id": "numpy_2023-06-21T10-01-59.604688", "annotations": [], "attr": {"has_empty_label": false}, "image": {"path": "numpy_2023-06-21T10-01-59.604688.jpg", "size": [720, 1280]}}, {"id": "numpy_2023-06-21T10-01-58.463580", "annotations": [], "attr": {"has_empty_label": false}, "image": {"path": "numpy_2023-06-21T10-01-58.463580.jpg", "size": [720, 1280]}}, {"id": "numpy_2023-06-21T10-01-57.836609", "annotations": [], "attr": {"has_empty_label": false}, "image": {"path": "numpy_2023-06-21T10-01-57.836609.jpg", "size": [720, 1280]}}, {"id": "numpy_2023-06-21T10-01-57.203223", "annotations": [], "attr": {"has_empty_label": false}, "image": {"path": "numpy_2023-06-21T10-01-57.203223.jpg", "size": [720, 1280]}}, {"id": "numpy_2023-06-21T10-01-25.429332", "annotations": [], "attr": {"has_empty_label": false}, "image": {"path": "numpy_2023-06-21T10-01-25.429332.jpg", "size": [720, 1280]}}, {"id": "numpy_2023-06-21T10-01-21.117187", "annotations": [], "attr": {"has_empty_label": false}, "image": {"path": "numpy_2023-06-21T10-01-21.117187.jpg", "size": [720, 1280]}}, {"id": "numpy_2023-06-21T10-01-22.275704", "annotations": [], "attr": {"has_empty_label": false}, "image": {"path": "numpy_2023-06-21T10-01-22.275704.jpg", "size": [720, 1280]}}, {"id": "numpy_2023-06-21T10-01-23.549374", "annotations": [], "attr": {"has_empty_label": false}, "image": {"path": "numpy_2023-06-21T10-01-23.549374.jpg", "size": [720, 1280]}}, {"id": "numpy_2023-06-21T10-01-20.221091", "annotations": [], "attr": {"has_empty_label": false}, "image": {"path": "numpy_2023-06-21T10-01-20.221091.jpg", "size": [720, 1280]}}, {"id": "numpy_2023-06-21T10-01-19.502200", "annotations": [], "attr": {"has_empty_label": false}, "image": {"path": "numpy_2023-06-21T10-01-19.502200.jpg", "size": [720, 1280]}}, {"id": "numpy_2023-06-21T10-01-18.662957", "annotations": [], "attr": {"has_empty_label": false}, "image": {"path": "numpy_2023-06-21T10-01-18.662957.jpg", "size": [720, 1280]}}, {"id": "numpy_2023-06-21T10-01-17.190222", "annotations": [], "attr": {"has_empty_label": false}, "image": {"path": "numpy_2023-06-21T10-01-17.190222.jpg", "size": [720, 1280]}}, {"id": "numpy_2023-06-21T10-01-17.886579", "annotations": [], "attr": {"has_empty_label": false}, "image": {"path": "numpy_2023-06-21T10-01-17.886579.jpg", "size": [720, 1280]}}, {"id": "numpy_2023-06-21T10-01-16.411491", "annotations": [{"id": 0, "type": "bbox", "attributes": {}, "group": 0, "label_id": 0, "z_order": 0, "bbox": [554.0, 332.0, 193.0, 206.0]}, {"id": 0, "type": "bbox", "attributes": {}, "group": 0, "label_id": 1, "z_order": 0, "bbox": [355.0, 371.0, 202.0, 335.0]}], "attr": {"has_empty_label": false}, "image": {"path": "numpy_2023-06-21T10-01-16.411491.jpg", "size": [720, 1280]}}, {"id": "numpy_2023-06-21T10-01-15.728604", "annotations": [], "attr": {"has_empty_label": false}, "image": {"path": "numpy_2023-06-21T10-01-15.728604.jpg", "size": [720, 1280]}}, {"id": "numpy_2023-06-21T10-01-13.748840", "annotations": [], "attr": {"has_empty_label": false}, "image": {"path": "numpy_2023-06-21T10-01-13.748840.jpg", "size": [720, 1280]}}, {"id": "numpy_2023-06-21T10-01-14.547071", "annotations": [], "attr": {"has_empty_label": false}, "image": {"path": "numpy_2023-06-21T10-01-14.547071.jpg", "size": [720, 1280]}}, {"id": "numpy_2023-06-21T10-01-12.825843", "annotations": [], "attr": {"has_empty_label": false}, "image": {"path": "numpy_2023-06-21T10-01-12.825843.jpg", "size": [720, 1280]}}, {"id": "numpy_2023-06-21T10-01-11.694517", "annotations": [], "attr": {"has_empty_label": false}, "image": {"path": "numpy_2023-06-21T10-01-11.694517.jpg", "size": [720, 1280]}}, {"id": "numpy_2023-06-21T09-54-40.499662", "annotations": [], "attr": {"has_empty_label": false}, "image": {"path": "numpy_2023-06-21T09-54-40.499662.jpg", "size": [720, 1280]}}, {"id": "numpy_2023-06-21T09-54-39.497593", "annotations": [], "attr": {"has_empty_label": false}, "image": {"path": "numpy_2023-06-21T09-54-39.497593.jpg", "size": [720, 1280]}}, {"id": "numpy_2023-06-21T09-54-38.666928", "annotations": [], "attr": {"has_empty_label": false}, "image": {"path": "numpy_2023-06-21T09-54-38.666928.jpg", "size": [720, 1280]}}, {"id": "numpy_2023-06-21T09-54-37.334785", "annotations": [], "attr": {"has_empty_label": false}, "image": {"path": "numpy_2023-06-21T09-54-37.334785.jpg", "size": [720, 1280]}}]}