{"dm_format_version": "1.0", "media_type": 2, "infos": {"ScExtractorVersion": "1.0", "GetiProjectTask": "classification", "GetiTaskTypeLabels": [["classification", ["bird", "seed low", "seed ok"]]]}, "categories": {"label": {"labels": [{"name": "bird", "parent": "", "attributes": []}, {"name": "seed low", "parent": "", "attributes": []}, {"name": "seed ok", "parent": "", "attributes": []}], "label_groups": [{"name": "Classification labels___bird", "group_type": "exclusive", "labels": ["bird"]}, {"name": "Classification labels___seed low", "group_type": "exclusive", "labels": ["seed low"]}, {"name": "Classification labels___seed ok", "group_type": "exclusive", "labels": ["seed ok"]}], "attributes": []}, "mask": {"colormap": [{"label_id": 0, "r": 215, "g": 188, "b": 94}, {"label_id": 1, "r": 241, "g": 91, "b": 133}, {"label_id": 2, "r": 98, "g": 214, "b": 94}]}}, "items": [{"id": "numpy_2023-06-21T17-48-37.649434", "annotations": [{"id": 0, "type": "label", "attributes": {}, "group": 0, "label_id": 0}, {"id": 0, "type": "label", "attributes": {}, "group": 0, "label_id": 1}], "attr": {"has_empty_label": false}, "image": {"path": "numpy_2023-06-21T17-48-37.649434.jpg", "size": [720, 1280]}}, {"id": "numpy_2023-06-21T17-48-38.422879", "annotations": [{"id": 0, "type": "label", "attributes": {}, "group": 0, "label_id": 0}, {"id": 0, "type": "label", "attributes": {}, "group": 0, "label_id": 1}], "attr": {"has_empty_label": false}, "image": {"path": "numpy_2023-06-21T17-48-38.422879.jpg", "size": [720, 1280]}}, {"id": "numpy_2023-06-21T17-48-35.505699", "annotations": [{"id": 0, "type": "label", "attributes": {}, "group": 0, "label_id": 0}, {"id": 0, "type": "label", "attributes": {}, "group": 0, "label_id": 1}], "attr": {"has_empty_label": false}, "image": {"path": "numpy_2023-06-21T17-48-35.505699.jpg", "size": [720, 1280]}}, {"id": "numpy_2023-06-21T17-48-34.108500", "annotations": [{"id": 0, "type": "label", "attributes": {}, "group": 0, "label_id": 0}, {"id": 0, "type": "label", "attributes": {}, "group": 0, "label_id": 1}], "attr": {"has_empty_label": false}, "image": {"path": "numpy_2023-06-21T17-48-34.108500.jpg", "size": [720, 1280]}}, {"id": "numpy_2023-06-21T17-48-34.798417", "annotations": [{"id": 0, "type": "label", "attributes": {}, "group": 0, "label_id": 0}, {"id": 0, "type": "label", "attributes": {}, "group": 0, "label_id": 1}], "attr": {"has_empty_label": false}, "image": {"path": "numpy_2023-06-21T17-48-34.798417.jpg", "size": [720, 1280]}}, {"id": "numpy_2023-06-21T17-48-36.373173", "annotations": [{"id": 0, "type": "label", "attributes": {}, "group": 0, "label_id": 0}, {"id": 0, "type": "label", "attributes": {}, "group": 0, "label_id": 1}], "attr": {"has_empty_label": false}, "image": {"path": "numpy_2023-06-21T17-48-36.373173.jpg", "size": [720, 1280]}}, {"id": "numpy_2023-06-21T17-48-36.971418", "annotations": [{"id": 0, "type": "label", "attributes": {}, "group": 0, "label_id": 0}, {"id": 0, "type": "label", "attributes": {}, "group": 0, "label_id": 1}], "attr": {"has_empty_label": false}, "image": {"path": "numpy_2023-06-21T17-48-36.971418.jpg", "size": [720, 1280]}}, {"id": "numpy_2023-06-21T17-46-07.151160", "annotations": [{"id": 0, "type": "label", "attributes": {}, "group": 0, "label_id": 0}, {"id": 0, "type": "label", "attributes": {}, "group": 0, "label_id": 1}], "attr": {"has_empty_label": false}, "image": {"path": "numpy_2023-06-21T17-46-07.151160.jpg", "size": [720, 1280]}}, {"id": "numpy_2023-06-21T17-46-08.872069", "annotations": [{"id": 0, "type": "label", "attributes": {}, "group": 0, "label_id": 0}, {"id": 0, "type": "label", "attributes": {}, "group": 0, "label_id": 1}], "attr": {"has_empty_label": false}, "image": {"path": "numpy_2023-06-21T17-46-08.872069.jpg", "size": [720, 1280]}}, {"id": "numpy_2023-06-21T17-46-08.295049", "annotations": [{"id": 0, "type": "label", "attributes": {}, "group": 0, "label_id": 0}, {"id": 0, "type": "label", "attributes": {}, "group": 0, "label_id": 1}], "attr": {"has_empty_label": false}, "image": {"path": "numpy_2023-06-21T17-46-08.295049.jpg", "size": [720, 1280]}}, {"id": "numpy_2023-06-21T17-46-07.668084", "annotations": [{"id": 0, "type": "label", "attributes": {}, "group": 0, "label_id": 0}, {"id": 0, "type": "label", "attributes": {}, "group": 0, "label_id": 1}], "attr": {"has_empty_label": false}, "image": {"path": "numpy_2023-06-21T17-46-07.668084.jpg", "size": [720, 1280]}}, {"id": "numpy_2023-06-21T17-46-06.582363", "annotations": [{"id": 0, "type": "label", "attributes": {}, "group": 0, "label_id": 0}, {"id": 0, "type": "label", "attributes": {}, "group": 0, "label_id": 1}], "attr": {"has_empty_label": false}, "image": {"path": "numpy_2023-06-21T17-46-06.582363.jpg", "size": [720, 1280]}}, {"id": "numpy_2023-06-21T17-46-05.685722", "annotations": [{"id": 0, "type": "label", "attributes": {}, "group": 0, "label_id": 0}, {"id": 0, "type": "label", "attributes": {}, "group": 0, "label_id": 1}], "attr": {"has_empty_label": false}, "image": {"path": "numpy_2023-06-21T17-46-05.685722.jpg", "size": [720, 1280]}}, {"id": "numpy_2023-06-21T17-46-05.258403", "annotations": [{"id": 0, "type": "label", "attributes": {}, "group": 0, "label_id": 0}, {"id": 0, "type": "label", "attributes": {}, "group": 0, "label_id": 1}], "attr": {"has_empty_label": false}, "image": {"path": "numpy_2023-06-21T17-46-05.258403.jpg", "size": [720, 1280]}}, {"id": "numpy_2023-06-21T17-46-04.637192", "annotations": [{"id": 0, "type": "label", "attributes": {}, "group": 0, "label_id": 0}, {"id": 0, "type": "label", "attributes": {}, "group": 0, "label_id": 1}], "attr": {"has_empty_label": false}, "image": {"path": "numpy_2023-06-21T17-46-04.637192.jpg", "size": [720, 1280]}}, {"id": "numpy_2023-06-21T17-46-04.145402", "annotations": [{"id": 0, "type": "label", "attributes": {}, "group": 0, "label_id": 0}, {"id": 0, "type": "label", "attributes": {}, "group": 0, "label_id": 1}], "attr": {"has_empty_label": false}, "image": {"path": "numpy_2023-06-21T17-46-04.145402.jpg", "size": [720, 1280]}}, {"id": "numpy_2023-06-21T17-46-06.260702", "annotations": [{"id": 0, "type": "label", "attributes": {}, "group": 0, "label_id": 0}, {"id": 0, "type": "label", "attributes": {}, "group": 0, "label_id": 1}], "attr": {"has_empty_label": false}, "image": {"path": "numpy_2023-06-21T17-46-06.260702.jpg", "size": [720, 1280]}}, {"id": "numpy_2023-06-21T17-45-26.592420", "annotations": [{"id": 0, "type": "label", "attributes": {}, "group": 0, "label_id": 0}, {"id": 0, "type": "label", "attributes": {}, "group": 0, "label_id": 1}], "attr": {"has_empty_label": false}, "image": {"path": "numpy_2023-06-21T17-45-26.592420.jpg", "size": [720, 1280]}}, {"id": "numpy_2023-06-21T17-46-02.306078", "annotations": [{"id": 0, "type": "label", "attributes": {}, "group": 0, "label_id": 0}, {"id": 0, "type": "label", "attributes": {}, "group": 0, "label_id": 1}], "attr": {"has_empty_label": false}, "image": {"path": "numpy_2023-06-21T17-46-02.306078.jpg", "size": [720, 1280]}}, {"id": "numpy_2023-06-21T17-45-25.991779", "annotations": [{"id": 0, "type": "label", "attributes": {}, "group": 0, "label_id": 0}, {"id": 0, "type": "label", "attributes": {}, "group": 0, "label_id": 1}], "attr": {"has_empty_label": false}, "image": {"path": "numpy_2023-06-21T17-45-25.991779.jpg", "size": [720, 1280]}}, {"id": "numpy_2023-06-21T17-46-02.863219", "annotations": [{"id": 0, "type": "label", "attributes": {}, "group": 0, "label_id": 0}, {"id": 0, "type": "label", "attributes": {}, "group": 0, "label_id": 1}], "attr": {"has_empty_label": false}, "image": {"path": "numpy_2023-06-21T17-46-02.863219.jpg", "size": [720, 1280]}}, {"id": "numpy_2023-06-21T17-46-03.528666", "annotations": [{"id": 0, "type": "label", "attributes": {}, "group": 0, "label_id": 0}, {"id": 0, "type": "label", "attributes": {}, "group": 0, "label_id": 1}], "attr": {"has_empty_label": false}, "image": {"path": "numpy_2023-06-21T17-46-03.528666.jpg", "size": [720, 1280]}}, {"id": "numpy_2023-06-21T17-45-23.558753", "annotations": [{"id": 0, "type": "label", "attributes": {}, "group": 0, "label_id": 0}, {"id": 0, "type": "label", "attributes": {}, "group": 0, "label_id": 1}], "attr": {"has_empty_label": false}, "image": {"path": "numpy_2023-06-21T17-45-23.558753.jpg", "size": [720, 1280]}}, {"id": "numpy_2023-06-21T17-45-22.782209", "annotations": [{"id": 0, "type": "label", "attributes": {}, "group": 0, "label_id": 0}, {"id": 0, "type": "label", "attributes": {}, "group": 0, "label_id": 1}], "attr": {"has_empty_label": false}, "image": {"path": "numpy_2023-06-21T17-45-22.782209.jpg", "size": [720, 1280]}}, {"id": "numpy_2023-06-21T17-45-25.434367", "annotations": [{"id": 0, "type": "label", "attributes": {}, "group": 0, "label_id": 0}, {"id": 0, "type": "label", "attributes": {}, "group": 0, "label_id": 1}], "attr": {"has_empty_label": false}, "image": {"path": "numpy_2023-06-21T17-45-25.434367.jpg", "size": [720, 1280]}}, {"id": "numpy_2023-06-21T17-45-24.230939", "annotations": [{"id": 0, "type": "label", "attributes": {}, "group": 0, "label_id": 0}, {"id": 0, "type": "label", "attributes": {}, "group": 0, "label_id": 1}], "attr": {"has_empty_label": false}, "image": {"path": "numpy_2023-06-21T17-45-24.230939.jpg", "size": [720, 1280]}}, {"id": "numpy_2023-06-21T17-45-24.752509", "annotations": [{"id": 0, "type": "label", "attributes": {}, "group": 0, "label_id": 0}, {"id": 0, "type": "label", "attributes": {}, "group": 0, "label_id": 1}], "attr": {"has_empty_label": false}, "image": {"path": "numpy_2023-06-21T17-45-24.752509.jpg", "size": [720, 1280]}}, {"id": "numpy_2023-06-21T17-45-18.936618", "annotations": [{"id": 0, "type": "label", "attributes": {}, "group": 0, "label_id": 0}, {"id": 0, "type": "label", "attributes": {}, "group": 0, "label_id": 1}], "attr": {"has_empty_label": false}, "image": {"path": "numpy_2023-06-21T17-45-18.936618.jpg", "size": [720, 1280]}}, {"id": "numpy_2023-06-21T17-45-22.207193", "annotations": [{"id": 0, "type": "label", "attributes": {}, "group": 0, "label_id": 0}, {"id": 0, "type": "label", "attributes": {}, "group": 0, "label_id": 1}], "attr": {"has_empty_label": false}, "image": {"path": "numpy_2023-06-21T17-45-22.207193.jpg", "size": [720, 1280]}}, {"id": "numpy_2023-06-21T17-45-20.839835", "annotations": [{"id": 0, "type": "label", "attributes": {}, "group": 0, "label_id": 0}, {"id": 0, "type": "label", "attributes": {}, "group": 0, "label_id": 1}], "attr": {"has_empty_label": false}, "image": {"path": "numpy_2023-06-21T17-45-20.839835.jpg", "size": [720, 1280]}}, {"id": "numpy_2023-06-21T17-45-21.517451", "annotations": [{"id": 0, "type": "label", "attributes": {}, "group": 0, "label_id": 0}, {"id": 0, "type": "label", "attributes": {}, "group": 0, "label_id": 1}], "attr": {"has_empty_label": false}, "image": {"path": "numpy_2023-06-21T17-45-21.517451.jpg", "size": [720, 1280]}}, {"id": "numpy_2023-06-21T17-45-19.999450", "annotations": [{"id": 0, "type": "label", "attributes": {}, "group": 0, "label_id": 0}, {"id": 0, "type": "label", "attributes": {}, "group": 0, "label_id": 1}], "attr": {"has_empty_label": false}, "image": {"path": "numpy_2023-06-21T17-45-19.999450.jpg", "size": [720, 1280]}}, {"id": "numpy_2023-06-21T17-10-31.625048", "annotations": [{"id": 0, "type": "label", "attributes": {}, "group": 0, "label_id": 1}], "attr": {"has_empty_label": false}, "image": {"path": "numpy_2023-06-21T17-10-31.625048.jpg", "size": [720, 1280]}}, {"id": "numpy_2023-06-21T17-10-32.149789", "annotations": [{"id": 0, "type": "label", "attributes": {}, "group": 0, "label_id": 1}], "attr": {"has_empty_label": false}, "image": {"path": "numpy_2023-06-21T17-10-32.149789.jpg", "size": [720, 1280]}}, {"id": "numpy_2023-06-21T17-10-29.783371", "annotations": [{"id": 0, "type": "label", "attributes": {}, "group": 0, "label_id": 1}], "attr": {"has_empty_label": false}, "image": {"path": "numpy_2023-06-21T17-10-29.783371.jpg", "size": [720, 1280]}}, {"id": "numpy_2023-06-21T17-10-31.127116", "annotations": [{"id": 0, "type": "label", "attributes": {}, "group": 0, "label_id": 1}], "attr": {"has_empty_label": false}, "image": {"path": "numpy_2023-06-21T17-10-31.127116.jpg", "size": [720, 1280]}}, {"id": "numpy_2023-06-21T17-10-30.302655", "annotations": [{"id": 0, "type": "label", "attributes": {}, "group": 0, "label_id": 1}], "attr": {"has_empty_label": false}, "image": {"path": "numpy_2023-06-21T17-10-30.302655.jpg", "size": [720, 1280]}}, {"id": "numpy_2023-06-21T17-10-22.070065", "annotations": [{"id": 0, "type": "label", "attributes": {}, "group": 0, "label_id": 1}], "attr": {"has_empty_label": false}, "image": {"path": "numpy_2023-06-21T17-10-22.070065.jpg", "size": [720, 1280]}}, {"id": "numpy_2023-06-21T17-10-21.438395", "annotations": [{"id": 0, "type": "label", "attributes": {}, "group": 0, "label_id": 1}], "attr": {"has_empty_label": false}, "image": {"path": "numpy_2023-06-21T17-10-21.438395.jpg", "size": [720, 1280]}}, {"id": "numpy_2023-06-21T17-10-23.183888", "annotations": [{"id": 0, "type": "label", "attributes": {}, "group": 0, "label_id": 1}], "attr": {"has_empty_label": false}, "image": {"path": "numpy_2023-06-21T17-10-23.183888.jpg", "size": [720, 1280]}}, {"id": "numpy_2023-06-21T17-10-22.731894", "annotations": [{"id": 0, "type": "label", "attributes": {}, "group": 0, "label_id": 1}], "attr": {"has_empty_label": false}, "image": {"path": "numpy_2023-06-21T17-10-22.731894.jpg", "size": [720, 1280]}}, {"id": "numpy_2023-06-21T17-10-20.918201", "annotations": [{"id": 0, "type": "label", "attributes": {}, "group": 0, "label_id": 1}], "attr": {"has_empty_label": false}, "image": {"path": "numpy_2023-06-21T17-10-20.918201.jpg", "size": [720, 1280]}}, {"id": "numpy_2023-06-21T17-10-20.257064", "annotations": [{"id": 0, "type": "label", "attributes": {}, "group": 0, "label_id": 1}], "attr": {"has_empty_label": false}, "image": {"path": "numpy_2023-06-21T17-10-20.257064.jpg", "size": [720, 1280]}}, {"id": "numpy_2023-06-21T17-10-18.335679", "annotations": [{"id": 0, "type": "label", "attributes": {}, "group": 0, "label_id": 1}], "attr": {"has_empty_label": false}, "image": {"path": "numpy_2023-06-21T17-10-18.335679.jpg", "size": [720, 1280]}}, {"id": "numpy_2023-06-21T17-10-17.690945", "annotations": [{"id": 0, "type": "label", "attributes": {}, "group": 0, "label_id": 1}], "attr": {"has_empty_label": false}, "image": {"path": "numpy_2023-06-21T17-10-17.690945.jpg", "size": [720, 1280]}}, {"id": "numpy_2023-06-21T17-10-19.643216", "annotations": [{"id": 0, "type": "label", "attributes": {}, "group": 0, "label_id": 1}], "attr": {"has_empty_label": false}, "image": {"path": "numpy_2023-06-21T17-10-19.643216.jpg", "size": [720, 1280]}}, {"id": "numpy_2023-06-21T17-10-19.044036", "annotations": [{"id": 0, "type": "label", "attributes": {}, "group": 0, "label_id": 1}], "attr": {"has_empty_label": false}, "image": {"path": "numpy_2023-06-21T17-10-19.044036.jpg", "size": [720, 1280]}}, {"id": "numpy_2023-06-21T17-09-04.615754", "annotations": [{"id": 0, "type": "label", "attributes": {}, "group": 0, "label_id": 0}, {"id": 0, "type": "label", "attributes": {}, "group": 0, "label_id": 1}], "attr": {"has_empty_label": false}, "image": {"path": "numpy_2023-06-21T17-09-04.615754.jpg", "size": [720, 1280]}}, {"id": "numpy_2023-06-21T17-08-56.009878", "annotations": [{"id": 0, "type": "label", "attributes": {}, "group": 0, "label_id": 0}, {"id": 0, "type": "label", "attributes": {}, "group": 0, "label_id": 1}], "attr": {"has_empty_label": false}, "image": {"path": "numpy_2023-06-21T17-08-56.009878.jpg", "size": [720, 1280]}}, {"id": "numpy_2023-06-21T17-08-56.595928", "annotations": [{"id": 0, "type": "label", "attributes": {}, "group": 0, "label_id": 0}, {"id": 0, "type": "label", "attributes": {}, "group": 0, "label_id": 1}], "attr": {"has_empty_label": false}, "image": {"path": "numpy_2023-06-21T17-08-56.595928.jpg", "size": [720, 1280]}}, {"id": "numpy_2023-06-21T17-08-57.172916", "annotations": [{"id": 0, "type": "label", "attributes": {}, "group": 0, "label_id": 0}, {"id": 0, "type": "label", "attributes": {}, "group": 0, "label_id": 1}], "attr": {"has_empty_label": false}, "image": {"path": "numpy_2023-06-21T17-08-57.172916.jpg", "size": [720, 1280]}}, {"id": "numpy_2023-06-21T16-47-09.953930", "annotations": [{"id": 0, "type": "label", "attributes": {}, "group": 0, "label_id": 0}, {"id": 0, "type": "label", "attributes": {}, "group": 0, "label_id": 2}], "attr": {"has_empty_label": false}, "image": {"path": "numpy_2023-06-21T16-47-09.953930.jpg", "size": [720, 1280]}}, {"id": "numpy_2023-06-21T16-47-08.946559", "annotations": [{"id": 0, "type": "label", "attributes": {}, "group": 0, "label_id": 0}, {"id": 0, "type": "label", "attributes": {}, "group": 0, "label_id": 2}], "attr": {"has_empty_label": false}, "image": {"path": "numpy_2023-06-21T16-47-08.946559.jpg", "size": [720, 1280]}}, {"id": "numpy_2023-06-21T16-19-41.134854", "annotations": [{"id": 0, "type": "label", "attributes": {}, "group": 0, "label_id": 0}, {"id": 0, "type": "label", "attributes": {}, "group": 0, "label_id": 2}], "attr": {"has_empty_label": false}, "image": {"path": "numpy_2023-06-21T16-19-41.134854.jpg", "size": [720, 1280]}}, {"id": "numpy_2023-06-21T16-19-39.946852", "annotations": [{"id": 0, "type": "label", "attributes": {}, "group": 0, "label_id": 0}, {"id": 0, "type": "label", "attributes": {}, "group": 0, "label_id": 2}], "attr": {"has_empty_label": false}, "image": {"path": "numpy_2023-06-21T16-19-39.946852.jpg", "size": [720, 1280]}}, {"id": "numpy_2023-06-21T16-19-39.309117", "annotations": [{"id": 0, "type": "label", "attributes": {}, "group": 0, "label_id": 0}, {"id": 0, "type": "label", "attributes": {}, "group": 0, "label_id": 2}], "attr": {"has_empty_label": false}, "image": {"path": "numpy_2023-06-21T16-19-39.309117.jpg", "size": [720, 1280]}}, {"id": "numpy_2023-06-21T16-19-36.097782", "annotations": [{"id": 0, "type": "label", "attributes": {}, "group": 0, "label_id": 0}, {"id": 0, "type": "label", "attributes": {}, "group": 0, "label_id": 2}], "attr": {"has_empty_label": false}, "image": {"path": "numpy_2023-06-21T16-19-36.097782.jpg", "size": [720, 1280]}}, {"id": "numpy_2023-06-21T16-19-34.781073", "annotations": [{"id": 0, "type": "label", "attributes": {}, "group": 0, "label_id": 0}, {"id": 0, "type": "label", "attributes": {}, "group": 0, "label_id": 2}], "attr": {"has_empty_label": false}, "image": {"path": "numpy_2023-06-21T16-19-34.781073.jpg", "size": [720, 1280]}}, {"id": "numpy_2023-06-21T16-19-32.592821", "annotations": [{"id": 0, "type": "label", "attributes": {}, "group": 0, "label_id": 0}, {"id": 0, "type": "label", "attributes": {}, "group": 0, "label_id": 2}], "attr": {"has_empty_label": false}, "image": {"path": "numpy_2023-06-21T16-19-32.592821.jpg", "size": [720, 1280]}}, {"id": "numpy_2023-06-21T16-19-28.165195", "annotations": [{"id": 0, "type": "label", "attributes": {}, "group": 0, "label_id": 0}, {"id": 0, "type": "label", "attributes": {}, "group": 0, "label_id": 2}], "attr": {"has_empty_label": false}, "image": {"path": "numpy_2023-06-21T16-19-28.165195.jpg", "size": [720, 1280]}}, {"id": "numpy_2023-06-21T16-14-42.039723", "annotations": [{"id": 0, "type": "label", "attributes": {}, "group": 0, "label_id": 2}], "attr": {"has_empty_label": false}, "image": {"path": "numpy_2023-06-21T16-14-42.039723.jpg", "size": [720, 1280]}}, {"id": "numpy_2023-06-21T16-14-40.443102", "annotations": [{"id": 0, "type": "label", "attributes": {}, "group": 0, "label_id": 2}], "attr": {"has_empty_label": false}, "image": {"path": "numpy_2023-06-21T16-14-40.443102.jpg", "size": [720, 1280]}}, {"id": "numpy_2023-06-21T16-14-39.655514", "annotations": [{"id": 0, "type": "label", "attributes": {}, "group": 0, "label_id": 2}], "attr": {"has_empty_label": false}, "image": {"path": "numpy_2023-06-21T16-14-39.655514.jpg", "size": [720, 1280]}}, {"id": "numpy_2023-06-21T16-07-10.557233", "annotations": [{"id": 0, "type": "label", "attributes": {}, "group": 0, "label_id": 2}], "attr": {"has_empty_label": false}, "image": {"path": "numpy_2023-06-21T16-07-10.557233.jpg", "size": [720, 1280]}}, {"id": "numpy_2023-06-21T16-07-09.615280", "annotations": [{"id": 0, "type": "label", "attributes": {}, "group": 0, "label_id": 2}], "attr": {"has_empty_label": false}, "image": {"path": "numpy_2023-06-21T16-07-09.615280.jpg", "size": [720, 1280]}}, {"id": "numpy_2023-06-21T15-37-46.457879", "annotations": [{"id": 0, "type": "label", "attributes": {}, "group": 0, "label_id": 2}], "attr": {"has_empty_label": false}, "image": {"path": "numpy_2023-06-21T15-37-46.457879.jpg", "size": [720, 1280]}}, {"id": "numpy_2023-06-21T15-27-56.602876", "annotations": [{"id": 0, "type": "label", "attributes": {}, "group": 0, "label_id": 2}], "attr": {"has_empty_label": false}, "image": {"path": "numpy_2023-06-21T15-27-56.602876.jpg", "size": [720, 1280]}}, {"id": "numpy_2023-06-21T15-27-56.136070", "annotations": [{"id": 0, "type": "label", "attributes": {}, "group": 0, "label_id": 2}], "attr": {"has_empty_label": false}, "image": {"path": "numpy_2023-06-21T15-27-56.136070.jpg", "size": [720, 1280]}}, {"id": "numpy_2023-06-21T15-27-55.438434", "annotations": [{"id": 0, "type": "label", "attributes": {}, "group": 0, "label_id": 2}], "attr": {"has_empty_label": false}, "image": {"path": "numpy_2023-06-21T15-27-55.438434.jpg", "size": [720, 1280]}}, {"id": "numpy_2023-06-21T15-20-39.441019", "annotations": [{"id": 0, "type": "label", "attributes": {}, "group": 0, "label_id": 2}], "attr": {"has_empty_label": false}, "image": {"path": "numpy_2023-06-21T15-20-39.441019.jpg", "size": [720, 1280]}}, {"id": "numpy_2023-06-21T15-18-19.710944", "annotations": [{"id": 0, "type": "label", "attributes": {}, "group": 0, "label_id": 2}], "attr": {"has_empty_label": false}, "image": {"path": "numpy_2023-06-21T15-18-19.710944.jpg", "size": [720, 1280]}}, {"id": "numpy_2023-06-21T15-18-17.827977", "annotations": [{"id": 0, "type": "label", "attributes": {}, "group": 0, "label_id": 2}], "attr": {"has_empty_label": false}, "image": {"path": "numpy_2023-06-21T15-18-17.827977.jpg", "size": [720, 1280]}}, {"id": "numpy_2023-06-21T15-09-06.526650", "annotations": [{"id": 0, "type": "label", "attributes": {}, "group": 0, "label_id": 2}], "attr": {"has_empty_label": false}, "image": {"path": "numpy_2023-06-21T15-09-06.526650.jpg", "size": [720, 1280]}}, {"id": "numpy_2023-06-21T15-09-05.355347", "annotations": [{"id": 0, "type": "label", "attributes": {}, "group": 0, "label_id": 2}], "attr": {"has_empty_label": false}, "image": {"path": "numpy_2023-06-21T15-09-05.355347.jpg", "size": [720, 1280]}}, {"id": "numpy_2023-06-21T15-09-04.284180", "annotations": [{"id": 0, "type": "label", "attributes": {}, "group": 0, "label_id": 2}], "attr": {"has_empty_label": false}, "image": {"path": "numpy_2023-06-21T15-09-04.284180.jpg", "size": [720, 1280]}}, {"id": "numpy_2023-06-21T15-09-03.569588", "annotations": [{"id": 0, "type": "label", "attributes": {}, "group": 0, "label_id": 2}], "attr": {"has_empty_label": false}, "image": {"path": "numpy_2023-06-21T15-09-03.569588.jpg", "size": [720, 1280]}}, {"id": "numpy_2023-06-21T15-09-02.799379", "annotations": [{"id": 0, "type": "label", "attributes": {}, "group": 0, "label_id": 2}], "attr": {"has_empty_label": false}, "image": {"path": "numpy_2023-06-21T15-09-02.799379.jpg", "size": [720, 1280]}}, {"id": "numpy_2023-06-21T15-03-16.478303", "annotations": [{"id": 0, "type": "label", "attributes": {}, "group": 0, "label_id": 2}], "attr": {"has_empty_label": false}, "image": {"path": "numpy_2023-06-21T15-03-16.478303.jpg", "size": [720, 1280]}}, {"id": "numpy_2023-06-21T15-03-13.739602", "annotations": [{"id": 0, "type": "label", "attributes": {}, "group": 0, "label_id": 2}], "attr": {"has_empty_label": false}, "image": {"path": "numpy_2023-06-21T15-03-13.739602.jpg", "size": [720, 1280]}}, {"id": "numpy_2023-06-21T15-03-06.761270", "annotations": [{"id": 0, "type": "label", "attributes": {}, "group": 0, "label_id": 2}], "attr": {"has_empty_label": false}, "image": {"path": "numpy_2023-06-21T15-03-06.761270.jpg", "size": [720, 1280]}}, {"id": "numpy_2023-06-21T14-59-20.816295", "annotations": [{"id": 0, "type": "label", "attributes": {}, "group": 0, "label_id": 0}, {"id": 0, "type": "label", "attributes": {}, "group": 0, "label_id": 2}], "attr": {"has_empty_label": false}, "image": {"path": "numpy_2023-06-21T14-59-20.816295.jpg", "size": [720, 1280]}}, {"id": "numpy_2023-06-21T14-59-23.736673", "annotations": [{"id": 0, "type": "label", "attributes": {}, "group": 0, "label_id": 0}, {"id": 0, "type": "label", "attributes": {}, "group": 0, "label_id": 2}], "attr": {"has_empty_label": false}, "image": {"path": "numpy_2023-06-21T14-59-23.736673.jpg", "size": [720, 1280]}}, {"id": "numpy_2023-06-21T14-59-04.875838", "annotations": [{"id": 0, "type": "label", "attributes": {}, "group": 0, "label_id": 0}, {"id": 0, "type": "label", "attributes": {}, "group": 0, "label_id": 2}], "attr": {"has_empty_label": false}, "image": {"path": "numpy_2023-06-21T14-59-04.875838.jpg", "size": [720, 1280]}}, {"id": "numpy_2023-06-21T14-53-34.526121", "annotations": [{"id": 0, "type": "label", "attributes": {}, "group": 0, "label_id": 0}, {"id": 0, "type": "label", "attributes": {}, "group": 0, "label_id": 2}], "attr": {"has_empty_label": false}, "image": {"path": "numpy_2023-06-21T14-53-34.526121.jpg", "size": [720, 1280]}}, {"id": "numpy_2023-06-21T14-53-24.197146", "annotations": [{"id": 0, "type": "label", "attributes": {}, "group": 0, "label_id": 0}, {"id": 0, "type": "label", "attributes": {}, "group": 0, "label_id": 2}], "attr": {"has_empty_label": false}, "image": {"path": "numpy_2023-06-21T14-53-24.197146.jpg", "size": [720, 1280]}}, {"id": "numpy_2023-06-21T14-53-18.573394", "annotations": [{"id": 0, "type": "label", "attributes": {}, "group": 0, "label_id": 0}, {"id": 0, "type": "label", "attributes": {}, "group": 0, "label_id": 2}], "attr": {"has_empty_label": false}, "image": {"path": "numpy_2023-06-21T14-53-18.573394.jpg", "size": [720, 1280]}}, {"id": "numpy_2023-06-21T14-53-13.608299", "annotations": [{"id": 0, "type": "label", "attributes": {}, "group": 0, "label_id": 0}, {"id": 0, "type": "label", "attributes": {}, "group": 0, "label_id": 2}], "attr": {"has_empty_label": false}, "image": {"path": "numpy_2023-06-21T14-53-13.608299.jpg", "size": [720, 1280]}}, {"id": "numpy_2023-06-21T14-53-09.550429", "annotations": [{"id": 0, "type": "label", "attributes": {}, "group": 0, "label_id": 0}, {"id": 0, "type": "label", "attributes": {}, "group": 0, "label_id": 2}], "attr": {"has_empty_label": false}, "image": {"path": "numpy_2023-06-21T14-53-09.550429.jpg", "size": [720, 1280]}}, {"id": "numpy_2023-06-21T14-53-06.304137", "annotations": [{"id": 0, "type": "label", "attributes": {}, "group": 0, "label_id": 0}, {"id": 0, "type": "label", "attributes": {}, "group": 0, "label_id": 2}], "attr": {"has_empty_label": false}, "image": {"path": "numpy_2023-06-21T14-53-06.304137.jpg", "size": [720, 1280]}}, {"id": "numpy_2023-06-21T14-51-38.862544", "annotations": [{"id": 0, "type": "label", "attributes": {}, "group": 0, "label_id": 0}, {"id": 0, "type": "label", "attributes": {}, "group": 0, "label_id": 2}], "attr": {"has_empty_label": false}, "image": {"path": "numpy_2023-06-21T14-51-38.862544.jpg", "size": [720, 1280]}}, {"id": "numpy_2023-06-21T14-51-45.215517", "annotations": [{"id": 0, "type": "label", "attributes": {}, "group": 0, "label_id": 0}, {"id": 0, "type": "label", "attributes": {}, "group": 0, "label_id": 2}], "attr": {"has_empty_label": false}, "image": {"path": "numpy_2023-06-21T14-51-45.215517.jpg", "size": [720, 1280]}}, {"id": "numpy_2023-06-21T14-45-36.172864", "annotations": [{"id": 0, "type": "label", "attributes": {}, "group": 0, "label_id": 0}, {"id": 0, "type": "label", "attributes": {}, "group": 0, "label_id": 2}], "attr": {"has_empty_label": false}, "image": {"path": "numpy_2023-06-21T14-45-36.172864.jpg", "size": [720, 1280]}}, {"id": "numpy_2023-06-21T14-45-33.342627", "annotations": [{"id": 0, "type": "label", "attributes": {}, "group": 0, "label_id": 0}, {"id": 0, "type": "label", "attributes": {}, "group": 0, "label_id": 2}], "attr": {"has_empty_label": false}, "image": {"path": "numpy_2023-06-21T14-45-33.342627.jpg", "size": [720, 1280]}}, {"id": "numpy_2023-06-21T14-45-31.363039", "annotations": [{"id": 0, "type": "label", "attributes": {}, "group": 0, "label_id": 0}, {"id": 0, "type": "label", "attributes": {}, "group": 0, "label_id": 2}], "attr": {"has_empty_label": false}, "image": {"path": "numpy_2023-06-21T14-45-31.363039.jpg", "size": [720, 1280]}}, {"id": "numpy_2023-06-21T14-45-26.466709", "annotations": [{"id": 0, "type": "label", "attributes": {}, "group": 0, "label_id": 0}, {"id": 0, "type": "label", "attributes": {}, "group": 0, "label_id": 2}], "attr": {"has_empty_label": false}, "image": {"path": "numpy_2023-06-21T14-45-26.466709.jpg", "size": [720, 1280]}}, {"id": "numpy_2023-06-21T14-45-30.534316", "annotations": [{"id": 0, "type": "label", "attributes": {}, "group": 0, "label_id": 0}, {"id": 0, "type": "label", "attributes": {}, "group": 0, "label_id": 2}], "attr": {"has_empty_label": false}, "image": {"path": "numpy_2023-06-21T14-45-30.534316.jpg", "size": [720, 1280]}}, {"id": "numpy_2023-06-21T14-41-19.540508", "annotations": [{"id": 0, "type": "label", "attributes": {}, "group": 0, "label_id": 2}], "attr": {"has_empty_label": false}, "image": {"path": "numpy_2023-06-21T14-41-19.540508.jpg", "size": [720, 1280]}}, {"id": "numpy_2023-06-21T14-45-23.332713", "annotations": [{"id": 0, "type": "label", "attributes": {}, "group": 0, "label_id": 0}, {"id": 0, "type": "label", "attributes": {}, "group": 0, "label_id": 2}], "attr": {"has_empty_label": false}, "image": {"path": "numpy_2023-06-21T14-45-23.332713.jpg", "size": [720, 1280]}}, {"id": "numpy_2023-06-21T14-41-16.488259", "annotations": [{"id": 0, "type": "label", "attributes": {}, "group": 0, "label_id": 2}], "attr": {"has_empty_label": false}, "image": {"path": "numpy_2023-06-21T14-41-16.488259.jpg", "size": [720, 1280]}}, {"id": "numpy_2023-06-21T14-41-17.894425", "annotations": [{"id": 0, "type": "label", "attributes": {}, "group": 0, "label_id": 2}], "attr": {"has_empty_label": false}, "image": {"path": "numpy_2023-06-21T14-41-17.894425.jpg", "size": [720, 1280]}}, {"id": "numpy_2023-06-21T10-02-07.795883", "annotations": [{"id": 0, "type": "label", "attributes": {}, "group": 0, "label_id": 0}, {"id": 0, "type": "label", "attributes": {}, "group": 0, "label_id": 2}], "attr": {"has_empty_label": false}, "image": {"path": "numpy_2023-06-21T10-02-07.795883.jpg", "size": [720, 1280]}}, {"id": "numpy_2023-06-21T14-26-58.951116", "annotations": [{"id": 0, "type": "label", "attributes": {}, "group": 0, "label_id": 2}], "attr": {"has_empty_label": false}, "image": {"path": "numpy_2023-06-21T14-26-58.951116.jpg", "size": [720, 1280]}}, {"id": "numpy_2023-06-21T10-02-06.920808", "annotations": [{"id": 0, "type": "label", "attributes": {}, "group": 0, "label_id": 0}, {"id": 0, "type": "label", "attributes": {}, "group": 0, "label_id": 2}], "attr": {"has_empty_label": false}, "image": {"path": "numpy_2023-06-21T10-02-06.920808.jpg", "size": [720, 1280]}}, {"id": "numpy_2023-06-21T10-02-00.207599", "annotations": [{"id": 0, "type": "label", "attributes": {}, "group": 0, "label_id": 0}, {"id": 0, "type": "label", "attributes": {}, "group": 0, "label_id": 2}], "attr": {"has_empty_label": false}, "image": {"path": "numpy_2023-06-21T10-02-00.207599.jpg", "size": [720, 1280]}}, {"id": "numpy_2023-06-21T10-02-01.429998", "annotations": [{"id": 0, "type": "label", "attributes": {}, "group": 0, "label_id": 0}, {"id": 0, "type": "label", "attributes": {}, "group": 0, "label_id": 2}], "attr": {"has_empty_label": false}, "image": {"path": "numpy_2023-06-21T10-02-01.429998.jpg", "size": [720, 1280]}}, {"id": "numpy_2023-06-21T10-02-02.560758", "annotations": [{"id": 0, "type": "label", "attributes": {}, "group": 0, "label_id": 0}, {"id": 0, "type": "label", "attributes": {}, "group": 0, "label_id": 2}], "attr": {"has_empty_label": false}, "image": {"path": "numpy_2023-06-21T10-02-02.560758.jpg", "size": [720, 1280]}}, {"id": "numpy_2023-06-21T10-01-57.203223", "annotations": [{"id": 0, "type": "label", "attributes": {}, "group": 0, "label_id": 0}, {"id": 0, "type": "label", "attributes": {}, "group": 0, "label_id": 2}], "attr": {"has_empty_label": false}, "image": {"path": "numpy_2023-06-21T10-01-57.203223.jpg", "size": [720, 1280]}}, {"id": "numpy_2023-06-21T10-01-17.886579", "annotations": [{"id": 0, "type": "label", "attributes": {}, "group": 0, "label_id": 0}, {"id": 0, "type": "label", "attributes": {}, "group": 0, "label_id": 2}], "attr": {"has_empty_label": false}, "image": {"path": "numpy_2023-06-21T10-01-17.886579.jpg", "size": [720, 1280]}}, {"id": "numpy_2023-06-21T10-01-19.502200", "annotations": [{"id": 0, "type": "label", "attributes": {}, "group": 0, "label_id": 0}, {"id": 0, "type": "label", "attributes": {}, "group": 0, "label_id": 2}], "attr": {"has_empty_label": false}, "image": {"path": "numpy_2023-06-21T10-01-19.502200.jpg", "size": [720, 1280]}}, {"id": "numpy_2023-06-21T10-01-17.190222", "annotations": [{"id": 0, "type": "label", "attributes": {}, "group": 0, "label_id": 0}, {"id": 0, "type": "label", "attributes": {}, "group": 0, "label_id": 2}], "attr": {"has_empty_label": false}, "image": {"path": "numpy_2023-06-21T10-01-17.190222.jpg", "size": [720, 1280]}}, {"id": "numpy_2023-06-21T10-01-15.728604", "annotations": [{"id": 0, "type": "label", "attributes": {}, "group": 0, "label_id": 0}, {"id": 0, "type": "label", "attributes": {}, "group": 0, "label_id": 2}], "attr": {"has_empty_label": false}, "image": {"path": "numpy_2023-06-21T10-01-15.728604.jpg", "size": [720, 1280]}}, {"id": "numpy_2023-06-21T10-01-12.825843", "annotations": [{"id": 0, "type": "label", "attributes": {}, "group": 0, "label_id": 0}, {"id": 0, "type": "label", "attributes": {}, "group": 0, "label_id": 2}], "attr": {"has_empty_label": false}, "image": {"path": "numpy_2023-06-21T10-01-12.825843.jpg", "size": [720, 1280]}}, {"id": "numpy_2023-06-21T10-01-13.748840", "annotations": [{"id": 0, "type": "label", "attributes": {}, "group": 0, "label_id": 0}, {"id": 0, "type": "label", "attributes": {}, "group": 0, "label_id": 2}], "attr": {"has_empty_label": false}, "image": {"path": "numpy_2023-06-21T10-01-13.748840.jpg", "size": [720, 1280]}}, {"id": "numpy_2023-06-21T10-01-11.694517", "annotations": [{"id": 0, "type": "label", "attributes": {}, "group": 0, "label_id": 0}, {"id": 0, "type": "label", "attributes": {}, "group": 0, "label_id": 2}], "attr": {"has_empty_label": false}, "image": {"path": "numpy_2023-06-21T10-01-11.694517.jpg", "size": [720, 1280]}}, {"id": "numpy_2023-06-21T09-54-31.680387", "annotations": [{"id": 0, "type": "label", "attributes": {}, "group": 0, "label_id": 2}], "attr": {"has_empty_label": false}, "image": {"path": "numpy_2023-06-21T09-54-31.680387.jpg", "size": [720, 1280]}}, {"id": "numpy_2023-06-21T09-54-32.959558", "annotations": [{"id": 0, "type": "label", "attributes": {}, "group": 0, "label_id": 2}], "attr": {"has_empty_label": false}, "image": {"path": "numpy_2023-06-21T09-54-32.959558.jpg", "size": [720, 1280]}}, {"id": "numpy_2023-06-21T09-54-29.855485", "annotations": [{"id": 0, "type": "label", "attributes": {}, "group": 0, "label_id": 2}], "attr": {"has_empty_label": false}, "image": {"path": "numpy_2023-06-21T09-54-29.855485.jpg", "size": [720, 1280]}}]}