{"dm_format_version": "1.0", "media_type": 2, "infos": {"ScExtractorVersion": "1.0", "GetiProjectTask": "anomaly", "GetiAnomalyLabels": ["Anomalous"], "GetiTaskTypeLabels": [["anomaly", ["Normal", "Anomalous"]]]}, "categories": {"label": {"labels": [{"name": "Normal", "parent": "", "attributes": []}, {"name": "Anomalous", "parent": "", "attributes": []}], "label_groups": [{"name": "default - anomaly_classification", "group_type": "exclusive", "labels": ["Anomalous", "Normal"]}], "attributes": []}, "mask": {"colormap": [{"label_id": 0, "r": 139, "g": 174, "b": 70}, {"label_id": 1, "r": 255, "g": 86, "b": 98}]}}, "items": [{"id": "numpy_2023-06-21T15-03-20.985608", "annotations": [{"id": 0, "type": "label", "attributes": {}, "group": 0, "label_id": 0}], "attr": {"has_empty_label": false}, "image": {"path": "numpy_2023-06-21T15-03-20.985608.jpg", "size": [720, 1280]}}, {"id": "numpy_2023-06-21T15-03-16.478303", "annotations": [{"id": 0, "type": "label", "attributes": {}, "group": 0, "label_id": 0}], "attr": {"has_empty_label": false}, "image": {"path": "numpy_2023-06-21T15-03-16.478303.jpg", "size": [720, 1280]}}, {"id": "numpy_2023-06-21T15-03-13.739602", "annotations": [{"id": 0, "type": "label", "attributes": {}, "group": 0, "label_id": 0}], "attr": {"has_empty_label": false}, "image": {"path": "numpy_2023-06-21T15-03-13.739602.jpg", "size": [720, 1280]}}, {"id": "numpy_2023-06-21T15-03-08.304852", "annotations": [{"id": 0, "type": "label", "attributes": {}, "group": 0, "label_id": 0}], "attr": {"has_empty_label": false}, "image": {"path": "numpy_2023-06-21T15-03-08.304852.jpg", "size": [720, 1280]}}, {"id": "numpy_2023-06-21T15-03-07.340361", "annotations": [{"id": 0, "type": "label", "attributes": {}, "group": 0, "label_id": 0}], "attr": {"has_empty_label": false}, "image": {"path": "numpy_2023-06-21T15-03-07.340361.jpg", "size": [720, 1280]}}, {"id": "numpy_2023-06-21T15-03-19.334765", "annotations": [{"id": 0, "type": "label", "attributes": {}, "group": 0, "label_id": 0}], "attr": {"has_empty_label": false}, "image": {"path": "numpy_2023-06-21T15-03-19.334765.jpg", "size": [720, 1280]}}, {"id": "numpy_2023-06-21T15-03-14.596499", "annotations": [{"id": 0, "type": "label", "attributes": {}, "group": 0, "label_id": 0}], "attr": {"has_empty_label": false}, "image": {"path": "numpy_2023-06-21T15-03-14.596499.jpg", "size": [720, 1280]}}, {"id": "numpy_2023-06-21T15-03-07.794271", "annotations": [{"id": 0, "type": "label", "attributes": {}, "group": 0, "label_id": 0}], "attr": {"has_empty_label": false}, "image": {"path": "numpy_2023-06-21T15-03-07.794271.jpg", "size": [720, 1280]}}, {"id": "numpy_2023-06-21T15-03-05.579309", "annotations": [{"id": 0, "type": "label", "attributes": {}, "group": 0, "label_id": 0}], "attr": {"has_empty_label": false}, "image": {"path": "numpy_2023-06-21T15-03-05.579309.jpg", "size": [720, 1280]}}, {"id": "numpy_2023-06-21T15-03-05.031890", "annotations": [{"id": 0, "type": "label", "attributes": {}, "group": 0, "label_id": 0}], "attr": {"has_empty_label": false}, "image": {"path": "numpy_2023-06-21T15-03-05.031890.jpg", "size": [720, 1280]}}, {"id": "numpy_2023-06-21T15-03-03.902585", "annotations": [{"id": 0, "type": "label", "attributes": {}, "group": 0, "label_id": 0}], "attr": {"has_empty_label": false}, "image": {"path": "numpy_2023-06-21T15-03-03.902585.jpg", "size": [720, 1280]}}, {"id": "numpy_2023-06-21T15-03-00.145624", "annotations": [{"id": 0, "type": "label", "attributes": {}, "group": 0, "label_id": 0}], "attr": {"has_empty_label": false}, "image": {"path": "numpy_2023-06-21T15-03-00.145624.jpg", "size": [720, 1280]}}, {"id": "numpy_2023-06-21T15-03-20.123631", "annotations": [{"id": 0, "type": "label", "attributes": {}, "group": 0, "label_id": 0}], "attr": {"has_empty_label": false}, "image": {"path": "numpy_2023-06-21T15-03-20.123631.jpg", "size": [720, 1280]}}, {"id": "numpy_2023-06-21T15-03-15.569452", "annotations": [{"id": 0, "type": "label", "attributes": {}, "group": 0, "label_id": 0}], "attr": {"has_empty_label": false}, "image": {"path": "numpy_2023-06-21T15-03-15.569452.jpg", "size": [720, 1280]}}, {"id": "numpy_2023-06-21T15-03-12.973030", "annotations": [{"id": 0, "type": "label", "attributes": {}, "group": 0, "label_id": 0}], "attr": {"has_empty_label": false}, "image": {"path": "numpy_2023-06-21T15-03-12.973030.jpg", "size": [720, 1280]}}, {"id": "numpy_2023-06-21T15-03-06.761270", "annotations": [{"id": 0, "type": "label", "attributes": {}, "group": 0, "label_id": 0}], "attr": {"has_empty_label": false}, "image": {"path": "numpy_2023-06-21T15-03-06.761270.jpg", "size": [720, 1280]}}, {"id": "numpy_2023-06-21T15-03-06.124452", "annotations": [{"id": 0, "type": "label", "attributes": {}, "group": 0, "label_id": 0}], "attr": {"has_empty_label": false}, "image": {"path": "numpy_2023-06-21T15-03-06.124452.jpg", "size": [720, 1280]}}, {"id": "numpy_2023-06-21T15-03-04.520134", "annotations": [{"id": 0, "type": "label", "attributes": {}, "group": 0, "label_id": 0}], "attr": {"has_empty_label": false}, "image": {"path": "numpy_2023-06-21T15-03-04.520134.jpg", "size": [720, 1280]}}, {"id": "numpy_2023-06-21T15-03-00.928751", "annotations": [{"id": 0, "type": "label", "attributes": {}, "group": 0, "label_id": 0}], "attr": {"has_empty_label": false}, "image": {"path": "numpy_2023-06-21T15-03-00.928751.jpg", "size": [720, 1280]}}, {"id": "numpy_2023-06-21T14-45-30.534316", "annotations": [{"id": 0, "type": "label", "attributes": {}, "group": 0, "label_id": 1}], "attr": {"has_empty_label": false}, "image": {"path": "numpy_2023-06-21T14-45-30.534316.jpg", "size": [720, 1280]}}, {"id": "numpy_2023-06-21T14-45-31.363039", "annotations": [{"id": 0, "type": "label", "attributes": {}, "group": 0, "label_id": 1}], "attr": {"has_empty_label": false}, "image": {"path": "numpy_2023-06-21T14-45-31.363039.jpg", "size": [720, 1280]}}, {"id": "numpy_2023-06-21T14-45-24.796865", "annotations": [{"id": 0, "type": "label", "attributes": {}, "group": 0, "label_id": 1}], "attr": {"has_empty_label": false}, "image": {"path": "numpy_2023-06-21T14-45-24.796865.jpg", "size": [720, 1280]}}, {"id": "numpy_2023-06-21T14-45-29.583790", "annotations": [{"id": 0, "type": "label", "attributes": {}, "group": 0, "label_id": 1}], "attr": {"has_empty_label": false}, "image": {"path": "numpy_2023-06-21T14-45-29.583790.jpg", "size": [720, 1280]}}, {"id": "numpy_2023-06-21T10-02-03.212245", "annotations": [{"id": 0, "type": "label", "attributes": {}, "group": 0, "label_id": 1}], "attr": {"has_empty_label": false}, "image": {"path": "numpy_2023-06-21T10-02-03.212245.jpg", "size": [720, 1280]}}, {"id": "numpy_2023-06-21T10-02-06.316459", "annotations": [{"id": 0, "type": "label", "attributes": {}, "group": 0, "label_id": 1}], "attr": {"has_empty_label": false}, "image": {"path": "numpy_2023-06-21T10-02-06.316459.jpg", "size": [720, 1280]}}, {"id": "numpy_2023-06-21T10-02-01.429998", "annotations": [{"id": 0, "type": "label", "attributes": {}, "group": 0, "label_id": 1}], "attr": {"has_empty_label": false}, "image": {"path": "numpy_2023-06-21T10-02-01.429998.jpg", "size": [720, 1280]}}, {"id": "numpy_2023-06-21T10-02-01.989139", "annotations": [{"id": 0, "type": "label", "attributes": {}, "group": 0, "label_id": 1}], "attr": {"has_empty_label": false}, "image": {"path": "numpy_2023-06-21T10-02-01.989139.jpg", "size": [720, 1280]}}, {"id": "numpy_2023-06-21T14-45-26.466709", "annotations": [{"id": 0, "type": "label", "attributes": {}, "group": 0, "label_id": 1}], "attr": {"has_empty_label": false}, "image": {"path": "numpy_2023-06-21T14-45-26.466709.jpg", "size": [720, 1280]}}, {"id": "numpy_2023-06-21T14-41-19.540508", "annotations": [{"id": 0, "type": "label", "attributes": {}, "group": 0, "label_id": 0}], "attr": {"has_empty_label": false}, "image": {"path": "numpy_2023-06-21T14-41-19.540508.jpg", "size": [720, 1280]}}, {"id": "numpy_2023-06-21T14-41-17.894425", "annotations": [{"id": 0, "type": "label", "attributes": {}, "group": 0, "label_id": 0}], "attr": {"has_empty_label": false}, "image": {"path": "numpy_2023-06-21T14-41-17.894425.jpg", "size": [720, 1280]}}, {"id": "numpy_2023-06-21T14-41-16.488259", "annotations": [{"id": 0, "type": "label", "attributes": {}, "group": 0, "label_id": 0}], "attr": {"has_empty_label": false}, "image": {"path": "numpy_2023-06-21T14-41-16.488259.jpg", "size": [720, 1280]}}, {"id": "numpy_2023-06-21T14-27-01.628163", "annotations": [{"id": 0, "type": "label", "attributes": {}, "group": 0, "label_id": 0}], "attr": {"has_empty_label": false}, "image": {"path": "numpy_2023-06-21T14-27-01.628163.jpg", "size": [720, 1280]}}, {"id": "numpy_2023-06-21T14-26-58.951116", "annotations": [{"id": 0, "type": "label", "attributes": {}, "group": 0, "label_id": 0}], "attr": {"has_empty_label": false}, "image": {"path": "numpy_2023-06-21T14-26-58.951116.jpg", "size": [720, 1280]}}, {"id": "numpy_2023-06-21T10-02-06.920808", "annotations": [{"id": 0, "type": "label", "attributes": {}, "group": 0, "label_id": 1}], "attr": {"has_empty_label": false}, "image": {"path": "numpy_2023-06-21T10-02-06.920808.jpg", "size": [720, 1280]}}, {"id": "numpy_2023-06-21T14-41-15.448899", "annotations": [{"id": 0, "type": "label", "attributes": {}, "group": 0, "label_id": 0}], "attr": {"has_empty_label": false}, "image": {"path": "numpy_2023-06-21T14-41-15.448899.jpg", "size": [720, 1280]}}, {"id": "numpy_2023-06-21T10-23-55.397810", "annotations": [{"id": 0, "type": "label", "attributes": {}, "group": 0, "label_id": 0}], "attr": {"has_empty_label": false}, "image": {"path": "numpy_2023-06-21T10-23-55.397810.jpg", "size": [720, 1280]}}, {"id": "numpy_2023-06-21T10-02-03.853556", "annotations": [{"id": 0, "type": "label", "attributes": {}, "group": 0, "label_id": 1}], "attr": {"has_empty_label": false}, "image": {"path": "numpy_2023-06-21T10-02-03.853556.jpg", "size": [720, 1280]}}, {"id": "numpy_2023-06-21T10-02-04.559500", "annotations": [{"id": 0, "type": "label", "attributes": {}, "group": 0, "label_id": 1}], "attr": {"has_empty_label": false}, "image": {"path": "numpy_2023-06-21T10-02-04.559500.jpg", "size": [720, 1280]}}, {"id": "numpy_2023-06-21T10-02-00.207599", "annotations": [{"id": 0, "type": "label", "attributes": {}, "group": 0, "label_id": 1}], "attr": {"has_empty_label": false}, "image": {"path": "numpy_2023-06-21T10-02-00.207599.jpg", "size": [720, 1280]}}, {"id": "numpy_2023-06-21T10-01-57.836609", "annotations": [{"id": 0, "type": "label", "attributes": {}, "group": 0, "label_id": 1}], "attr": {"has_empty_label": false}, "image": {"path": "numpy_2023-06-21T10-01-57.836609.jpg", "size": [720, 1280]}}, {"id": "numpy_2023-06-21T10-01-20.221091", "annotations": [{"id": 0, "type": "label", "attributes": {}, "group": 0, "label_id": 1}], "attr": {"has_empty_label": false}, "image": {"path": "numpy_2023-06-21T10-01-20.221091.jpg", "size": [720, 1280]}}, {"id": "numpy_2023-06-21T10-01-25.429332", "annotations": [{"id": 0, "type": "label", "attributes": {}, "group": 0, "label_id": 1}], "attr": {"has_empty_label": false}, "image": {"path": "numpy_2023-06-21T10-01-25.429332.jpg", "size": [720, 1280]}}, {"id": "numpy_2023-06-21T10-01-58.463580", "annotations": [{"id": 0, "type": "label", "attributes": {}, "group": 0, "label_id": 1}], "attr": {"has_empty_label": false}, "image": {"path": "numpy_2023-06-21T10-01-58.463580.jpg", "size": [720, 1280]}}, {"id": "numpy_2023-06-21T10-01-57.203223", "annotations": [{"id": 0, "type": "label", "attributes": {}, "group": 0, "label_id": 1}], "attr": {"has_empty_label": false}, "image": {"path": "numpy_2023-06-21T10-01-57.203223.jpg", "size": [720, 1280]}}, {"id": "numpy_2023-06-21T10-01-22.275704", "annotations": [{"id": 0, "type": "label", "attributes": {}, "group": 0, "label_id": 1}], "attr": {"has_empty_label": false}, "image": {"path": "numpy_2023-06-21T10-01-22.275704.jpg", "size": [720, 1280]}}, {"id": "numpy_2023-06-21T10-01-19.502200", "annotations": [{"id": 0, "type": "label", "attributes": {}, "group": 0, "label_id": 1}], "attr": {"has_empty_label": false}, "image": {"path": "numpy_2023-06-21T10-01-19.502200.jpg", "size": [720, 1280]}}, {"id": "numpy_2023-06-21T10-02-05.508278", "annotations": [{"id": 0, "type": "label", "attributes": {}, "group": 0, "label_id": 1}], "attr": {"has_empty_label": false}, "image": {"path": "numpy_2023-06-21T10-02-05.508278.jpg", "size": [720, 1280]}}, {"id": "numpy_2023-06-21T10-02-00.790090", "annotations": [{"id": 0, "type": "label", "attributes": {}, "group": 0, "label_id": 1}], "attr": {"has_empty_label": false}, "image": {"path": "numpy_2023-06-21T10-02-00.790090.jpg", "size": [720, 1280]}}, {"id": "numpy_2023-06-21T10-02-02.560758", "annotations": [{"id": 0, "type": "label", "attributes": {}, "group": 0, "label_id": 1}], "attr": {"has_empty_label": false}, "image": {"path": "numpy_2023-06-21T10-02-02.560758.jpg", "size": [720, 1280]}}, {"id": "numpy_2023-06-21T10-01-59.030958", "annotations": [{"id": 0, "type": "label", "attributes": {}, "group": 0, "label_id": 1}], "attr": {"has_empty_label": false}, "image": {"path": "numpy_2023-06-21T10-01-59.030958.jpg", "size": [720, 1280]}}, {"id": "numpy_2023-06-21T10-01-59.604688", "annotations": [{"id": 0, "type": "label", "attributes": {}, "group": 0, "label_id": 1}], "attr": {"has_empty_label": false}, "image": {"path": "numpy_2023-06-21T10-01-59.604688.jpg", "size": [720, 1280]}}, {"id": "numpy_2023-06-21T10-01-21.117187", "annotations": [{"id": 0, "type": "label", "attributes": {}, "group": 0, "label_id": 1}], "attr": {"has_empty_label": false}, "image": {"path": "numpy_2023-06-21T10-01-21.117187.jpg", "size": [720, 1280]}}, {"id": "numpy_2023-06-21T10-01-23.549374", "annotations": [{"id": 0, "type": "label", "attributes": {}, "group": 0, "label_id": 1}], "attr": {"has_empty_label": false}, "image": {"path": "numpy_2023-06-21T10-01-23.549374.jpg", "size": [720, 1280]}}, {"id": "numpy_2023-06-21T10-01-17.190222", "annotations": [{"id": 0, "type": "label", "attributes": {}, "group": 0, "label_id": 1}], "attr": {"has_empty_label": false}, "image": {"path": "numpy_2023-06-21T10-01-17.190222.jpg", "size": [720, 1280]}}, {"id": "numpy_2023-06-21T10-01-16.411491", "annotations": [{"id": 0, "type": "label", "attributes": {}, "group": 0, "label_id": 1}], "attr": {"has_empty_label": false}, "image": {"path": "numpy_2023-06-21T10-01-16.411491.jpg", "size": [720, 1280]}}, {"id": "numpy_2023-06-21T10-01-15.728604", "annotations": [{"id": 0, "type": "label", "attributes": {}, "group": 0, "label_id": 1}], "attr": {"has_empty_label": false}, "image": {"path": "numpy_2023-06-21T10-01-15.728604.jpg", "size": [720, 1280]}}, {"id": "numpy_2023-06-21T10-01-12.825843", "annotations": [{"id": 0, "type": "label", "attributes": {}, "group": 0, "label_id": 1}], "attr": {"has_empty_label": false}, "image": {"path": "numpy_2023-06-21T10-01-12.825843.jpg", "size": [720, 1280]}}, {"id": "numpy_2023-06-21T09-54-36.114710", "annotations": [{"id": 0, "type": "label", "attributes": {}, "group": 0, "label_id": 0}], "attr": {"has_empty_label": false}, "image": {"path": "numpy_2023-06-21T09-54-36.114710.jpg", "size": [720, 1280]}}, {"id": "numpy_2023-06-21T09-54-29.855485", "annotations": [{"id": 0, "type": "label", "attributes": {}, "group": 0, "label_id": 0}], "attr": {"has_empty_label": false}, "image": {"path": "numpy_2023-06-21T09-54-29.855485.jpg", "size": [720, 1280]}}, {"id": "numpy_2023-06-21T09-54-34.925700", "annotations": [{"id": 0, "type": "label", "attributes": {}, "group": 0, "label_id": 0}], "attr": {"has_empty_label": false}, "image": {"path": "numpy_2023-06-21T09-54-34.925700.jpg", "size": [720, 1280]}}, {"id": "numpy_2023-06-21T09-54-32.959558", "annotations": [{"id": 0, "type": "label", "attributes": {}, "group": 0, "label_id": 0}], "attr": {"has_empty_label": false}, "image": {"path": "numpy_2023-06-21T09-54-32.959558.jpg", "size": [720, 1280]}}, {"id": "numpy_2023-06-21T10-01-18.662957", "annotations": [{"id": 0, "type": "label", "attributes": {}, "group": 0, "label_id": 1}], "attr": {"has_empty_label": false}, "image": {"path": "numpy_2023-06-21T10-01-18.662957.jpg", "size": [720, 1280]}}, {"id": "numpy_2023-06-21T10-01-11.694517", "annotations": [{"id": 0, "type": "label", "attributes": {}, "group": 0, "label_id": 1}], "attr": {"has_empty_label": false}, "image": {"path": "numpy_2023-06-21T10-01-11.694517.jpg", "size": [720, 1280]}}, {"id": "numpy_2023-06-21T09-54-38.666928", "annotations": [{"id": 0, "type": "label", "attributes": {}, "group": 0, "label_id": 0}], "attr": {"has_empty_label": false}, "image": {"path": "numpy_2023-06-21T09-54-38.666928.jpg", "size": [720, 1280]}}, {"id": "numpy_2023-06-21T09-54-37.334785", "annotations": [{"id": 0, "type": "label", "attributes": {}, "group": 0, "label_id": 0}], "attr": {"has_empty_label": false}, "image": {"path": "numpy_2023-06-21T09-54-37.334785.jpg", "size": [720, 1280]}}, {"id": "numpy_2023-06-21T09-54-31.680387", "annotations": [{"id": 0, "type": "label", "attributes": {}, "group": 0, "label_id": 0}], "attr": {"has_empty_label": false}, "image": {"path": "numpy_2023-06-21T09-54-31.680387.jpg", "size": [720, 1280]}}, {"id": "numpy_2023-06-21T09-54-33.986270", "annotations": [{"id": 0, "type": "label", "attributes": {}, "group": 0, "label_id": 0}], "attr": {"has_empty_label": false}, "image": {"path": "numpy_2023-06-21T09-54-33.986270.jpg", "size": [720, 1280]}}, {"id": "numpy_2023-06-21T10-01-17.886579", "annotations": [{"id": 0, "type": "label", "attributes": {}, "group": 0, "label_id": 1}], "attr": {"has_empty_label": false}, "image": {"path": "numpy_2023-06-21T10-01-17.886579.jpg", "size": [720, 1280]}}, {"id": "numpy_2023-06-21T10-01-14.547071", "annotations": [{"id": 0, "type": "label", "attributes": {}, "group": 0, "label_id": 1}], "attr": {"has_empty_label": false}, "image": {"path": "numpy_2023-06-21T10-01-14.547071.jpg", "size": [720, 1280]}}, {"id": "numpy_2023-06-21T10-01-13.748840", "annotations": [{"id": 0, "type": "label", "attributes": {}, "group": 0, "label_id": 1}], "attr": {"has_empty_label": false}, "image": {"path": "numpy_2023-06-21T10-01-13.748840.jpg", "size": [720, 1280]}}, {"id": "numpy_2023-06-21T09-54-39.497593", "annotations": [{"id": 0, "type": "label", "attributes": {}, "group": 0, "label_id": 0}], "attr": {"has_empty_label": false}, "image": {"path": "numpy_2023-06-21T09-54-39.497593.jpg", "size": [720, 1280]}}, {"id": "numpy_2023-06-21T09-54-40.499662", "annotations": [{"id": 0, "type": "label", "attributes": {}, "group": 0, "label_id": 0}], "attr": {"has_empty_label": false}, "image": {"path": "numpy_2023-06-21T09-54-40.499662.jpg", "size": [720, 1280]}}]}