{
    "annotations": [
        {
            "labels": [
                {
                    "probability": 1.0,
                    "name": "bird",
                    "color": "#dcdd00ff",
                    "source": {
                        "user_id": "dd725a2c-b183-4616-bcf3-0894843fb6a5"
                    }
                }
            ],
            "shape": {
                "points": [
                    {
                        "x": 753,
                        "y": 343
                    },
                    {
                        "x": 762,
                        "y": 346
                    },
                    {
                        "x": 782,
                        "y": 356
                    },
                    {
                        "x": 796,
                        "y": 360
                    },
                    {
                        "x": 808,
                        "y": 366
                    },
                    {
                        "x": 817,
                        "y": 373
                    },
                    {
                        "x": 834,
                        "y": 381
                    },
                    {
                        "x": 857,
                        "y": 402
                    },
                    {
                        "x": 877,
                        "y": 417
                    },
                    {
                        "x": 899,
                        "y": 442
                    },
                    {
                        "x": 908,
                        "y": 457
                    },
                    {
                        "x": 922,
                        "y": 467
                    },
                    {
                        "x": 931,
                        "y": 476
                    },
                    {
                        "x": 931,
                        "y": 479
                    },
                    {
                        "x": 929,
                        "y": 481
                    },
                    {
                        "x": 914,
                        "y": 481
                    },
                    {
                        "x": 911,
                        "y": 484
                    },
                    {
                        "x": 911,
                        "y": 487
                    },
                    {
                        "x": 928,
                        "y": 520
                    },
                    {
                        "x": 949,
                        "y": 546
                    },
                    {
                        "x": 960,
                        "y": 570
                    },
                    {
                        "x": 975,
                        "y": 593
                    },
                    {
                        "x": 977,
                        "y": 603
                    },
                    {
                        "x": 969,
                        "y": 605
                    },
                    {
                        "x": 957,
                        "y": 597
                    },
                    {
                        "x": 952,
                        "y": 584
                    },
                    {
                        "x": 946,
                        "y": 579
                    },
                    {
                        "x": 944,
                        "y": 572
                    },
                    {
                        "x": 933,
                        "y": 559
                    },
                    {
                        "x": 931,
                        "y": 554
                    },
                    {
                        "x": 926,
                        "y": 549
                    },
                    {
                        "x": 921,
                        "y": 539
                    },
                    {
                        "x": 914,
                        "y": 530
                    },
                    {
                        "x": 902,
                        "y": 519
                    },
                    {
                        "x": 897,
                        "y": 517
                    },
                    {
                        "x": 889,
                        "y": 510
                    },
                    {
                        "x": 867,
                        "y": 500
                    },
                    {
                        "x": 855,
                        "y": 498
                    },
                    {
                        "x": 849,
                        "y": 495
                    },
                    {
                        "x": 846,
                        "y": 495
                    },
                    {
                        "x": 839,
                        "y": 499
                    },
                    {
                        "x": 825,
                        "y": 499
                    },
                    {
                        "x": 790,
                        "y": 492
                    },
                    {
                        "x": 784,
                        "y": 488
                    },
                    {
                        "x": 784,
                        "y": 483
                    },
                    {
                        "x": 788,
                        "y": 478
                    },
                    {
                        "x": 773,
                        "y": 470
                    },
                    {
                        "x": 747,
                        "y": 445
                    },
                    {
                        "x": 740,
                        "y": 435
                    },
                    {
                        "x": 733,
                        "y": 419
                    },
                    {
                        "x": 726,
                        "y": 413
                    },
                    {
                        "x": 719,
                        "y": 411
                    },
                    {
                        "x": 709,
                        "y": 418
                    },
                    {
                        "x": 698,
                        "y": 420
                    },
                    {
                        "x": 687,
                        "y": 418
                    },
                    {
                        "x": 680,
                        "y": 414
                    },
                    {
                        "x": 674,
                        "y": 402
                    },
                    {
                        "x": 675,
                        "y": 382
                    },
                    {
                        "x": 677,
                        "y": 378
                    },
                    {
                        "x": 684,
                        "y": 372
                    },
                    {
                        "x": 686,
                        "y": 366
                    },
                    {
                        "x": 696,
                        "y": 356
                    },
                    {
                        "x": 729,
                        "y": 342
                    },
                    {
                        "x": 739,
                        "y": 341
                    }
                ],
                "type": "POLYGON"
            },
            "labels_to_revisit": []
        },
        {
            "labels": [
                {
                    "probability": 1.0,
                    "name": "bird",
                    "color": "#dcdd00ff",
                    "source": {
                        "user_id": "dd725a2c-b183-4616-bcf3-0894843fb6a5"
                    }
                }
            ],
            "shape": {
                "points": [
                    {
                        "x": 508,
                        "y": 321
                    },
                    {
                        "x": 522,
                        "y": 325
                    },
                    {
                        "x": 524,
                        "y": 331
                    },
                    {
                        "x": 524,
                        "y": 344
                    },
                    {
                        "x": 522,
                        "y": 356
                    },
                    {
                        "x": 515,
                        "y": 367
                    },
                    {
                        "x": 515,
                        "y": 423
                    },
                    {
                        "x": 512,
                        "y": 432
                    },
                    {
                        "x": 494,
                        "y": 457
                    },
                    {
                        "x": 468,
                        "y": 482
                    },
                    {
                        "x": 455,
                        "y": 490
                    },
                    {
                        "x": 441,
                        "y": 507
                    },
                    {
                        "x": 423,
                        "y": 507
                    },
                    {
                        "x": 404,
                        "y": 510
                    },
                    {
                        "x": 397,
                        "y": 513
                    },
                    {
                        "x": 387,
                        "y": 523
                    },
                    {
                        "x": 381,
                        "y": 535
                    },
                    {
                        "x": 380,
                        "y": 545
                    },
                    {
                        "x": 372,
                        "y": 575
                    },
                    {
                        "x": 371,
                        "y": 587
                    },
                    {
                        "x": 364,
                        "y": 620
                    },
                    {
                        "x": 361,
                        "y": 647
                    },
                    {
                        "x": 357,
                        "y": 650
                    },
                    {
                        "x": 348,
                        "y": 645
                    },
                    {
                        "x": 343,
                        "y": 644
                    },
                    {
                        "x": 339,
                        "y": 638
                    },
                    {
                        "x": 339,
                        "y": 631
                    },
                    {
                        "x": 343,
                        "y": 619
                    },
                    {
                        "x": 350,
                        "y": 581
                    },
                    {
                        "x": 355,
                        "y": 544
                    },
                    {
                        "x": 356,
                        "y": 520
                    },
                    {
                        "x": 355,
                        "y": 512
                    },
                    {
                        "x": 353,
                        "y": 509
                    },
                    {
                        "x": 347,
                        "y": 510
                    },
                    {
                        "x": 341,
                        "y": 514
                    },
                    {
                        "x": 333,
                        "y": 514
                    },
                    {
                        "x": 332,
                        "y": 507
                    },
                    {
                        "x": 348,
                        "y": 484
                    },
                    {
                        "x": 357,
                        "y": 462
                    },
                    {
                        "x": 363,
                        "y": 454
                    },
                    {
                        "x": 370,
                        "y": 440
                    },
                    {
                        "x": 405,
                        "y": 395
                    },
                    {
                        "x": 416,
                        "y": 383
                    },
                    {
                        "x": 434,
                        "y": 370
                    },
                    {
                        "x": 446,
                        "y": 358
                    },
                    {
                        "x": 458,
                        "y": 339
                    },
                    {
                        "x": 480,
                        "y": 323
                    },
                    {
                        "x": 487,
                        "y": 320
                    }
                ],
                "type": "POLYGON"
            },
            "labels_to_revisit": []
        },
        {
            "labels": [
                {
                    "probability": 1.0,
                    "name": "seed",
                    "color": "#00a5cfff",
                    "source": {
                        "user_id": "dd725a2c-b183-4616-bcf3-0894843fb6a5"
                    }
                }
            ],
            "shape": {
                "points": [
                    {
                        "x": 616,
                        "y": 346
                    },
                    {
                        "x": 623,
                        "y": 350
                    },
                    {
                        "x": 634,
                        "y": 353
                    },
                    {
                        "x": 643,
                        "y": 351
                    },
                    {
                        "x": 646,
                        "y": 356
                    },
                    {
                        "x": 652,
                        "y": 361
                    },
                    {
                        "x": 654,
                        "y": 359
                    },
                    {
                        "x": 654,
                        "y": 356
                    },
                    {
                        "x": 651,
                        "y": 353
                    },
                    {
                        "x": 651,
                        "y": 347
                    },
                    {
                        "x": 658,
                        "y": 346
                    },
                    {
                        "x": 668,
                        "y": 354
                    },
                    {
                        "x": 676,
                        "y": 356
                    },
                    {
                        "x": 678,
                        "y": 358
                    },
                    {
                        "x": 677,
                        "y": 366
                    },
                    {
                        "x": 671,
                        "y": 377
                    },
                    {
                        "x": 668,
                        "y": 387
                    },
                    {
                        "x": 662,
                        "y": 389
                    },
                    {
                        "x": 658,
                        "y": 384
                    },
                    {
                        "x": 656,
                        "y": 387
                    },
                    {
                        "x": 656,
                        "y": 400
                    },
                    {
                        "x": 660,
                        "y": 411
                    },
                    {
                        "x": 661,
                        "y": 426
                    },
                    {
                        "x": 657,
                        "y": 443
                    },
                    {
                        "x": 651,
                        "y": 456
                    },
                    {
                        "x": 652,
                        "y": 477
                    },
                    {
                        "x": 649,
                        "y": 481
                    },
                    {
                        "x": 611,
                        "y": 482
                    },
                    {
                        "x": 599,
                        "y": 481
                    },
                    {
                        "x": 586,
                        "y": 476
                    },
                    {
                        "x": 563,
                        "y": 475
                    },
                    {
                        "x": 554,
                        "y": 476
                    },
                    {
                        "x": 546,
                        "y": 481
                    },
                    {
                        "x": 535,
                        "y": 484
                    },
                    {
                        "x": 528,
                        "y": 482
                    },
                    {
                        "x": 525,
                        "y": 479
                    },
                    {
                        "x": 523,
                        "y": 473
                    },
                    {
                        "x": 523,
                        "y": 449
                    },
                    {
                        "x": 521,
                        "y": 442
                    },
                    {
                        "x": 520,
                        "y": 421
                    },
                    {
                        "x": 523,
                        "y": 412
                    },
                    {
                        "x": 524,
                        "y": 396
                    },
                    {
                        "x": 523,
                        "y": 371
                    },
                    {
                        "x": 528,
                        "y": 352
                    },
                    {
                        "x": 530,
                        "y": 350
                    },
                    {
                        "x": 541,
                        "y": 345
                    },
                    {
                        "x": 564,
                        "y": 346
                    },
                    {
                        "x": 570,
                        "y": 344
                    },
                    {
                        "x": 606,
                        "y": 344
                    }
                ],
                "type": "POLYGON"
            },
            "labels_to_revisit": []
        }
    ],
    "kind": "annotation",
    "labels_to_revisit_full_scene": [],
    "annotation_state_per_task": [
        {
            "task_id": "66fd384b0d101a6ee439044e",
            "state": "annotated"
        }
    ]
}