{
    "annotations": [
        {
            "labels": [
                {
                    "probability": 1.0,
                    "name": "seed",
                    "color": "#00a5cfff",
                    "source": {
                        "user_id": "dd725a2c-b183-4616-bcf3-0894843fb6a5"
                    }
                }
            ],
            "shape": {
                "points": [
                    {
                        "x": 690,
                        "y": 360
                    },
                    {
                        "x": 688,
                        "y": 361
                    },
                    {
                        "x": 670,
                        "y": 380
                    },
                    {
                        "x": 663,
                        "y": 413
                    },
                    {
                        "x": 690,
                        "y": 483
                    },
                    {
                        "x": 528,
                        "y": 482
                    },
                    {
                        "x": 527,
                        "y": 352
                    },
                    {
                        "x": 560,
                        "y": 349
                    },
                    {
                        "x": 700,
                        "y": 347
                    }
                ],
                "type": "POLYGON"
            },
            "labels_to_revisit": []
        }
    ],
    "kind": "annotation",
    "labels_to_revisit_full_scene": [],
    "annotation_state_per_task": [
        {
            "task_id": "66fd384b0d101a6ee439044e",
            "state": "annotated"
        }
    ]
}