{
    "annotations": [
        {
            "labels": [
                {
                    "probability": 1.0,
                    "name": "bird",
                    "color": "#dcdd00ff",
                    "source": {
                        "user_id": "dd725a2c-b183-4616-bcf3-0894843fb6a5"
                    }
                }
            ],
            "shape": {
                "points": [
                    {
                        "x": 797,
                        "y": 390
                    },
                    {
                        "x": 811,
                        "y": 394
                    },
                    {
                        "x": 824,
                        "y": 401
                    },
                    {
                        "x": 854,
                        "y": 426
                    },
                    {
                        "x": 877,
                        "y": 448
                    },
                    {
                        "x": 883,
                        "y": 457
                    },
                    {
                        "x": 902,
                        "y": 475
                    },
                    {
                        "x": 920,
                        "y": 497
                    },
                    {
                        "x": 927,
                        "y": 512
                    },
                    {
                        "x": 935,
                        "y": 520
                    },
                    {
                        "x": 942,
                        "y": 524
                    },
                    {
                        "x": 944,
                        "y": 528
                    },
                    {
                        "x": 945,
                        "y": 537
                    },
                    {
                        "x": 947,
                        "y": 540
                    },
                    {
                        "x": 949,
                        "y": 557
                    },
                    {
                        "x": 959,
                        "y": 576
                    },
                    {
                        "x": 968,
                        "y": 585
                    },
                    {
                        "x": 974,
                        "y": 593
                    },
                    {
                        "x": 974,
                        "y": 595
                    },
                    {
                        "x": 988,
                        "y": 609
                    },
                    {
                        "x": 997,
                        "y": 626
                    },
                    {
                        "x": 1002,
                        "y": 632
                    },
                    {
                        "x": 1003,
                        "y": 636
                    },
                    {
                        "x": 1009,
                        "y": 642
                    },
                    {
                        "x": 1010,
                        "y": 649
                    },
                    {
                        "x": 1003,
                        "y": 650
                    },
                    {
                        "x": 999,
                        "y": 648
                    },
                    {
                        "x": 998,
                        "y": 643
                    },
                    {
                        "x": 987,
                        "y": 636
                    },
                    {
                        "x": 987,
                        "y": 634
                    },
                    {
                        "x": 981,
                        "y": 628
                    },
                    {
                        "x": 980,
                        "y": 623
                    },
                    {
                        "x": 971,
                        "y": 617
                    },
                    {
                        "x": 970,
                        "y": 614
                    },
                    {
                        "x": 962,
                        "y": 607
                    },
                    {
                        "x": 961,
                        "y": 601
                    },
                    {
                        "x": 949,
                        "y": 589
                    },
                    {
                        "x": 931,
                        "y": 580
                    },
                    {
                        "x": 922,
                        "y": 572
                    },
                    {
                        "x": 909,
                        "y": 565
                    },
                    {
                        "x": 899,
                        "y": 557
                    },
                    {
                        "x": 891,
                        "y": 554
                    },
                    {
                        "x": 886,
                        "y": 554
                    },
                    {
                        "x": 877,
                        "y": 557
                    },
                    {
                        "x": 870,
                        "y": 556
                    },
                    {
                        "x": 859,
                        "y": 550
                    },
                    {
                        "x": 845,
                        "y": 550
                    },
                    {
                        "x": 822,
                        "y": 541
                    },
                    {
                        "x": 802,
                        "y": 538
                    },
                    {
                        "x": 798,
                        "y": 533
                    },
                    {
                        "x": 797,
                        "y": 523
                    },
                    {
                        "x": 794,
                        "y": 518
                    },
                    {
                        "x": 785,
                        "y": 512
                    },
                    {
                        "x": 771,
                        "y": 499
                    },
                    {
                        "x": 757,
                        "y": 480
                    },
                    {
                        "x": 745,
                        "y": 448
                    },
                    {
                        "x": 745,
                        "y": 437
                    },
                    {
                        "x": 747,
                        "y": 432
                    },
                    {
                        "x": 738,
                        "y": 414
                    },
                    {
                        "x": 739,
                        "y": 406
                    },
                    {
                        "x": 745,
                        "y": 401
                    },
                    {
                        "x": 763,
                        "y": 392
                    },
                    {
                        "x": 777,
                        "y": 391
                    },
                    {
                        "x": 781,
                        "y": 389
                    }
                ],
                "type": "POLYGON"
            },
            "labels_to_revisit": []
        },
        {
            "labels": [
                {
                    "probability": 1.0,
                    "name": "bird",
                    "color": "#dcdd00ff",
                    "source": {
                        "user_id": "dd725a2c-b183-4616-bcf3-0894843fb6a5"
                    }
                }
            ],
            "shape": {
                "points": [
                    {
                        "x": 514,
                        "y": 379
                    },
                    {
                        "x": 524,
                        "y": 387
                    },
                    {
                        "x": 526,
                        "y": 391
                    },
                    {
                        "x": 526,
                        "y": 400
                    },
                    {
                        "x": 520,
                        "y": 416
                    },
                    {
                        "x": 516,
                        "y": 458
                    },
                    {
                        "x": 506,
                        "y": 479
                    },
                    {
                        "x": 495,
                        "y": 495
                    },
                    {
                        "x": 492,
                        "y": 515
                    },
                    {
                        "x": 489,
                        "y": 519
                    },
                    {
                        "x": 478,
                        "y": 522
                    },
                    {
                        "x": 472,
                        "y": 528
                    },
                    {
                        "x": 473,
                        "y": 531
                    },
                    {
                        "x": 477,
                        "y": 531
                    },
                    {
                        "x": 479,
                        "y": 533
                    },
                    {
                        "x": 479,
                        "y": 537
                    },
                    {
                        "x": 464,
                        "y": 538
                    },
                    {
                        "x": 457,
                        "y": 544
                    },
                    {
                        "x": 444,
                        "y": 547
                    },
                    {
                        "x": 422,
                        "y": 556
                    },
                    {
                        "x": 408,
                        "y": 556
                    },
                    {
                        "x": 402,
                        "y": 560
                    },
                    {
                        "x": 394,
                        "y": 573
                    },
                    {
                        "x": 392,
                        "y": 581
                    },
                    {
                        "x": 391,
                        "y": 602
                    },
                    {
                        "x": 386,
                        "y": 642
                    },
                    {
                        "x": 387,
                        "y": 694
                    },
                    {
                        "x": 384,
                        "y": 698
                    },
                    {
                        "x": 367,
                        "y": 698
                    },
                    {
                        "x": 364,
                        "y": 690
                    },
                    {
                        "x": 364,
                        "y": 663
                    },
                    {
                        "x": 366,
                        "y": 655
                    },
                    {
                        "x": 366,
                        "y": 572
                    },
                    {
                        "x": 362,
                        "y": 560
                    },
                    {
                        "x": 358,
                        "y": 557
                    },
                    {
                        "x": 342,
                        "y": 562
                    },
                    {
                        "x": 334,
                        "y": 557
                    },
                    {
                        "x": 337,
                        "y": 549
                    },
                    {
                        "x": 341,
                        "y": 544
                    },
                    {
                        "x": 342,
                        "y": 536
                    },
                    {
                        "x": 352,
                        "y": 523
                    },
                    {
                        "x": 353,
                        "y": 513
                    },
                    {
                        "x": 360,
                        "y": 502
                    },
                    {
                        "x": 367,
                        "y": 486
                    },
                    {
                        "x": 387,
                        "y": 458
                    },
                    {
                        "x": 398,
                        "y": 438
                    },
                    {
                        "x": 409,
                        "y": 426
                    },
                    {
                        "x": 445,
                        "y": 397
                    },
                    {
                        "x": 455,
                        "y": 393
                    },
                    {
                        "x": 462,
                        "y": 386
                    },
                    {
                        "x": 476,
                        "y": 379
                    },
                    {
                        "x": 494,
                        "y": 375
                    }
                ],
                "type": "POLYGON"
            },
            "labels_to_revisit": []
        },
        {
            "labels": [
                {
                    "probability": 1.0,
                    "name": "seed",
                    "color": "#00a5cfff",
                    "source": {
                        "user_id": "dd725a2c-b183-4616-bcf3-0894843fb6a5"
                    }
                }
            ],
            "shape": {
                "points": [
                    {
                        "x": 649,
                        "y": 336
                    },
                    {
                        "x": 664,
                        "y": 336
                    },
                    {
                        "x": 668,
                        "y": 338
                    },
                    {
                        "x": 689,
                        "y": 336
                    },
                    {
                        "x": 705,
                        "y": 341
                    },
                    {
                        "x": 716,
                        "y": 351
                    },
                    {
                        "x": 718,
                        "y": 358
                    },
                    {
                        "x": 718,
                        "y": 379
                    },
                    {
                        "x": 715,
                        "y": 390
                    },
                    {
                        "x": 710,
                        "y": 393
                    },
                    {
                        "x": 699,
                        "y": 396
                    },
                    {
                        "x": 693,
                        "y": 402
                    },
                    {
                        "x": 674,
                        "y": 432
                    },
                    {
                        "x": 661,
                        "y": 444
                    },
                    {
                        "x": 654,
                        "y": 455
                    },
                    {
                        "x": 652,
                        "y": 461
                    },
                    {
                        "x": 664,
                        "y": 477
                    },
                    {
                        "x": 668,
                        "y": 477
                    },
                    {
                        "x": 674,
                        "y": 480
                    },
                    {
                        "x": 680,
                        "y": 492
                    },
                    {
                        "x": 681,
                        "y": 502
                    },
                    {
                        "x": 685,
                        "y": 516
                    },
                    {
                        "x": 685,
                        "y": 528
                    },
                    {
                        "x": 681,
                        "y": 534
                    },
                    {
                        "x": 676,
                        "y": 535
                    },
                    {
                        "x": 663,
                        "y": 532
                    },
                    {
                        "x": 644,
                        "y": 531
                    },
                    {
                        "x": 632,
                        "y": 528
                    },
                    {
                        "x": 610,
                        "y": 527
                    },
                    {
                        "x": 595,
                        "y": 523
                    },
                    {
                        "x": 573,
                        "y": 521
                    },
                    {
                        "x": 559,
                        "y": 521
                    },
                    {
                        "x": 541,
                        "y": 531
                    },
                    {
                        "x": 531,
                        "y": 531
                    },
                    {
                        "x": 528,
                        "y": 529
                    },
                    {
                        "x": 526,
                        "y": 521
                    },
                    {
                        "x": 526,
                        "y": 512
                    },
                    {
                        "x": 530,
                        "y": 482
                    },
                    {
                        "x": 529,
                        "y": 381
                    },
                    {
                        "x": 532,
                        "y": 356
                    },
                    {
                        "x": 535,
                        "y": 345
                    },
                    {
                        "x": 538,
                        "y": 341
                    },
                    {
                        "x": 547,
                        "y": 339
                    },
                    {
                        "x": 551,
                        "y": 340
                    },
                    {
                        "x": 564,
                        "y": 336
                    },
                    {
                        "x": 573,
                        "y": 335
                    },
                    {
                        "x": 619,
                        "y": 337
                    },
                    {
                        "x": 630,
                        "y": 333
                    },
                    {
                        "x": 639,
                        "y": 333
                    }
                ],
                "type": "POLYGON"
            },
            "labels_to_revisit": []
        }
    ],
    "kind": "annotation",
    "labels_to_revisit_full_scene": [],
    "annotation_state_per_task": [
        {
            "task_id": "66fd384b0d101a6ee439044e",
            "state": "annotated"
        }
    ]
}