{
    "annotations": [
        {
            "labels": [
                {
                    "probability": 1.0,
                    "name": "seed",
                    "color": "#00a5cfff",
                    "source": {
                        "user_id": "dd725a2c-b183-4616-bcf3-0894843fb6a5"
                    }
                }
            ],
            "shape": {
                "points": [
                    {
                        "x": 737,
                        "y": 340
                    },
                    {
                        "x": 740,
                        "y": 344
                    },
                    {
                        "x": 742,
                        "y": 357
                    },
                    {
                        "x": 742,
                        "y": 380
                    },
                    {
                        "x": 740,
                        "y": 386
                    },
                    {
                        "x": 729,
                        "y": 392
                    },
                    {
                        "x": 723,
                        "y": 398
                    },
                    {
                        "x": 722,
                        "y": 401
                    },
                    {
                        "x": 710,
                        "y": 415
                    },
                    {
                        "x": 702,
                        "y": 432
                    },
                    {
                        "x": 691,
                        "y": 441
                    },
                    {
                        "x": 689,
                        "y": 447
                    },
                    {
                        "x": 691,
                        "y": 453
                    },
                    {
                        "x": 701,
                        "y": 461
                    },
                    {
                        "x": 710,
                        "y": 474
                    },
                    {
                        "x": 716,
                        "y": 496
                    },
                    {
                        "x": 717,
                        "y": 509
                    },
                    {
                        "x": 721,
                        "y": 518
                    },
                    {
                        "x": 721,
                        "y": 529
                    },
                    {
                        "x": 719,
                        "y": 531
                    },
                    {
                        "x": 703,
                        "y": 531
                    },
                    {
                        "x": 673,
                        "y": 527
                    },
                    {
                        "x": 644,
                        "y": 526
                    },
                    {
                        "x": 636,
                        "y": 524
                    },
                    {
                        "x": 600,
                        "y": 523
                    },
                    {
                        "x": 594,
                        "y": 524
                    },
                    {
                        "x": 585,
                        "y": 529
                    },
                    {
                        "x": 581,
                        "y": 533
                    },
                    {
                        "x": 575,
                        "y": 535
                    },
                    {
                        "x": 566,
                        "y": 536
                    },
                    {
                        "x": 561,
                        "y": 533
                    },
                    {
                        "x": 557,
                        "y": 524
                    },
                    {
                        "x": 558,
                        "y": 511
                    },
                    {
                        "x": 556,
                        "y": 505
                    },
                    {
                        "x": 558,
                        "y": 492
                    },
                    {
                        "x": 556,
                        "y": 486
                    },
                    {
                        "x": 556,
                        "y": 410
                    },
                    {
                        "x": 558,
                        "y": 388
                    },
                    {
                        "x": 557,
                        "y": 381
                    },
                    {
                        "x": 560,
                        "y": 379
                    },
                    {
                        "x": 562,
                        "y": 374
                    },
                    {
                        "x": 561,
                        "y": 362
                    },
                    {
                        "x": 562,
                        "y": 349
                    },
                    {
                        "x": 564,
                        "y": 344
                    },
                    {
                        "x": 575,
                        "y": 343
                    },
                    {
                        "x": 587,
                        "y": 338
                    },
                    {
                        "x": 596,
                        "y": 337
                    },
                    {
                        "x": 644,
                        "y": 337
                    },
                    {
                        "x": 652,
                        "y": 334
                    },
                    {
                        "x": 677,
                        "y": 336
                    },
                    {
                        "x": 682,
                        "y": 333
                    },
                    {
                        "x": 699,
                        "y": 335
                    },
                    {
                        "x": 705,
                        "y": 332
                    },
                    {
                        "x": 716,
                        "y": 332
                    }
                ],
                "type": "POLYGON"
            },
            "labels_to_revisit": []
        },
        {
            "labels": [
                {
                    "probability": 1.0,
                    "name": "bird",
                    "color": "#dcdd00ff",
                    "source": {
                        "user_id": "dd725a2c-b183-4616-bcf3-0894843fb6a5"
                    }
                }
            ],
            "shape": {
                "points": [
                    {
                        "x": 513,
                        "y": 380
                    },
                    {
                        "x": 532,
                        "y": 392
                    },
                    {
                        "x": 537,
                        "y": 400
                    },
                    {
                        "x": 536,
                        "y": 404
                    },
                    {
                        "x": 526,
                        "y": 413
                    },
                    {
                        "x": 524,
                        "y": 418
                    },
                    {
                        "x": 524,
                        "y": 435
                    },
                    {
                        "x": 526,
                        "y": 439
                    },
                    {
                        "x": 533,
                        "y": 445
                    },
                    {
                        "x": 537,
                        "y": 456
                    },
                    {
                        "x": 538,
                        "y": 472
                    },
                    {
                        "x": 536,
                        "y": 484
                    },
                    {
                        "x": 524,
                        "y": 509
                    },
                    {
                        "x": 491,
                        "y": 544
                    },
                    {
                        "x": 487,
                        "y": 557
                    },
                    {
                        "x": 483,
                        "y": 562
                    },
                    {
                        "x": 477,
                        "y": 565
                    },
                    {
                        "x": 462,
                        "y": 566
                    },
                    {
                        "x": 445,
                        "y": 571
                    },
                    {
                        "x": 434,
                        "y": 576
                    },
                    {
                        "x": 429,
                        "y": 582
                    },
                    {
                        "x": 424,
                        "y": 594
                    },
                    {
                        "x": 422,
                        "y": 610
                    },
                    {
                        "x": 422,
                        "y": 670
                    },
                    {
                        "x": 425,
                        "y": 715
                    },
                    {
                        "x": 423,
                        "y": 717
                    },
                    {
                        "x": 406,
                        "y": 718
                    },
                    {
                        "x": 403,
                        "y": 709
                    },
                    {
                        "x": 403,
                        "y": 665
                    },
                    {
                        "x": 399,
                        "y": 638
                    },
                    {
                        "x": 398,
                        "y": 605
                    },
                    {
                        "x": 394,
                        "y": 587
                    },
                    {
                        "x": 386,
                        "y": 573
                    },
                    {
                        "x": 371,
                        "y": 578
                    },
                    {
                        "x": 368,
                        "y": 576
                    },
                    {
                        "x": 368,
                        "y": 571
                    },
                    {
                        "x": 377,
                        "y": 556
                    },
                    {
                        "x": 382,
                        "y": 553
                    },
                    {
                        "x": 384,
                        "y": 549
                    },
                    {
                        "x": 384,
                        "y": 538
                    },
                    {
                        "x": 397,
                        "y": 509
                    },
                    {
                        "x": 415,
                        "y": 480
                    },
                    {
                        "x": 429,
                        "y": 453
                    },
                    {
                        "x": 444,
                        "y": 435
                    },
                    {
                        "x": 453,
                        "y": 419
                    },
                    {
                        "x": 457,
                        "y": 407
                    },
                    {
                        "x": 467,
                        "y": 392
                    },
                    {
                        "x": 480,
                        "y": 382
                    },
                    {
                        "x": 487,
                        "y": 379
                    },
                    {
                        "x": 497,
                        "y": 378
                    }
                ],
                "type": "POLYGON"
            },
            "labels_to_revisit": []
        }
    ],
    "kind": "annotation",
    "labels_to_revisit_full_scene": [],
    "annotation_state_per_task": [
        {
            "task_id": "66fd384b0d101a6ee439044e",
            "state": "annotated"
        }
    ]
}