{
    "annotations": [
        {
            "labels": [
                {
                    "probability": 1.0,
                    "name": "bird",
                    "color": "#dcdd00ff",
                    "source": {
                        "user_id": "dd725a2c-b183-4616-bcf3-0894843fb6a5"
                    }
                }
            ],
            "shape": {
                "points": [
                    {
                        "x": 823,
                        "y": 366
                    },
                    {
                        "x": 841,
                        "y": 383
                    },
                    {
                        "x": 855,
                        "y": 393
                    },
                    {
                        "x": 873,
                        "y": 414
                    },
                    {
                        "x": 899,
                        "y": 458
                    },
                    {
                        "x": 907,
                        "y": 475
                    },
                    {
                        "x": 915,
                        "y": 487
                    },
                    {
                        "x": 926,
                        "y": 513
                    },
                    {
                        "x": 928,
                        "y": 524
                    },
                    {
                        "x": 940,
                        "y": 547
                    },
                    {
                        "x": 947,
                        "y": 556
                    },
                    {
                        "x": 976,
                        "y": 579
                    },
                    {
                        "x": 982,
                        "y": 582
                    },
                    {
                        "x": 993,
                        "y": 597
                    },
                    {
                        "x": 1004,
                        "y": 607
                    },
                    {
                        "x": 1008,
                        "y": 613
                    },
                    {
                        "x": 1029,
                        "y": 630
                    },
                    {
                        "x": 1032,
                        "y": 639
                    },
                    {
                        "x": 1029,
                        "y": 642
                    },
                    {
                        "x": 1019,
                        "y": 642
                    },
                    {
                        "x": 1006,
                        "y": 638
                    },
                    {
                        "x": 993,
                        "y": 627
                    },
                    {
                        "x": 991,
                        "y": 623
                    },
                    {
                        "x": 970,
                        "y": 602
                    },
                    {
                        "x": 963,
                        "y": 597
                    },
                    {
                        "x": 957,
                        "y": 595
                    },
                    {
                        "x": 941,
                        "y": 582
                    },
                    {
                        "x": 908,
                        "y": 567
                    },
                    {
                        "x": 887,
                        "y": 562
                    },
                    {
                        "x": 877,
                        "y": 557
                    },
                    {
                        "x": 857,
                        "y": 553
                    },
                    {
                        "x": 842,
                        "y": 545
                    },
                    {
                        "x": 833,
                        "y": 544
                    },
                    {
                        "x": 824,
                        "y": 537
                    },
                    {
                        "x": 810,
                        "y": 532
                    },
                    {
                        "x": 807,
                        "y": 528
                    },
                    {
                        "x": 807,
                        "y": 523
                    },
                    {
                        "x": 812,
                        "y": 518
                    },
                    {
                        "x": 805,
                        "y": 511
                    },
                    {
                        "x": 795,
                        "y": 491
                    },
                    {
                        "x": 785,
                        "y": 481
                    },
                    {
                        "x": 778,
                        "y": 471
                    },
                    {
                        "x": 770,
                        "y": 448
                    },
                    {
                        "x": 765,
                        "y": 425
                    },
                    {
                        "x": 763,
                        "y": 407
                    },
                    {
                        "x": 758,
                        "y": 394
                    },
                    {
                        "x": 758,
                        "y": 381
                    },
                    {
                        "x": 769,
                        "y": 369
                    },
                    {
                        "x": 776,
                        "y": 364
                    },
                    {
                        "x": 786,
                        "y": 360
                    },
                    {
                        "x": 812,
                        "y": 359
                    }
                ],
                "type": "POLYGON"
            },
            "labels_to_revisit": []
        },
        {
            "labels": [
                {
                    "probability": 1.0,
                    "name": "bird",
                    "color": "#dcdd00ff",
                    "source": {
                        "user_id": "dd725a2c-b183-4616-bcf3-0894843fb6a5"
                    }
                }
            ],
            "shape": {
                "points": [
                    {
                        "x": 532,
                        "y": 410
                    },
                    {
                        "x": 533,
                        "y": 456
                    },
                    {
                        "x": 535,
                        "y": 464
                    },
                    {
                        "x": 535,
                        "y": 478
                    },
                    {
                        "x": 530,
                        "y": 493
                    },
                    {
                        "x": 520,
                        "y": 505
                    },
                    {
                        "x": 491,
                        "y": 533
                    },
                    {
                        "x": 475,
                        "y": 538
                    },
                    {
                        "x": 467,
                        "y": 543
                    },
                    {
                        "x": 464,
                        "y": 543
                    },
                    {
                        "x": 461,
                        "y": 549
                    },
                    {
                        "x": 454,
                        "y": 555
                    },
                    {
                        "x": 422,
                        "y": 555
                    },
                    {
                        "x": 416,
                        "y": 557
                    },
                    {
                        "x": 411,
                        "y": 561
                    },
                    {
                        "x": 402,
                        "y": 577
                    },
                    {
                        "x": 393,
                        "y": 621
                    },
                    {
                        "x": 391,
                        "y": 625
                    },
                    {
                        "x": 388,
                        "y": 649
                    },
                    {
                        "x": 387,
                        "y": 678
                    },
                    {
                        "x": 384,
                        "y": 687
                    },
                    {
                        "x": 379,
                        "y": 690
                    },
                    {
                        "x": 365,
                        "y": 689
                    },
                    {
                        "x": 362,
                        "y": 685
                    },
                    {
                        "x": 362,
                        "y": 668
                    },
                    {
                        "x": 370,
                        "y": 629
                    },
                    {
                        "x": 371,
                        "y": 610
                    },
                    {
                        "x": 376,
                        "y": 581
                    },
                    {
                        "x": 376,
                        "y": 563
                    },
                    {
                        "x": 372,
                        "y": 540
                    },
                    {
                        "x": 352,
                        "y": 540
                    },
                    {
                        "x": 350,
                        "y": 538
                    },
                    {
                        "x": 351,
                        "y": 533
                    },
                    {
                        "x": 366,
                        "y": 516
                    },
                    {
                        "x": 376,
                        "y": 498
                    },
                    {
                        "x": 390,
                        "y": 479
                    },
                    {
                        "x": 428,
                        "y": 441
                    },
                    {
                        "x": 436,
                        "y": 437
                    },
                    {
                        "x": 448,
                        "y": 428
                    },
                    {
                        "x": 471,
                        "y": 418
                    },
                    {
                        "x": 501,
                        "y": 415
                    },
                    {
                        "x": 521,
                        "y": 409
                    }
                ],
                "type": "POLYGON"
            },
            "labels_to_revisit": []
        },
        {
            "labels": [
                {
                    "probability": 1.0,
                    "name": "seed",
                    "color": "#00a5cfff",
                    "source": {
                        "user_id": "dd725a2c-b183-4616-bcf3-0894843fb6a5"
                    }
                }
            ],
            "shape": {
                "points": [
                    {
                        "x": 658,
                        "y": 334
                    },
                    {
                        "x": 674,
                        "y": 333
                    },
                    {
                        "x": 682,
                        "y": 336
                    },
                    {
                        "x": 699,
                        "y": 334
                    },
                    {
                        "x": 725,
                        "y": 342
                    },
                    {
                        "x": 729,
                        "y": 348
                    },
                    {
                        "x": 728,
                        "y": 380
                    },
                    {
                        "x": 719,
                        "y": 391
                    },
                    {
                        "x": 712,
                        "y": 393
                    },
                    {
                        "x": 703,
                        "y": 402
                    },
                    {
                        "x": 700,
                        "y": 410
                    },
                    {
                        "x": 690,
                        "y": 425
                    },
                    {
                        "x": 682,
                        "y": 441
                    },
                    {
                        "x": 682,
                        "y": 453
                    },
                    {
                        "x": 688,
                        "y": 461
                    },
                    {
                        "x": 694,
                        "y": 482
                    },
                    {
                        "x": 700,
                        "y": 496
                    },
                    {
                        "x": 700,
                        "y": 503
                    },
                    {
                        "x": 703,
                        "y": 515
                    },
                    {
                        "x": 701,
                        "y": 530
                    },
                    {
                        "x": 699,
                        "y": 532
                    },
                    {
                        "x": 686,
                        "y": 532
                    },
                    {
                        "x": 659,
                        "y": 529
                    },
                    {
                        "x": 647,
                        "y": 526
                    },
                    {
                        "x": 621,
                        "y": 526
                    },
                    {
                        "x": 606,
                        "y": 522
                    },
                    {
                        "x": 581,
                        "y": 522
                    },
                    {
                        "x": 574,
                        "y": 524
                    },
                    {
                        "x": 559,
                        "y": 533
                    },
                    {
                        "x": 553,
                        "y": 534
                    },
                    {
                        "x": 547,
                        "y": 538
                    },
                    {
                        "x": 543,
                        "y": 525
                    },
                    {
                        "x": 542,
                        "y": 500
                    },
                    {
                        "x": 545,
                        "y": 465
                    },
                    {
                        "x": 545,
                        "y": 429
                    },
                    {
                        "x": 542,
                        "y": 408
                    },
                    {
                        "x": 543,
                        "y": 360
                    },
                    {
                        "x": 545,
                        "y": 357
                    },
                    {
                        "x": 547,
                        "y": 343
                    },
                    {
                        "x": 555,
                        "y": 339
                    },
                    {
                        "x": 567,
                        "y": 339
                    },
                    {
                        "x": 576,
                        "y": 336
                    },
                    {
                        "x": 629,
                        "y": 336
                    },
                    {
                        "x": 643,
                        "y": 331
                    },
                    {
                        "x": 649,
                        "y": 331
                    }
                ],
                "type": "POLYGON"
            },
            "labels_to_revisit": []
        }
    ],
    "kind": "annotation",
    "labels_to_revisit_full_scene": [],
    "annotation_state_per_task": [
        {
            "task_id": "66fd384b0d101a6ee439044e",
            "state": "annotated"
        }
    ]
}