{
    "annotations": [
        {
            "labels": [
                {
                    "probability": 1.0,
                    "name": "bird",
                    "color": "#dcdd00ff",
                    "source": {
                        "user_id": "dd725a2c-b183-4616-bcf3-0894843fb6a5"
                    }
                }
            ],
            "shape": {
                "points": [
                    {
                        "x": 724,
                        "y": 357
                    },
                    {
                        "x": 748,
                        "y": 358
                    },
                    {
                        "x": 785,
                        "y": 369
                    },
                    {
                        "x": 793,
                        "y": 373
                    },
                    {
                        "x": 805,
                        "y": 374
                    },
                    {
                        "x": 823,
                        "y": 380
                    },
                    {
                        "x": 842,
                        "y": 392
                    },
                    {
                        "x": 882,
                        "y": 430
                    },
                    {
                        "x": 900,
                        "y": 455
                    },
                    {
                        "x": 910,
                        "y": 475
                    },
                    {
                        "x": 919,
                        "y": 484
                    },
                    {
                        "x": 920,
                        "y": 489
                    },
                    {
                        "x": 918,
                        "y": 491
                    },
                    {
                        "x": 914,
                        "y": 491
                    },
                    {
                        "x": 911,
                        "y": 494
                    },
                    {
                        "x": 911,
                        "y": 498
                    },
                    {
                        "x": 916,
                        "y": 513
                    },
                    {
                        "x": 927,
                        "y": 537
                    },
                    {
                        "x": 939,
                        "y": 554
                    },
                    {
                        "x": 950,
                        "y": 575
                    },
                    {
                        "x": 962,
                        "y": 604
                    },
                    {
                        "x": 970,
                        "y": 617
                    },
                    {
                        "x": 971,
                        "y": 624
                    },
                    {
                        "x": 968,
                        "y": 628
                    },
                    {
                        "x": 958,
                        "y": 629
                    },
                    {
                        "x": 952,
                        "y": 626
                    },
                    {
                        "x": 949,
                        "y": 621
                    },
                    {
                        "x": 944,
                        "y": 605
                    },
                    {
                        "x": 917,
                        "y": 558
                    },
                    {
                        "x": 906,
                        "y": 542
                    },
                    {
                        "x": 895,
                        "y": 530
                    },
                    {
                        "x": 883,
                        "y": 520
                    },
                    {
                        "x": 860,
                        "y": 509
                    },
                    {
                        "x": 856,
                        "y": 505
                    },
                    {
                        "x": 841,
                        "y": 509
                    },
                    {
                        "x": 823,
                        "y": 503
                    },
                    {
                        "x": 818,
                        "y": 503
                    },
                    {
                        "x": 812,
                        "y": 507
                    },
                    {
                        "x": 808,
                        "y": 507
                    },
                    {
                        "x": 802,
                        "y": 503
                    },
                    {
                        "x": 791,
                        "y": 500
                    },
                    {
                        "x": 785,
                        "y": 496
                    },
                    {
                        "x": 779,
                        "y": 484
                    },
                    {
                        "x": 782,
                        "y": 478
                    },
                    {
                        "x": 749,
                        "y": 449
                    },
                    {
                        "x": 737,
                        "y": 431
                    },
                    {
                        "x": 731,
                        "y": 425
                    },
                    {
                        "x": 723,
                        "y": 421
                    },
                    {
                        "x": 716,
                        "y": 423
                    },
                    {
                        "x": 713,
                        "y": 421
                    },
                    {
                        "x": 702,
                        "y": 421
                    },
                    {
                        "x": 699,
                        "y": 427
                    },
                    {
                        "x": 696,
                        "y": 427
                    },
                    {
                        "x": 687,
                        "y": 412
                    },
                    {
                        "x": 687,
                        "y": 395
                    },
                    {
                        "x": 692,
                        "y": 378
                    },
                    {
                        "x": 696,
                        "y": 373
                    },
                    {
                        "x": 697,
                        "y": 369
                    },
                    {
                        "x": 703,
                        "y": 368
                    },
                    {
                        "x": 713,
                        "y": 362
                    },
                    {
                        "x": 711,
                        "y": 359
                    },
                    {
                        "x": 711,
                        "y": 353
                    },
                    {
                        "x": 718,
                        "y": 353
                    }
                ],
                "type": "POLYGON"
            },
            "labels_to_revisit": []
        },
        {
            "labels": [
                {
                    "probability": 1.0,
                    "name": "bird",
                    "color": "#dcdd00ff",
                    "source": {
                        "user_id": "dd725a2c-b183-4616-bcf3-0894843fb6a5"
                    }
                }
            ],
            "shape": {
                "points": [
                    {
                        "x": 515,
                        "y": 338
                    },
                    {
                        "x": 520,
                        "y": 342
                    },
                    {
                        "x": 521,
                        "y": 350
                    },
                    {
                        "x": 513,
                        "y": 368
                    },
                    {
                        "x": 514,
                        "y": 410
                    },
                    {
                        "x": 511,
                        "y": 433
                    },
                    {
                        "x": 499,
                        "y": 444
                    },
                    {
                        "x": 488,
                        "y": 461
                    },
                    {
                        "x": 488,
                        "y": 469
                    },
                    {
                        "x": 482,
                        "y": 477
                    },
                    {
                        "x": 485,
                        "y": 480
                    },
                    {
                        "x": 489,
                        "y": 481
                    },
                    {
                        "x": 492,
                        "y": 488
                    },
                    {
                        "x": 496,
                        "y": 491
                    },
                    {
                        "x": 496,
                        "y": 493
                    },
                    {
                        "x": 487,
                        "y": 497
                    },
                    {
                        "x": 480,
                        "y": 498
                    },
                    {
                        "x": 447,
                        "y": 498
                    },
                    {
                        "x": 442,
                        "y": 500
                    },
                    {
                        "x": 434,
                        "y": 508
                    },
                    {
                        "x": 427,
                        "y": 508
                    },
                    {
                        "x": 423,
                        "y": 505
                    },
                    {
                        "x": 402,
                        "y": 507
                    },
                    {
                        "x": 395,
                        "y": 512
                    },
                    {
                        "x": 386,
                        "y": 524
                    },
                    {
                        "x": 382,
                        "y": 535
                    },
                    {
                        "x": 382,
                        "y": 541
                    },
                    {
                        "x": 375,
                        "y": 571
                    },
                    {
                        "x": 365,
                        "y": 641
                    },
                    {
                        "x": 360,
                        "y": 647
                    },
                    {
                        "x": 346,
                        "y": 644
                    },
                    {
                        "x": 341,
                        "y": 637
                    },
                    {
                        "x": 341,
                        "y": 623
                    },
                    {
                        "x": 353,
                        "y": 568
                    },
                    {
                        "x": 356,
                        "y": 539
                    },
                    {
                        "x": 356,
                        "y": 506
                    },
                    {
                        "x": 353,
                        "y": 502
                    },
                    {
                        "x": 350,
                        "y": 502
                    },
                    {
                        "x": 337,
                        "y": 509
                    },
                    {
                        "x": 331,
                        "y": 510
                    },
                    {
                        "x": 329,
                        "y": 508
                    },
                    {
                        "x": 329,
                        "y": 502
                    },
                    {
                        "x": 338,
                        "y": 488
                    },
                    {
                        "x": 347,
                        "y": 479
                    },
                    {
                        "x": 349,
                        "y": 467
                    },
                    {
                        "x": 354,
                        "y": 456
                    },
                    {
                        "x": 375,
                        "y": 427
                    },
                    {
                        "x": 384,
                        "y": 418
                    },
                    {
                        "x": 406,
                        "y": 389
                    },
                    {
                        "x": 441,
                        "y": 363
                    },
                    {
                        "x": 456,
                        "y": 348
                    },
                    {
                        "x": 458,
                        "y": 344
                    },
                    {
                        "x": 465,
                        "y": 340
                    },
                    {
                        "x": 476,
                        "y": 338
                    },
                    {
                        "x": 485,
                        "y": 334
                    },
                    {
                        "x": 504,
                        "y": 334
                    }
                ],
                "type": "POLYGON"
            },
            "labels_to_revisit": []
        },
        {
            "labels": [
                {
                    "probability": 1.0,
                    "name": "seed",
                    "color": "#00a5cfff",
                    "source": {
                        "user_id": "dd725a2c-b183-4616-bcf3-0894843fb6a5"
                    }
                }
            ],
            "shape": {
                "points": [
                    {
                        "x": 607,
                        "y": 342
                    },
                    {
                        "x": 621,
                        "y": 342
                    },
                    {
                        "x": 622,
                        "y": 350
                    },
                    {
                        "x": 624,
                        "y": 352
                    },
                    {
                        "x": 634,
                        "y": 353
                    },
                    {
                        "x": 637,
                        "y": 356
                    },
                    {
                        "x": 648,
                        "y": 353
                    },
                    {
                        "x": 646,
                        "y": 349
                    },
                    {
                        "x": 642,
                        "y": 349
                    },
                    {
                        "x": 642,
                        "y": 346
                    },
                    {
                        "x": 646,
                        "y": 348
                    },
                    {
                        "x": 650,
                        "y": 346
                    },
                    {
                        "x": 657,
                        "y": 346
                    },
                    {
                        "x": 667,
                        "y": 349
                    },
                    {
                        "x": 675,
                        "y": 348
                    },
                    {
                        "x": 677,
                        "y": 350
                    },
                    {
                        "x": 682,
                        "y": 350
                    },
                    {
                        "x": 679,
                        "y": 362
                    },
                    {
                        "x": 670,
                        "y": 375
                    },
                    {
                        "x": 663,
                        "y": 389
                    },
                    {
                        "x": 656,
                        "y": 393
                    },
                    {
                        "x": 653,
                        "y": 397
                    },
                    {
                        "x": 653,
                        "y": 402
                    },
                    {
                        "x": 658,
                        "y": 414
                    },
                    {
                        "x": 658,
                        "y": 427
                    },
                    {
                        "x": 661,
                        "y": 439
                    },
                    {
                        "x": 661,
                        "y": 446
                    },
                    {
                        "x": 668,
                        "y": 470
                    },
                    {
                        "x": 668,
                        "y": 484
                    },
                    {
                        "x": 664,
                        "y": 487
                    },
                    {
                        "x": 642,
                        "y": 486
                    },
                    {
                        "x": 623,
                        "y": 481
                    },
                    {
                        "x": 596,
                        "y": 480
                    },
                    {
                        "x": 583,
                        "y": 476
                    },
                    {
                        "x": 572,
                        "y": 475
                    },
                    {
                        "x": 552,
                        "y": 476
                    },
                    {
                        "x": 544,
                        "y": 483
                    },
                    {
                        "x": 537,
                        "y": 485
                    },
                    {
                        "x": 530,
                        "y": 485
                    },
                    {
                        "x": 524,
                        "y": 482
                    },
                    {
                        "x": 521,
                        "y": 479
                    },
                    {
                        "x": 520,
                        "y": 475
                    },
                    {
                        "x": 521,
                        "y": 450
                    },
                    {
                        "x": 518,
                        "y": 442
                    },
                    {
                        "x": 520,
                        "y": 418
                    },
                    {
                        "x": 519,
                        "y": 371
                    },
                    {
                        "x": 523,
                        "y": 361
                    },
                    {
                        "x": 524,
                        "y": 352
                    },
                    {
                        "x": 528,
                        "y": 347
                    },
                    {
                        "x": 533,
                        "y": 345
                    },
                    {
                        "x": 546,
                        "y": 346
                    },
                    {
                        "x": 574,
                        "y": 341
                    },
                    {
                        "x": 594,
                        "y": 340
                    }
                ],
                "type": "POLYGON"
            },
            "labels_to_revisit": []
        }
    ],
    "kind": "annotation",
    "labels_to_revisit_full_scene": [],
    "annotation_state_per_task": [
        {
            "task_id": "66fd384b0d101a6ee439044e",
            "state": "annotated"
        }
    ]
}