{
    "annotations": [
        {
            "labels": [
                {
                    "probability": 1.0,
                    "name": "seed",
                    "color": "#00a5cfff",
                    "source": {
                        "user_id": "dd725a2c-b183-4616-bcf3-0894843fb6a5"
                    }
                }
            ],
            "shape": {
                "points": [
                    {
                        "x": 680,
                        "y": 349
                    },
                    {
                        "x": 689,
                        "y": 357
                    },
                    {
                        "x": 690,
                        "y": 367
                    },
                    {
                        "x": 679,
                        "y": 383
                    },
                    {
                        "x": 674,
                        "y": 393
                    },
                    {
                        "x": 672,
                        "y": 401
                    },
                    {
                        "x": 672,
                        "y": 427
                    },
                    {
                        "x": 683,
                        "y": 452
                    },
                    {
                        "x": 690,
                        "y": 474
                    },
                    {
                        "x": 689,
                        "y": 488
                    },
                    {
                        "x": 687,
                        "y": 490
                    },
                    {
                        "x": 676,
                        "y": 488
                    },
                    {
                        "x": 647,
                        "y": 489
                    },
                    {
                        "x": 634,
                        "y": 483
                    },
                    {
                        "x": 621,
                        "y": 483
                    },
                    {
                        "x": 599,
                        "y": 480
                    },
                    {
                        "x": 573,
                        "y": 482
                    },
                    {
                        "x": 568,
                        "y": 490
                    },
                    {
                        "x": 550,
                        "y": 490
                    },
                    {
                        "x": 548,
                        "y": 488
                    },
                    {
                        "x": 542,
                        "y": 491
                    },
                    {
                        "x": 539,
                        "y": 488
                    },
                    {
                        "x": 536,
                        "y": 479
                    },
                    {
                        "x": 536,
                        "y": 417
                    },
                    {
                        "x": 534,
                        "y": 372
                    },
                    {
                        "x": 535,
                        "y": 363
                    },
                    {
                        "x": 533,
                        "y": 357
                    },
                    {
                        "x": 542,
                        "y": 352
                    },
                    {
                        "x": 548,
                        "y": 352
                    },
                    {
                        "x": 560,
                        "y": 356
                    },
                    {
                        "x": 568,
                        "y": 364
                    },
                    {
                        "x": 572,
                        "y": 365
                    },
                    {
                        "x": 578,
                        "y": 362
                    },
                    {
                        "x": 599,
                        "y": 360
                    },
                    {
                        "x": 607,
                        "y": 357
                    },
                    {
                        "x": 626,
                        "y": 356
                    },
                    {
                        "x": 633,
                        "y": 352
                    },
                    {
                        "x": 642,
                        "y": 350
                    },
                    {
                        "x": 658,
                        "y": 354
                    },
                    {
                        "x": 666,
                        "y": 347
                    },
                    {
                        "x": 674,
                        "y": 346
                    }
                ],
                "type": "POLYGON"
            },
            "labels_to_revisit": []
        }
    ],
    "kind": "annotation",
    "labels_to_revisit_full_scene": [],
    "annotation_state_per_task": [
        {
            "task_id": "66fd384b0d101a6ee439044e",
            "state": "annotated"
        }
    ]
}