{
    "annotations": [
        {
            "labels": [
                {
                    "probability": 1.0,
                    "name": "bird",
                    "color": "#dcdd00ff",
                    "source": {
                        "user_id": "dd725a2c-b183-4616-bcf3-0894843fb6a5"
                    }
                }
            ],
            "shape": {
                "points": [
                    {
                        "x": 824,
                        "y": 368
                    },
                    {
                        "x": 831,
                        "y": 371
                    },
                    {
                        "x": 834,
                        "y": 374
                    },
                    {
                        "x": 838,
                        "y": 382
                    },
                    {
                        "x": 845,
                        "y": 390
                    },
                    {
                        "x": 851,
                        "y": 410
                    },
                    {
                        "x": 856,
                        "y": 420
                    },
                    {
                        "x": 874,
                        "y": 446
                    },
                    {
                        "x": 875,
                        "y": 451
                    },
                    {
                        "x": 881,
                        "y": 462
                    },
                    {
                        "x": 884,
                        "y": 473
                    },
                    {
                        "x": 893,
                        "y": 488
                    },
                    {
                        "x": 894,
                        "y": 495
                    },
                    {
                        "x": 898,
                        "y": 505
                    },
                    {
                        "x": 905,
                        "y": 512
                    },
                    {
                        "x": 913,
                        "y": 524
                    },
                    {
                        "x": 927,
                        "y": 537
                    },
                    {
                        "x": 938,
                        "y": 553
                    },
                    {
                        "x": 949,
                        "y": 564
                    },
                    {
                        "x": 958,
                        "y": 578
                    },
                    {
                        "x": 980,
                        "y": 596
                    },
                    {
                        "x": 982,
                        "y": 600
                    },
                    {
                        "x": 982,
                        "y": 610
                    },
                    {
                        "x": 979,
                        "y": 613
                    },
                    {
                        "x": 971,
                        "y": 614
                    },
                    {
                        "x": 957,
                        "y": 610
                    },
                    {
                        "x": 946,
                        "y": 599
                    },
                    {
                        "x": 936,
                        "y": 583
                    },
                    {
                        "x": 918,
                        "y": 564
                    },
                    {
                        "x": 903,
                        "y": 553
                    },
                    {
                        "x": 897,
                        "y": 551
                    },
                    {
                        "x": 879,
                        "y": 540
                    },
                    {
                        "x": 857,
                        "y": 534
                    },
                    {
                        "x": 841,
                        "y": 535
                    },
                    {
                        "x": 837,
                        "y": 539
                    },
                    {
                        "x": 837,
                        "y": 547
                    },
                    {
                        "x": 834,
                        "y": 554
                    },
                    {
                        "x": 829,
                        "y": 555
                    },
                    {
                        "x": 822,
                        "y": 549
                    },
                    {
                        "x": 821,
                        "y": 541
                    },
                    {
                        "x": 818,
                        "y": 537
                    },
                    {
                        "x": 807,
                        "y": 537
                    },
                    {
                        "x": 794,
                        "y": 529
                    },
                    {
                        "x": 794,
                        "y": 521
                    },
                    {
                        "x": 796,
                        "y": 519
                    },
                    {
                        "x": 795,
                        "y": 513
                    },
                    {
                        "x": 786,
                        "y": 503
                    },
                    {
                        "x": 776,
                        "y": 488
                    },
                    {
                        "x": 765,
                        "y": 468
                    },
                    {
                        "x": 759,
                        "y": 444
                    },
                    {
                        "x": 758,
                        "y": 426
                    },
                    {
                        "x": 759,
                        "y": 415
                    },
                    {
                        "x": 764,
                        "y": 403
                    },
                    {
                        "x": 775,
                        "y": 388
                    },
                    {
                        "x": 787,
                        "y": 376
                    },
                    {
                        "x": 800,
                        "y": 369
                    },
                    {
                        "x": 811,
                        "y": 367
                    }
                ],
                "type": "POLYGON"
            },
            "labels_to_revisit": []
        },
        {
            "labels": [
                {
                    "probability": 1.0,
                    "name": "bird",
                    "color": "#dcdd00ff",
                    "source": {
                        "user_id": "dd725a2c-b183-4616-bcf3-0894843fb6a5"
                    }
                }
            ],
            "shape": {
                "points": [
                    {
                        "x": 519,
                        "y": 395
                    },
                    {
                        "x": 524,
                        "y": 402
                    },
                    {
                        "x": 522,
                        "y": 418
                    },
                    {
                        "x": 522,
                        "y": 441
                    },
                    {
                        "x": 518,
                        "y": 457
                    },
                    {
                        "x": 517,
                        "y": 476
                    },
                    {
                        "x": 512,
                        "y": 488
                    },
                    {
                        "x": 501,
                        "y": 501
                    },
                    {
                        "x": 482,
                        "y": 517
                    },
                    {
                        "x": 475,
                        "y": 529
                    },
                    {
                        "x": 466,
                        "y": 535
                    },
                    {
                        "x": 465,
                        "y": 539
                    },
                    {
                        "x": 460,
                        "y": 545
                    },
                    {
                        "x": 435,
                        "y": 556
                    },
                    {
                        "x": 407,
                        "y": 556
                    },
                    {
                        "x": 402,
                        "y": 558
                    },
                    {
                        "x": 397,
                        "y": 563
                    },
                    {
                        "x": 389,
                        "y": 580
                    },
                    {
                        "x": 382,
                        "y": 615
                    },
                    {
                        "x": 378,
                        "y": 644
                    },
                    {
                        "x": 376,
                        "y": 689
                    },
                    {
                        "x": 374,
                        "y": 693
                    },
                    {
                        "x": 371,
                        "y": 695
                    },
                    {
                        "x": 353,
                        "y": 695
                    },
                    {
                        "x": 350,
                        "y": 688
                    },
                    {
                        "x": 350,
                        "y": 676
                    },
                    {
                        "x": 357,
                        "y": 641
                    },
                    {
                        "x": 359,
                        "y": 606
                    },
                    {
                        "x": 362,
                        "y": 589
                    },
                    {
                        "x": 362,
                        "y": 570
                    },
                    {
                        "x": 357,
                        "y": 548
                    },
                    {
                        "x": 357,
                        "y": 541
                    },
                    {
                        "x": 360,
                        "y": 528
                    },
                    {
                        "x": 355,
                        "y": 521
                    },
                    {
                        "x": 356,
                        "y": 513
                    },
                    {
                        "x": 370,
                        "y": 487
                    },
                    {
                        "x": 396,
                        "y": 455
                    },
                    {
                        "x": 398,
                        "y": 449
                    },
                    {
                        "x": 404,
                        "y": 441
                    },
                    {
                        "x": 429,
                        "y": 419
                    },
                    {
                        "x": 448,
                        "y": 406
                    },
                    {
                        "x": 480,
                        "y": 390
                    },
                    {
                        "x": 503,
                        "y": 389
                    }
                ],
                "type": "POLYGON"
            },
            "labels_to_revisit": []
        },
        {
            "labels": [
                {
                    "probability": 1.0,
                    "name": "seed",
                    "color": "#00a5cfff",
                    "source": {
                        "user_id": "dd725a2c-b183-4616-bcf3-0894843fb6a5"
                    }
                }
            ],
            "shape": {
                "points": [
                    {
                        "x": 647,
                        "y": 335
                    },
                    {
                        "x": 665,
                        "y": 334
                    },
                    {
                        "x": 673,
                        "y": 337
                    },
                    {
                        "x": 681,
                        "y": 335
                    },
                    {
                        "x": 690,
                        "y": 335
                    },
                    {
                        "x": 703,
                        "y": 339
                    },
                    {
                        "x": 716,
                        "y": 346
                    },
                    {
                        "x": 720,
                        "y": 352
                    },
                    {
                        "x": 721,
                        "y": 379
                    },
                    {
                        "x": 719,
                        "y": 390
                    },
                    {
                        "x": 704,
                        "y": 396
                    },
                    {
                        "x": 693,
                        "y": 406
                    },
                    {
                        "x": 674,
                        "y": 435
                    },
                    {
                        "x": 662,
                        "y": 445
                    },
                    {
                        "x": 656,
                        "y": 457
                    },
                    {
                        "x": 657,
                        "y": 463
                    },
                    {
                        "x": 664,
                        "y": 471
                    },
                    {
                        "x": 666,
                        "y": 471
                    },
                    {
                        "x": 675,
                        "y": 480
                    },
                    {
                        "x": 680,
                        "y": 488
                    },
                    {
                        "x": 683,
                        "y": 504
                    },
                    {
                        "x": 688,
                        "y": 517
                    },
                    {
                        "x": 688,
                        "y": 531
                    },
                    {
                        "x": 682,
                        "y": 533
                    },
                    {
                        "x": 666,
                        "y": 533
                    },
                    {
                        "x": 651,
                        "y": 531
                    },
                    {
                        "x": 632,
                        "y": 525
                    },
                    {
                        "x": 604,
                        "y": 525
                    },
                    {
                        "x": 573,
                        "y": 521
                    },
                    {
                        "x": 562,
                        "y": 523
                    },
                    {
                        "x": 547,
                        "y": 530
                    },
                    {
                        "x": 537,
                        "y": 529
                    },
                    {
                        "x": 531,
                        "y": 519
                    },
                    {
                        "x": 534,
                        "y": 501
                    },
                    {
                        "x": 534,
                        "y": 482
                    },
                    {
                        "x": 532,
                        "y": 478
                    },
                    {
                        "x": 532,
                        "y": 472
                    },
                    {
                        "x": 530,
                        "y": 469
                    },
                    {
                        "x": 530,
                        "y": 464
                    },
                    {
                        "x": 526,
                        "y": 460
                    },
                    {
                        "x": 527,
                        "y": 448
                    },
                    {
                        "x": 533,
                        "y": 444
                    },
                    {
                        "x": 535,
                        "y": 434
                    },
                    {
                        "x": 534,
                        "y": 413
                    },
                    {
                        "x": 532,
                        "y": 408
                    },
                    {
                        "x": 533,
                        "y": 381
                    },
                    {
                        "x": 535,
                        "y": 377
                    },
                    {
                        "x": 535,
                        "y": 360
                    },
                    {
                        "x": 537,
                        "y": 357
                    },
                    {
                        "x": 537,
                        "y": 348
                    },
                    {
                        "x": 539,
                        "y": 342
                    },
                    {
                        "x": 544,
                        "y": 339
                    },
                    {
                        "x": 555,
                        "y": 340
                    },
                    {
                        "x": 566,
                        "y": 335
                    },
                    {
                        "x": 576,
                        "y": 334
                    },
                    {
                        "x": 622,
                        "y": 337
                    },
                    {
                        "x": 633,
                        "y": 333
                    },
                    {
                        "x": 642,
                        "y": 333
                    }
                ],
                "type": "POLYGON"
            },
            "labels_to_revisit": []
        }
    ],
    "kind": "annotation",
    "labels_to_revisit_full_scene": [],
    "annotation_state_per_task": [
        {
            "task_id": "66fd384b0d101a6ee439044e",
            "state": "annotated"
        }
    ]
}