{
    "annotations": [
        {
            "labels": [
                {
                    "probability": 1.0,
                    "name": "seed",
                    "color": "#00a5cfff",
                    "source": {
                        "user_id": "dd725a2c-b183-4616-bcf3-0894843fb6a5"
                    }
                }
            ],
            "shape": {
                "points": [
                    {
                        "x": 613,
                        "y": 353
                    },
                    {
                        "x": 621,
                        "y": 349
                    },
                    {
                        "x": 638,
                        "y": 351
                    },
                    {
                        "x": 646,
                        "y": 348
                    },
                    {
                        "x": 658,
                        "y": 348
                    },
                    {
                        "x": 667,
                        "y": 352
                    },
                    {
                        "x": 670,
                        "y": 357
                    },
                    {
                        "x": 669,
                        "y": 364
                    },
                    {
                        "x": 654,
                        "y": 393
                    },
                    {
                        "x": 645,
                        "y": 403
                    },
                    {
                        "x": 644,
                        "y": 412
                    },
                    {
                        "x": 647,
                        "y": 439
                    },
                    {
                        "x": 657,
                        "y": 477
                    },
                    {
                        "x": 656,
                        "y": 487
                    },
                    {
                        "x": 654,
                        "y": 489
                    },
                    {
                        "x": 625,
                        "y": 488
                    },
                    {
                        "x": 604,
                        "y": 483
                    },
                    {
                        "x": 579,
                        "y": 481
                    },
                    {
                        "x": 567,
                        "y": 476
                    },
                    {
                        "x": 541,
                        "y": 476
                    },
                    {
                        "x": 534,
                        "y": 477
                    },
                    {
                        "x": 522,
                        "y": 482
                    },
                    {
                        "x": 517,
                        "y": 482
                    },
                    {
                        "x": 510,
                        "y": 477
                    },
                    {
                        "x": 508,
                        "y": 470
                    },
                    {
                        "x": 510,
                        "y": 372
                    },
                    {
                        "x": 511,
                        "y": 362
                    },
                    {
                        "x": 516,
                        "y": 356
                    },
                    {
                        "x": 517,
                        "y": 351
                    },
                    {
                        "x": 523,
                        "y": 348
                    },
                    {
                        "x": 536,
                        "y": 349
                    },
                    {
                        "x": 542,
                        "y": 351
                    },
                    {
                        "x": 564,
                        "y": 349
                    },
                    {
                        "x": 571,
                        "y": 351
                    },
                    {
                        "x": 581,
                        "y": 351
                    },
                    {
                        "x": 590,
                        "y": 348
                    },
                    {
                        "x": 598,
                        "y": 348
                    }
                ],
                "type": "POLYGON"
            },
            "labels_to_revisit": []
        }
    ],
    "kind": "annotation",
    "labels_to_revisit_full_scene": [],
    "annotation_state_per_task": [
        {
            "task_id": "66fd384b0d101a6ee439044e",
            "state": "annotated"
        }
    ]
}