{
    "annotations": [
        {
            "labels": [
                {
                    "probability": 1.0,
                    "name": "bird",
                    "color": "#dcdd00ff",
                    "source": {
                        "user_id": "dd725a2c-b183-4616-bcf3-0894843fb6a5"
                    }
                }
            ],
            "shape": {
                "points": [
                    {
                        "x": 458,
                        "y": 320
                    },
                    {
                        "x": 463,
                        "y": 323
                    },
                    {
                        "x": 483,
                        "y": 342
                    },
                    {
                        "x": 484,
                        "y": 347
                    },
                    {
                        "x": 495,
                        "y": 359
                    },
                    {
                        "x": 499,
                        "y": 366
                    },
                    {
                        "x": 502,
                        "y": 376
                    },
                    {
                        "x": 505,
                        "y": 399
                    },
                    {
                        "x": 505,
                        "y": 408
                    },
                    {
                        "x": 501,
                        "y": 427
                    },
                    {
                        "x": 487,
                        "y": 462
                    },
                    {
                        "x": 466,
                        "y": 485
                    },
                    {
                        "x": 453,
                        "y": 492
                    },
                    {
                        "x": 439,
                        "y": 507
                    },
                    {
                        "x": 415,
                        "y": 507
                    },
                    {
                        "x": 405,
                        "y": 511
                    },
                    {
                        "x": 397,
                        "y": 520
                    },
                    {
                        "x": 393,
                        "y": 531
                    },
                    {
                        "x": 391,
                        "y": 550
                    },
                    {
                        "x": 383,
                        "y": 592
                    },
                    {
                        "x": 380,
                        "y": 636
                    },
                    {
                        "x": 378,
                        "y": 641
                    },
                    {
                        "x": 375,
                        "y": 643
                    },
                    {
                        "x": 364,
                        "y": 643
                    },
                    {
                        "x": 357,
                        "y": 646
                    },
                    {
                        "x": 352,
                        "y": 642
                    },
                    {
                        "x": 350,
                        "y": 637
                    },
                    {
                        "x": 350,
                        "y": 624
                    },
                    {
                        "x": 357,
                        "y": 595
                    },
                    {
                        "x": 357,
                        "y": 589
                    },
                    {
                        "x": 363,
                        "y": 560
                    },
                    {
                        "x": 364,
                        "y": 517
                    },
                    {
                        "x": 362,
                        "y": 507
                    },
                    {
                        "x": 357,
                        "y": 500
                    },
                    {
                        "x": 353,
                        "y": 504
                    },
                    {
                        "x": 348,
                        "y": 504
                    },
                    {
                        "x": 348,
                        "y": 502
                    },
                    {
                        "x": 351,
                        "y": 499
                    },
                    {
                        "x": 361,
                        "y": 480
                    },
                    {
                        "x": 368,
                        "y": 453
                    },
                    {
                        "x": 384,
                        "y": 425
                    },
                    {
                        "x": 390,
                        "y": 411
                    },
                    {
                        "x": 406,
                        "y": 390
                    },
                    {
                        "x": 422,
                        "y": 377
                    },
                    {
                        "x": 423,
                        "y": 363
                    },
                    {
                        "x": 418,
                        "y": 350
                    },
                    {
                        "x": 418,
                        "y": 336
                    },
                    {
                        "x": 424,
                        "y": 327
                    },
                    {
                        "x": 431,
                        "y": 323
                    },
                    {
                        "x": 452,
                        "y": 319
                    }
                ],
                "type": "POLYGON"
            },
            "labels_to_revisit": []
        },
        {
            "labels": [
                {
                    "probability": 1.0,
                    "name": "bird",
                    "color": "#dcdd00ff",
                    "source": {
                        "user_id": "dd725a2c-b183-4616-bcf3-0894843fb6a5"
                    }
                }
            ],
            "shape": {
                "points": [
                    {
                        "x": 764,
                        "y": 306
                    },
                    {
                        "x": 776,
                        "y": 313
                    },
                    {
                        "x": 780,
                        "y": 320
                    },
                    {
                        "x": 784,
                        "y": 323
                    },
                    {
                        "x": 794,
                        "y": 352
                    },
                    {
                        "x": 805,
                        "y": 362
                    },
                    {
                        "x": 811,
                        "y": 370
                    },
                    {
                        "x": 830,
                        "y": 384
                    },
                    {
                        "x": 846,
                        "y": 403
                    },
                    {
                        "x": 868,
                        "y": 423
                    },
                    {
                        "x": 881,
                        "y": 442
                    },
                    {
                        "x": 895,
                        "y": 468
                    },
                    {
                        "x": 911,
                        "y": 485
                    },
                    {
                        "x": 910,
                        "y": 491
                    },
                    {
                        "x": 899,
                        "y": 491
                    },
                    {
                        "x": 896,
                        "y": 494
                    },
                    {
                        "x": 895,
                        "y": 502
                    },
                    {
                        "x": 905,
                        "y": 523
                    },
                    {
                        "x": 916,
                        "y": 541
                    },
                    {
                        "x": 919,
                        "y": 550
                    },
                    {
                        "x": 941,
                        "y": 593
                    },
                    {
                        "x": 941,
                        "y": 596
                    },
                    {
                        "x": 944,
                        "y": 601
                    },
                    {
                        "x": 944,
                        "y": 611
                    },
                    {
                        "x": 942,
                        "y": 613
                    },
                    {
                        "x": 930,
                        "y": 612
                    },
                    {
                        "x": 921,
                        "y": 590
                    },
                    {
                        "x": 914,
                        "y": 580
                    },
                    {
                        "x": 911,
                        "y": 572
                    },
                    {
                        "x": 884,
                        "y": 527
                    },
                    {
                        "x": 863,
                        "y": 507
                    },
                    {
                        "x": 842,
                        "y": 494
                    },
                    {
                        "x": 805,
                        "y": 496
                    },
                    {
                        "x": 792,
                        "y": 495
                    },
                    {
                        "x": 780,
                        "y": 491
                    },
                    {
                        "x": 777,
                        "y": 487
                    },
                    {
                        "x": 777,
                        "y": 483
                    },
                    {
                        "x": 782,
                        "y": 481
                    },
                    {
                        "x": 784,
                        "y": 478
                    },
                    {
                        "x": 767,
                        "y": 471
                    },
                    {
                        "x": 728,
                        "y": 430
                    },
                    {
                        "x": 720,
                        "y": 411
                    },
                    {
                        "x": 720,
                        "y": 399
                    },
                    {
                        "x": 724,
                        "y": 380
                    },
                    {
                        "x": 728,
                        "y": 372
                    },
                    {
                        "x": 728,
                        "y": 333
                    },
                    {
                        "x": 732,
                        "y": 315
                    },
                    {
                        "x": 739,
                        "y": 307
                    },
                    {
                        "x": 748,
                        "y": 304
                    },
                    {
                        "x": 756,
                        "y": 304
                    }
                ],
                "type": "POLYGON"
            },
            "labels_to_revisit": []
        },
        {
            "labels": [
                {
                    "probability": 1.0,
                    "name": "seed",
                    "color": "#00a5cfff",
                    "source": {
                        "user_id": "dd725a2c-b183-4616-bcf3-0894843fb6a5"
                    }
                }
            ],
            "shape": {
                "points": [
                    {
                        "x": 613,
                        "y": 343
                    },
                    {
                        "x": 629,
                        "y": 342
                    },
                    {
                        "x": 634,
                        "y": 348
                    },
                    {
                        "x": 637,
                        "y": 349
                    },
                    {
                        "x": 641,
                        "y": 345
                    },
                    {
                        "x": 648,
                        "y": 346
                    },
                    {
                        "x": 650,
                        "y": 344
                    },
                    {
                        "x": 656,
                        "y": 344
                    },
                    {
                        "x": 667,
                        "y": 351
                    },
                    {
                        "x": 673,
                        "y": 351
                    },
                    {
                        "x": 681,
                        "y": 347
                    },
                    {
                        "x": 697,
                        "y": 347
                    },
                    {
                        "x": 697,
                        "y": 349
                    },
                    {
                        "x": 693,
                        "y": 353
                    },
                    {
                        "x": 683,
                        "y": 358
                    },
                    {
                        "x": 681,
                        "y": 364
                    },
                    {
                        "x": 672,
                        "y": 375
                    },
                    {
                        "x": 667,
                        "y": 389
                    },
                    {
                        "x": 664,
                        "y": 392
                    },
                    {
                        "x": 659,
                        "y": 393
                    },
                    {
                        "x": 657,
                        "y": 395
                    },
                    {
                        "x": 656,
                        "y": 399
                    },
                    {
                        "x": 660,
                        "y": 413
                    },
                    {
                        "x": 663,
                        "y": 440
                    },
                    {
                        "x": 663,
                        "y": 457
                    },
                    {
                        "x": 655,
                        "y": 469
                    },
                    {
                        "x": 653,
                        "y": 479
                    },
                    {
                        "x": 650,
                        "y": 483
                    },
                    {
                        "x": 645,
                        "y": 485
                    },
                    {
                        "x": 637,
                        "y": 485
                    },
                    {
                        "x": 634,
                        "y": 483
                    },
                    {
                        "x": 624,
                        "y": 481
                    },
                    {
                        "x": 597,
                        "y": 481
                    },
                    {
                        "x": 587,
                        "y": 477
                    },
                    {
                        "x": 567,
                        "y": 473
                    },
                    {
                        "x": 552,
                        "y": 474
                    },
                    {
                        "x": 539,
                        "y": 482
                    },
                    {
                        "x": 531,
                        "y": 481
                    },
                    {
                        "x": 525,
                        "y": 477
                    },
                    {
                        "x": 523,
                        "y": 474
                    },
                    {
                        "x": 524,
                        "y": 462
                    },
                    {
                        "x": 521,
                        "y": 425
                    },
                    {
                        "x": 522,
                        "y": 361
                    },
                    {
                        "x": 525,
                        "y": 352
                    },
                    {
                        "x": 528,
                        "y": 349
                    },
                    {
                        "x": 538,
                        "y": 346
                    },
                    {
                        "x": 559,
                        "y": 345
                    },
                    {
                        "x": 570,
                        "y": 342
                    },
                    {
                        "x": 604,
                        "y": 341
                    }
                ],
                "type": "POLYGON"
            },
            "labels_to_revisit": []
        }
    ],
    "kind": "annotation",
    "labels_to_revisit_full_scene": [],
    "annotation_state_per_task": [
        {
            "task_id": "66fd384b0d101a6ee439044e",
            "state": "annotated"
        }
    ]
}