{
    "annotations": [
        {
            "labels": [
                {
                    "probability": 1.0,
                    "name": "seed",
                    "color": "#00a5cfff",
                    "source": {
                        "user_id": "dd725a2c-b183-4616-bcf3-0894843fb6a5"
                    }
                }
            ],
            "shape": {
                "points": [
                    {
                        "x": 712,
                        "y": 347
                    },
                    {
                        "x": 719,
                        "y": 352
                    },
                    {
                        "x": 722,
                        "y": 363
                    },
                    {
                        "x": 721,
                        "y": 399
                    },
                    {
                        "x": 717,
                        "y": 402
                    },
                    {
                        "x": 714,
                        "y": 402
                    },
                    {
                        "x": 702,
                        "y": 413
                    },
                    {
                        "x": 682,
                        "y": 444
                    },
                    {
                        "x": 681,
                        "y": 448
                    },
                    {
                        "x": 672,
                        "y": 458
                    },
                    {
                        "x": 672,
                        "y": 466
                    },
                    {
                        "x": 678,
                        "y": 476
                    },
                    {
                        "x": 682,
                        "y": 494
                    },
                    {
                        "x": 688,
                        "y": 507
                    },
                    {
                        "x": 692,
                        "y": 525
                    },
                    {
                        "x": 697,
                        "y": 537
                    },
                    {
                        "x": 697,
                        "y": 548
                    },
                    {
                        "x": 642,
                        "y": 549
                    },
                    {
                        "x": 631,
                        "y": 544
                    },
                    {
                        "x": 613,
                        "y": 544
                    },
                    {
                        "x": 601,
                        "y": 540
                    },
                    {
                        "x": 591,
                        "y": 539
                    },
                    {
                        "x": 574,
                        "y": 541
                    },
                    {
                        "x": 567,
                        "y": 548
                    },
                    {
                        "x": 551,
                        "y": 548
                    },
                    {
                        "x": 545,
                        "y": 550
                    },
                    {
                        "x": 536,
                        "y": 549
                    },
                    {
                        "x": 532,
                        "y": 540
                    },
                    {
                        "x": 531,
                        "y": 528
                    },
                    {
                        "x": 534,
                        "y": 497
                    },
                    {
                        "x": 533,
                        "y": 415
                    },
                    {
                        "x": 535,
                        "y": 409
                    },
                    {
                        "x": 535,
                        "y": 367
                    },
                    {
                        "x": 537,
                        "y": 360
                    },
                    {
                        "x": 543,
                        "y": 355
                    },
                    {
                        "x": 553,
                        "y": 354
                    },
                    {
                        "x": 563,
                        "y": 348
                    },
                    {
                        "x": 575,
                        "y": 346
                    },
                    {
                        "x": 623,
                        "y": 347
                    },
                    {
                        "x": 632,
                        "y": 345
                    },
                    {
                        "x": 699,
                        "y": 345
                    }
                ],
                "type": "POLYGON"
            },
            "labels_to_revisit": []
        }
    ],
    "kind": "annotation",
    "labels_to_revisit_full_scene": [],
    "annotation_state_per_task": [
        {
            "task_id": "66fd384b0d101a6ee439044e",
            "state": "annotated"
        }
    ]
}