{
    "annotations": [
        {
            "labels": [
                {
                    "probability": 1.0,
                    "name": "bird",
                    "color": "#dcdd00ff",
                    "source": {
                        "user_id": "dd725a2c-b183-4616-bcf3-0894843fb6a5"
                    }
                }
            ],
            "shape": {
                "points": [
                    {
                        "x": 857,
                        "y": 317
                    },
                    {
                        "x": 862,
                        "y": 321
                    },
                    {
                        "x": 872,
                        "y": 325
                    },
                    {
                        "x": 879,
                        "y": 326
                    },
                    {
                        "x": 886,
                        "y": 331
                    },
                    {
                        "x": 886,
                        "y": 340
                    },
                    {
                        "x": 881,
                        "y": 345
                    },
                    {
                        "x": 862,
                        "y": 353
                    },
                    {
                        "x": 849,
                        "y": 371
                    },
                    {
                        "x": 841,
                        "y": 386
                    },
                    {
                        "x": 840,
                        "y": 402
                    },
                    {
                        "x": 830,
                        "y": 433
                    },
                    {
                        "x": 827,
                        "y": 439
                    },
                    {
                        "x": 813,
                        "y": 451
                    },
                    {
                        "x": 807,
                        "y": 467
                    },
                    {
                        "x": 804,
                        "y": 468
                    },
                    {
                        "x": 801,
                        "y": 472
                    },
                    {
                        "x": 797,
                        "y": 474
                    },
                    {
                        "x": 788,
                        "y": 474
                    },
                    {
                        "x": 779,
                        "y": 477
                    },
                    {
                        "x": 772,
                        "y": 477
                    },
                    {
                        "x": 771,
                        "y": 484
                    },
                    {
                        "x": 769,
                        "y": 486
                    },
                    {
                        "x": 762,
                        "y": 486
                    },
                    {
                        "x": 748,
                        "y": 493
                    },
                    {
                        "x": 736,
                        "y": 485
                    },
                    {
                        "x": 732,
                        "y": 484
                    },
                    {
                        "x": 706,
                        "y": 484
                    },
                    {
                        "x": 692,
                        "y": 478
                    },
                    {
                        "x": 672,
                        "y": 477
                    },
                    {
                        "x": 668,
                        "y": 482
                    },
                    {
                        "x": 658,
                        "y": 483
                    },
                    {
                        "x": 641,
                        "y": 490
                    },
                    {
                        "x": 627,
                        "y": 501
                    },
                    {
                        "x": 614,
                        "y": 502
                    },
                    {
                        "x": 609,
                        "y": 507
                    },
                    {
                        "x": 603,
                        "y": 507
                    },
                    {
                        "x": 598,
                        "y": 503
                    },
                    {
                        "x": 598,
                        "y": 497
                    },
                    {
                        "x": 611,
                        "y": 486
                    },
                    {
                        "x": 622,
                        "y": 482
                    },
                    {
                        "x": 628,
                        "y": 476
                    },
                    {
                        "x": 635,
                        "y": 473
                    },
                    {
                        "x": 655,
                        "y": 458
                    },
                    {
                        "x": 660,
                        "y": 456
                    },
                    {
                        "x": 664,
                        "y": 452
                    },
                    {
                        "x": 667,
                        "y": 440
                    },
                    {
                        "x": 672,
                        "y": 436
                    },
                    {
                        "x": 677,
                        "y": 427
                    },
                    {
                        "x": 686,
                        "y": 421
                    },
                    {
                        "x": 691,
                        "y": 415
                    },
                    {
                        "x": 692,
                        "y": 411
                    },
                    {
                        "x": 703,
                        "y": 402
                    },
                    {
                        "x": 707,
                        "y": 396
                    },
                    {
                        "x": 722,
                        "y": 386
                    },
                    {
                        "x": 729,
                        "y": 379
                    },
                    {
                        "x": 736,
                        "y": 376
                    },
                    {
                        "x": 740,
                        "y": 371
                    },
                    {
                        "x": 774,
                        "y": 356
                    },
                    {
                        "x": 791,
                        "y": 332
                    },
                    {
                        "x": 802,
                        "y": 321
                    },
                    {
                        "x": 811,
                        "y": 317
                    },
                    {
                        "x": 819,
                        "y": 317
                    },
                    {
                        "x": 830,
                        "y": 314
                    },
                    {
                        "x": 845,
                        "y": 314
                    }
                ],
                "type": "POLYGON"
            },
            "labels_to_revisit": []
        },
        {
            "labels": [
                {
                    "probability": 1.0,
                    "name": "bird",
                    "color": "#dcdd00ff",
                    "source": {
                        "user_id": "dd725a2c-b183-4616-bcf3-0894843fb6a5"
                    }
                }
            ],
            "shape": {
                "points": [
                    {
                        "x": 518,
                        "y": 364
                    },
                    {
                        "x": 520,
                        "y": 366
                    },
                    {
                        "x": 518,
                        "y": 376
                    },
                    {
                        "x": 519,
                        "y": 409
                    },
                    {
                        "x": 518,
                        "y": 435
                    },
                    {
                        "x": 516,
                        "y": 440
                    },
                    {
                        "x": 512,
                        "y": 444
                    },
                    {
                        "x": 505,
                        "y": 457
                    },
                    {
                        "x": 497,
                        "y": 465
                    },
                    {
                        "x": 490,
                        "y": 475
                    },
                    {
                        "x": 480,
                        "y": 484
                    },
                    {
                        "x": 477,
                        "y": 489
                    },
                    {
                        "x": 463,
                        "y": 493
                    },
                    {
                        "x": 448,
                        "y": 509
                    },
                    {
                        "x": 440,
                        "y": 513
                    },
                    {
                        "x": 407,
                        "y": 513
                    },
                    {
                        "x": 398,
                        "y": 522
                    },
                    {
                        "x": 393,
                        "y": 533
                    },
                    {
                        "x": 383,
                        "y": 577
                    },
                    {
                        "x": 374,
                        "y": 647
                    },
                    {
                        "x": 370,
                        "y": 651
                    },
                    {
                        "x": 358,
                        "y": 649
                    },
                    {
                        "x": 352,
                        "y": 651
                    },
                    {
                        "x": 347,
                        "y": 645
                    },
                    {
                        "x": 346,
                        "y": 630
                    },
                    {
                        "x": 362,
                        "y": 560
                    },
                    {
                        "x": 363,
                        "y": 521
                    },
                    {
                        "x": 358,
                        "y": 506
                    },
                    {
                        "x": 356,
                        "y": 504
                    },
                    {
                        "x": 351,
                        "y": 504
                    },
                    {
                        "x": 347,
                        "y": 502
                    },
                    {
                        "x": 343,
                        "y": 498
                    },
                    {
                        "x": 345,
                        "y": 491
                    },
                    {
                        "x": 355,
                        "y": 480
                    },
                    {
                        "x": 361,
                        "y": 465
                    },
                    {
                        "x": 378,
                        "y": 438
                    },
                    {
                        "x": 398,
                        "y": 416
                    },
                    {
                        "x": 403,
                        "y": 407
                    },
                    {
                        "x": 425,
                        "y": 389
                    },
                    {
                        "x": 442,
                        "y": 382
                    },
                    {
                        "x": 458,
                        "y": 373
                    },
                    {
                        "x": 509,
                        "y": 363
                    }
                ],
                "type": "POLYGON"
            },
            "labels_to_revisit": []
        },
        {
            "labels": [
                {
                    "probability": 1.0,
                    "name": "seed",
                    "color": "#00a5cfff",
                    "source": {
                        "user_id": "dd725a2c-b183-4616-bcf3-0894843fb6a5"
                    }
                }
            ],
            "shape": {
                "points": [
                    {
                        "x": 633,
                        "y": 342
                    },
                    {
                        "x": 660,
                        "y": 341
                    },
                    {
                        "x": 668,
                        "y": 344
                    },
                    {
                        "x": 687,
                        "y": 341
                    },
                    {
                        "x": 698,
                        "y": 344
                    },
                    {
                        "x": 699,
                        "y": 351
                    },
                    {
                        "x": 691,
                        "y": 357
                    },
                    {
                        "x": 688,
                        "y": 366
                    },
                    {
                        "x": 681,
                        "y": 376
                    },
                    {
                        "x": 680,
                        "y": 382
                    },
                    {
                        "x": 678,
                        "y": 383
                    },
                    {
                        "x": 677,
                        "y": 388
                    },
                    {
                        "x": 672,
                        "y": 397
                    },
                    {
                        "x": 676,
                        "y": 402
                    },
                    {
                        "x": 676,
                        "y": 411
                    },
                    {
                        "x": 678,
                        "y": 413
                    },
                    {
                        "x": 680,
                        "y": 410
                    },
                    {
                        "x": 686,
                        "y": 408
                    },
                    {
                        "x": 687,
                        "y": 406
                    },
                    {
                        "x": 685,
                        "y": 404
                    },
                    {
                        "x": 682,
                        "y": 404
                    },
                    {
                        "x": 682,
                        "y": 402
                    },
                    {
                        "x": 686,
                        "y": 400
                    },
                    {
                        "x": 684,
                        "y": 392
                    },
                    {
                        "x": 686,
                        "y": 389
                    },
                    {
                        "x": 686,
                        "y": 384
                    },
                    {
                        "x": 689,
                        "y": 383
                    },
                    {
                        "x": 690,
                        "y": 389
                    },
                    {
                        "x": 694,
                        "y": 392
                    },
                    {
                        "x": 694,
                        "y": 394
                    },
                    {
                        "x": 690,
                        "y": 398
                    },
                    {
                        "x": 695,
                        "y": 401
                    },
                    {
                        "x": 695,
                        "y": 403
                    },
                    {
                        "x": 693,
                        "y": 406
                    },
                    {
                        "x": 689,
                        "y": 407
                    },
                    {
                        "x": 690,
                        "y": 413
                    },
                    {
                        "x": 688,
                        "y": 418
                    },
                    {
                        "x": 677,
                        "y": 420
                    },
                    {
                        "x": 674,
                        "y": 428
                    },
                    {
                        "x": 666,
                        "y": 438
                    },
                    {
                        "x": 664,
                        "y": 448
                    },
                    {
                        "x": 659,
                        "y": 455
                    },
                    {
                        "x": 651,
                        "y": 462
                    },
                    {
                        "x": 633,
                        "y": 472
                    },
                    {
                        "x": 623,
                        "y": 481
                    },
                    {
                        "x": 617,
                        "y": 481
                    },
                    {
                        "x": 608,
                        "y": 484
                    },
                    {
                        "x": 604,
                        "y": 487
                    },
                    {
                        "x": 602,
                        "y": 487
                    },
                    {
                        "x": 597,
                        "y": 482
                    },
                    {
                        "x": 588,
                        "y": 479
                    },
                    {
                        "x": 579,
                        "y": 487
                    },
                    {
                        "x": 572,
                        "y": 486
                    },
                    {
                        "x": 569,
                        "y": 488
                    },
                    {
                        "x": 561,
                        "y": 489
                    },
                    {
                        "x": 551,
                        "y": 486
                    },
                    {
                        "x": 543,
                        "y": 488
                    },
                    {
                        "x": 537,
                        "y": 492
                    },
                    {
                        "x": 532,
                        "y": 490
                    },
                    {
                        "x": 528,
                        "y": 479
                    },
                    {
                        "x": 526,
                        "y": 454
                    },
                    {
                        "x": 523,
                        "y": 443
                    },
                    {
                        "x": 523,
                        "y": 433
                    },
                    {
                        "x": 521,
                        "y": 428
                    },
                    {
                        "x": 521,
                        "y": 377
                    },
                    {
                        "x": 523,
                        "y": 370
                    },
                    {
                        "x": 527,
                        "y": 367
                    },
                    {
                        "x": 528,
                        "y": 363
                    },
                    {
                        "x": 533,
                        "y": 359
                    },
                    {
                        "x": 536,
                        "y": 351
                    },
                    {
                        "x": 540,
                        "y": 347
                    },
                    {
                        "x": 556,
                        "y": 346
                    },
                    {
                        "x": 564,
                        "y": 343
                    },
                    {
                        "x": 590,
                        "y": 341
                    },
                    {
                        "x": 596,
                        "y": 339
                    },
                    {
                        "x": 616,
                        "y": 339
                    }
                ],
                "type": "POLYGON"
            },
            "labels_to_revisit": []
        }
    ],
    "kind": "annotation",
    "labels_to_revisit_full_scene": [],
    "annotation_state_per_task": [
        {
            "task_id": "66fd384b0d101a6ee439044e",
            "state": "annotated"
        }
    ]
}