{
    "annotations": [
        {
            "labels": [
                {
                    "probability": 1.0,
                    "name": "bird",
                    "color": "#dcdd00ff",
                    "source": {
                        "user_id": "dd725a2c-b183-4616-bcf3-0894843fb6a5"
                    }
                }
            ],
            "shape": {
                "points": [
                    {
                        "x": 498,
                        "y": 283
                    },
                    {
                        "x": 510,
                        "y": 293
                    },
                    {
                        "x": 513,
                        "y": 298
                    },
                    {
                        "x": 511,
                        "y": 336
                    },
                    {
                        "x": 519,
                        "y": 362
                    },
                    {
                        "x": 525,
                        "y": 375
                    },
                    {
                        "x": 529,
                        "y": 395
                    },
                    {
                        "x": 530,
                        "y": 417
                    },
                    {
                        "x": 532,
                        "y": 425
                    },
                    {
                        "x": 530,
                        "y": 483
                    },
                    {
                        "x": 529,
                        "y": 487
                    },
                    {
                        "x": 524,
                        "y": 490
                    },
                    {
                        "x": 521,
                        "y": 494
                    },
                    {
                        "x": 521,
                        "y": 499
                    },
                    {
                        "x": 515,
                        "y": 507
                    },
                    {
                        "x": 513,
                        "y": 519
                    },
                    {
                        "x": 513,
                        "y": 550
                    },
                    {
                        "x": 518,
                        "y": 594
                    },
                    {
                        "x": 523,
                        "y": 616
                    },
                    {
                        "x": 523,
                        "y": 638
                    },
                    {
                        "x": 521,
                        "y": 641
                    },
                    {
                        "x": 517,
                        "y": 643
                    },
                    {
                        "x": 503,
                        "y": 643
                    },
                    {
                        "x": 493,
                        "y": 648
                    },
                    {
                        "x": 488,
                        "y": 646
                    },
                    {
                        "x": 484,
                        "y": 642
                    },
                    {
                        "x": 479,
                        "y": 629
                    },
                    {
                        "x": 478,
                        "y": 573
                    },
                    {
                        "x": 474,
                        "y": 532
                    },
                    {
                        "x": 472,
                        "y": 527
                    },
                    {
                        "x": 472,
                        "y": 520
                    },
                    {
                        "x": 476,
                        "y": 513
                    },
                    {
                        "x": 471,
                        "y": 509
                    },
                    {
                        "x": 458,
                        "y": 506
                    },
                    {
                        "x": 454,
                        "y": 503
                    },
                    {
                        "x": 454,
                        "y": 501
                    },
                    {
                        "x": 457,
                        "y": 498
                    },
                    {
                        "x": 457,
                        "y": 494
                    },
                    {
                        "x": 449,
                        "y": 486
                    },
                    {
                        "x": 444,
                        "y": 469
                    },
                    {
                        "x": 438,
                        "y": 456
                    },
                    {
                        "x": 428,
                        "y": 413
                    },
                    {
                        "x": 427,
                        "y": 401
                    },
                    {
                        "x": 428,
                        "y": 370
                    },
                    {
                        "x": 441,
                        "y": 339
                    },
                    {
                        "x": 443,
                        "y": 325
                    },
                    {
                        "x": 451,
                        "y": 314
                    },
                    {
                        "x": 456,
                        "y": 301
                    },
                    {
                        "x": 460,
                        "y": 296
                    },
                    {
                        "x": 482,
                        "y": 281
                    }
                ],
                "type": "POLYGON"
            },
            "labels_to_revisit": []
        },
        {
            "labels": [
                {
                    "probability": 1.0,
                    "name": "seed",
                    "color": "#00a5cfff",
                    "source": {
                        "user_id": "dd725a2c-b183-4616-bcf3-0894843fb6a5"
                    }
                }
            ],
            "shape": {
                "points": [
                    {
                        "x": 658,
                        "y": 334
                    },
                    {
                        "x": 672,
                        "y": 335
                    },
                    {
                        "x": 681,
                        "y": 340
                    },
                    {
                        "x": 694,
                        "y": 341
                    },
                    {
                        "x": 699,
                        "y": 339
                    },
                    {
                        "x": 704,
                        "y": 342
                    },
                    {
                        "x": 703,
                        "y": 347
                    },
                    {
                        "x": 697,
                        "y": 352
                    },
                    {
                        "x": 691,
                        "y": 368
                    },
                    {
                        "x": 682,
                        "y": 386
                    },
                    {
                        "x": 674,
                        "y": 395
                    },
                    {
                        "x": 677,
                        "y": 415
                    },
                    {
                        "x": 677,
                        "y": 427
                    },
                    {
                        "x": 686,
                        "y": 457
                    },
                    {
                        "x": 691,
                        "y": 468
                    },
                    {
                        "x": 691,
                        "y": 481
                    },
                    {
                        "x": 659,
                        "y": 481
                    },
                    {
                        "x": 640,
                        "y": 477
                    },
                    {
                        "x": 621,
                        "y": 478
                    },
                    {
                        "x": 594,
                        "y": 473
                    },
                    {
                        "x": 573,
                        "y": 473
                    },
                    {
                        "x": 567,
                        "y": 478
                    },
                    {
                        "x": 560,
                        "y": 480
                    },
                    {
                        "x": 557,
                        "y": 483
                    },
                    {
                        "x": 550,
                        "y": 482
                    },
                    {
                        "x": 546,
                        "y": 479
                    },
                    {
                        "x": 542,
                        "y": 441
                    },
                    {
                        "x": 542,
                        "y": 411
                    },
                    {
                        "x": 544,
                        "y": 379
                    },
                    {
                        "x": 550,
                        "y": 346
                    },
                    {
                        "x": 566,
                        "y": 343
                    },
                    {
                        "x": 575,
                        "y": 339
                    },
                    {
                        "x": 635,
                        "y": 335
                    },
                    {
                        "x": 642,
                        "y": 326
                    },
                    {
                        "x": 648,
                        "y": 326
                    }
                ],
                "type": "POLYGON"
            },
            "labels_to_revisit": []
        }
    ],
    "kind": "annotation",
    "labels_to_revisit_full_scene": [],
    "annotation_state_per_task": [
        {
            "task_id": "66fd384b0d101a6ee439044e",
            "state": "annotated"
        }
    ]
}