{
    "annotations": [
        {
            "labels": [
                {
                    "probability": 1.0,
                    "name": "bird",
                    "color": "#dcdd00ff",
                    "source": {
                        "user_id": "dd725a2c-b183-4616-bcf3-0894843fb6a5"
                    }
                }
            ],
            "shape": {
                "points": [
                    {
                        "x": 549,
                        "y": 355
                    },
                    {
                        "x": 552,
                        "y": 360
                    },
                    {
                        "x": 550,
                        "y": 372
                    },
                    {
                        "x": 550,
                        "y": 390
                    },
                    {
                        "x": 553,
                        "y": 422
                    },
                    {
                        "x": 553,
                        "y": 439
                    },
                    {
                        "x": 544,
                        "y": 457
                    },
                    {
                        "x": 525,
                        "y": 475
                    },
                    {
                        "x": 516,
                        "y": 481
                    },
                    {
                        "x": 501,
                        "y": 496
                    },
                    {
                        "x": 498,
                        "y": 503
                    },
                    {
                        "x": 498,
                        "y": 511
                    },
                    {
                        "x": 488,
                        "y": 519
                    },
                    {
                        "x": 487,
                        "y": 529
                    },
                    {
                        "x": 483,
                        "y": 530
                    },
                    {
                        "x": 478,
                        "y": 525
                    },
                    {
                        "x": 467,
                        "y": 525
                    },
                    {
                        "x": 460,
                        "y": 527
                    },
                    {
                        "x": 439,
                        "y": 526
                    },
                    {
                        "x": 420,
                        "y": 531
                    },
                    {
                        "x": 406,
                        "y": 540
                    },
                    {
                        "x": 382,
                        "y": 564
                    },
                    {
                        "x": 377,
                        "y": 571
                    },
                    {
                        "x": 375,
                        "y": 577
                    },
                    {
                        "x": 359,
                        "y": 602
                    },
                    {
                        "x": 358,
                        "y": 608
                    },
                    {
                        "x": 344,
                        "y": 637
                    },
                    {
                        "x": 336,
                        "y": 637
                    },
                    {
                        "x": 337,
                        "y": 644
                    },
                    {
                        "x": 333,
                        "y": 649
                    },
                    {
                        "x": 323,
                        "y": 649
                    },
                    {
                        "x": 322,
                        "y": 646
                    },
                    {
                        "x": 325,
                        "y": 632
                    },
                    {
                        "x": 341,
                        "y": 605
                    },
                    {
                        "x": 346,
                        "y": 590
                    },
                    {
                        "x": 360,
                        "y": 565
                    },
                    {
                        "x": 367,
                        "y": 544
                    },
                    {
                        "x": 374,
                        "y": 529
                    },
                    {
                        "x": 376,
                        "y": 521
                    },
                    {
                        "x": 377,
                        "y": 497
                    },
                    {
                        "x": 376,
                        "y": 496
                    },
                    {
                        "x": 374,
                        "y": 499
                    },
                    {
                        "x": 372,
                        "y": 499
                    },
                    {
                        "x": 369,
                        "y": 504
                    },
                    {
                        "x": 363,
                        "y": 503
                    },
                    {
                        "x": 368,
                        "y": 498
                    },
                    {
                        "x": 375,
                        "y": 495
                    },
                    {
                        "x": 377,
                        "y": 486
                    },
                    {
                        "x": 388,
                        "y": 466
                    },
                    {
                        "x": 405,
                        "y": 445
                    },
                    {
                        "x": 416,
                        "y": 434
                    },
                    {
                        "x": 435,
                        "y": 408
                    },
                    {
                        "x": 447,
                        "y": 397
                    },
                    {
                        "x": 457,
                        "y": 383
                    },
                    {
                        "x": 462,
                        "y": 381
                    },
                    {
                        "x": 482,
                        "y": 367
                    },
                    {
                        "x": 488,
                        "y": 366
                    },
                    {
                        "x": 491,
                        "y": 362
                    },
                    {
                        "x": 513,
                        "y": 353
                    },
                    {
                        "x": 540,
                        "y": 352
                    }
                ],
                "type": "POLYGON"
            },
            "labels_to_revisit": []
        },
        {
            "labels": [
                {
                    "probability": 1.0,
                    "name": "seed",
                    "color": "#00a5cfff",
                    "source": {
                        "user_id": "dd725a2c-b183-4616-bcf3-0894843fb6a5"
                    }
                }
            ],
            "shape": {
                "points": [
                    {
                        "x": 707,
                        "y": 358
                    },
                    {
                        "x": 704,
                        "y": 366
                    },
                    {
                        "x": 702,
                        "y": 380
                    },
                    {
                        "x": 698,
                        "y": 390
                    },
                    {
                        "x": 698,
                        "y": 395
                    },
                    {
                        "x": 704,
                        "y": 411
                    },
                    {
                        "x": 704,
                        "y": 416
                    },
                    {
                        "x": 713,
                        "y": 434
                    },
                    {
                        "x": 715,
                        "y": 447
                    },
                    {
                        "x": 720,
                        "y": 462
                    },
                    {
                        "x": 721,
                        "y": 478
                    },
                    {
                        "x": 719,
                        "y": 480
                    },
                    {
                        "x": 688,
                        "y": 480
                    },
                    {
                        "x": 673,
                        "y": 476
                    },
                    {
                        "x": 637,
                        "y": 476
                    },
                    {
                        "x": 610,
                        "y": 474
                    },
                    {
                        "x": 600,
                        "y": 476
                    },
                    {
                        "x": 589,
                        "y": 483
                    },
                    {
                        "x": 578,
                        "y": 485
                    },
                    {
                        "x": 572,
                        "y": 483
                    },
                    {
                        "x": 566,
                        "y": 478
                    },
                    {
                        "x": 566,
                        "y": 471
                    },
                    {
                        "x": 562,
                        "y": 460
                    },
                    {
                        "x": 563,
                        "y": 452
                    },
                    {
                        "x": 560,
                        "y": 441
                    },
                    {
                        "x": 562,
                        "y": 429
                    },
                    {
                        "x": 560,
                        "y": 417
                    },
                    {
                        "x": 562,
                        "y": 409
                    },
                    {
                        "x": 560,
                        "y": 401
                    },
                    {
                        "x": 561,
                        "y": 383
                    },
                    {
                        "x": 559,
                        "y": 363
                    },
                    {
                        "x": 562,
                        "y": 360
                    },
                    {
                        "x": 575,
                        "y": 359
                    },
                    {
                        "x": 587,
                        "y": 363
                    },
                    {
                        "x": 597,
                        "y": 370
                    },
                    {
                        "x": 603,
                        "y": 370
                    },
                    {
                        "x": 632,
                        "y": 360
                    },
                    {
                        "x": 645,
                        "y": 360
                    },
                    {
                        "x": 655,
                        "y": 357
                    },
                    {
                        "x": 671,
                        "y": 358
                    },
                    {
                        "x": 686,
                        "y": 353
                    },
                    {
                        "x": 698,
                        "y": 353
                    }
                ],
                "type": "POLYGON"
            },
            "labels_to_revisit": []
        }
    ],
    "kind": "annotation",
    "labels_to_revisit_full_scene": [],
    "annotation_state_per_task": [
        {
            "task_id": "66fd384b0d101a6ee439044e",
            "state": "annotated"
        }
    ]
}