{
    "annotations": [
        {
            "labels": [
                {
                    "probability": 1.0,
                    "name": "seed",
                    "color": "#00a5cfff",
                    "source": {
                        "user_id": "dd725a2c-b183-4616-bcf3-0894843fb6a5"
                    }
                }
            ],
            "shape": {
                "points": [
                    {
                        "x": 694,
                        "y": 347
                    },
                    {
                        "x": 698,
                        "y": 351
                    },
                    {
                        "x": 698,
                        "y": 358
                    },
                    {
                        "x": 681,
                        "y": 391
                    },
                    {
                        "x": 680,
                        "y": 411
                    },
                    {
                        "x": 682,
                        "y": 427
                    },
                    {
                        "x": 689,
                        "y": 440
                    },
                    {
                        "x": 699,
                        "y": 470
                    },
                    {
                        "x": 699,
                        "y": 479
                    },
                    {
                        "x": 661,
                        "y": 479
                    },
                    {
                        "x": 649,
                        "y": 476
                    },
                    {
                        "x": 628,
                        "y": 476
                    },
                    {
                        "x": 594,
                        "y": 471
                    },
                    {
                        "x": 579,
                        "y": 471
                    },
                    {
                        "x": 567,
                        "y": 480
                    },
                    {
                        "x": 561,
                        "y": 482
                    },
                    {
                        "x": 554,
                        "y": 488
                    },
                    {
                        "x": 550,
                        "y": 487
                    },
                    {
                        "x": 542,
                        "y": 480
                    },
                    {
                        "x": 540,
                        "y": 470
                    },
                    {
                        "x": 541,
                        "y": 430
                    },
                    {
                        "x": 538,
                        "y": 420
                    },
                    {
                        "x": 537,
                        "y": 405
                    },
                    {
                        "x": 537,
                        "y": 362
                    },
                    {
                        "x": 540,
                        "y": 358
                    },
                    {
                        "x": 553,
                        "y": 356
                    },
                    {
                        "x": 571,
                        "y": 361
                    },
                    {
                        "x": 590,
                        "y": 361
                    },
                    {
                        "x": 601,
                        "y": 359
                    },
                    {
                        "x": 625,
                        "y": 347
                    },
                    {
                        "x": 640,
                        "y": 345
                    },
                    {
                        "x": 665,
                        "y": 345
                    },
                    {
                        "x": 675,
                        "y": 342
                    },
                    {
                        "x": 683,
                        "y": 342
                    }
                ],
                "type": "POLYGON"
            },
            "labels_to_revisit": []
        },
        {
            "labels": [
                {
                    "probability": 1.0,
                    "name": "bird",
                    "color": "#dcdd00ff",
                    "source": {
                        "user_id": "dd725a2c-b183-4616-bcf3-0894843fb6a5"
                    }
                }
            ],
            "shape": {
                "points": [
                    {
                        "x": 531,
                        "y": 363
                    },
                    {
                        "x": 532,
                        "y": 460
                    },
                    {
                        "x": 529,
                        "y": 468
                    },
                    {
                        "x": 526,
                        "y": 471
                    },
                    {
                        "x": 518,
                        "y": 472
                    },
                    {
                        "x": 507,
                        "y": 480
                    },
                    {
                        "x": 497,
                        "y": 485
                    },
                    {
                        "x": 490,
                        "y": 491
                    },
                    {
                        "x": 469,
                        "y": 496
                    },
                    {
                        "x": 457,
                        "y": 501
                    },
                    {
                        "x": 449,
                        "y": 507
                    },
                    {
                        "x": 438,
                        "y": 506
                    },
                    {
                        "x": 427,
                        "y": 499
                    },
                    {
                        "x": 413,
                        "y": 495
                    },
                    {
                        "x": 393,
                        "y": 494
                    },
                    {
                        "x": 384,
                        "y": 492
                    },
                    {
                        "x": 361,
                        "y": 493
                    },
                    {
                        "x": 349,
                        "y": 497
                    },
                    {
                        "x": 324,
                        "y": 502
                    },
                    {
                        "x": 305,
                        "y": 511
                    },
                    {
                        "x": 295,
                        "y": 520
                    },
                    {
                        "x": 288,
                        "y": 523
                    },
                    {
                        "x": 283,
                        "y": 523
                    },
                    {
                        "x": 279,
                        "y": 528
                    },
                    {
                        "x": 272,
                        "y": 530
                    },
                    {
                        "x": 267,
                        "y": 535
                    },
                    {
                        "x": 262,
                        "y": 535
                    },
                    {
                        "x": 260,
                        "y": 533
                    },
                    {
                        "x": 261,
                        "y": 527
                    },
                    {
                        "x": 259,
                        "y": 522
                    },
                    {
                        "x": 266,
                        "y": 515
                    },
                    {
                        "x": 271,
                        "y": 514
                    },
                    {
                        "x": 286,
                        "y": 501
                    },
                    {
                        "x": 295,
                        "y": 498
                    },
                    {
                        "x": 299,
                        "y": 494
                    },
                    {
                        "x": 310,
                        "y": 488
                    },
                    {
                        "x": 324,
                        "y": 476
                    },
                    {
                        "x": 325,
                        "y": 459
                    },
                    {
                        "x": 327,
                        "y": 453
                    },
                    {
                        "x": 331,
                        "y": 448
                    },
                    {
                        "x": 340,
                        "y": 445
                    },
                    {
                        "x": 372,
                        "y": 423
                    },
                    {
                        "x": 399,
                        "y": 412
                    },
                    {
                        "x": 426,
                        "y": 395
                    },
                    {
                        "x": 449,
                        "y": 385
                    },
                    {
                        "x": 458,
                        "y": 379
                    },
                    {
                        "x": 466,
                        "y": 378
                    },
                    {
                        "x": 478,
                        "y": 362
                    },
                    {
                        "x": 484,
                        "y": 358
                    },
                    {
                        "x": 495,
                        "y": 355
                    },
                    {
                        "x": 515,
                        "y": 355
                    }
                ],
                "type": "POLYGON"
            },
            "labels_to_revisit": []
        }
    ],
    "kind": "annotation",
    "labels_to_revisit_full_scene": [],
    "annotation_state_per_task": [
        {
            "task_id": "66fd384b0d101a6ee439044e",
            "state": "annotated"
        }
    ]
}