{
    "annotations": [
        {
            "labels": [
                {
                    "probability": 1.0,
                    "name": "bird",
                    "color": "#dcdd00ff",
                    "source": {
                        "user_id": "dd725a2c-b183-4616-bcf3-0894843fb6a5"
                    }
                }
            ],
            "shape": {
                "points": [
                    {
                        "x": 499,
                        "y": 304
                    },
                    {
                        "x": 503,
                        "y": 312
                    },
                    {
                        "x": 510,
                        "y": 335
                    },
                    {
                        "x": 523,
                        "y": 353
                    },
                    {
                        "x": 535,
                        "y": 378
                    },
                    {
                        "x": 538,
                        "y": 443
                    },
                    {
                        "x": 540,
                        "y": 458
                    },
                    {
                        "x": 543,
                        "y": 463
                    },
                    {
                        "x": 544,
                        "y": 478
                    },
                    {
                        "x": 548,
                        "y": 490
                    },
                    {
                        "x": 541,
                        "y": 501
                    },
                    {
                        "x": 537,
                        "y": 501
                    },
                    {
                        "x": 535,
                        "y": 503
                    },
                    {
                        "x": 539,
                        "y": 508
                    },
                    {
                        "x": 540,
                        "y": 539
                    },
                    {
                        "x": 544,
                        "y": 552
                    },
                    {
                        "x": 544,
                        "y": 560
                    },
                    {
                        "x": 547,
                        "y": 570
                    },
                    {
                        "x": 548,
                        "y": 582
                    },
                    {
                        "x": 555,
                        "y": 612
                    },
                    {
                        "x": 555,
                        "y": 627
                    },
                    {
                        "x": 551,
                        "y": 631
                    },
                    {
                        "x": 540,
                        "y": 629
                    },
                    {
                        "x": 533,
                        "y": 634
                    },
                    {
                        "x": 523,
                        "y": 635
                    },
                    {
                        "x": 518,
                        "y": 632
                    },
                    {
                        "x": 516,
                        "y": 628
                    },
                    {
                        "x": 512,
                        "y": 612
                    },
                    {
                        "x": 511,
                        "y": 588
                    },
                    {
                        "x": 502,
                        "y": 535
                    },
                    {
                        "x": 501,
                        "y": 514
                    },
                    {
                        "x": 494,
                        "y": 509
                    },
                    {
                        "x": 487,
                        "y": 508
                    },
                    {
                        "x": 485,
                        "y": 506
                    },
                    {
                        "x": 483,
                        "y": 500
                    },
                    {
                        "x": 478,
                        "y": 494
                    },
                    {
                        "x": 476,
                        "y": 487
                    },
                    {
                        "x": 472,
                        "y": 483
                    },
                    {
                        "x": 471,
                        "y": 477
                    },
                    {
                        "x": 461,
                        "y": 465
                    },
                    {
                        "x": 440,
                        "y": 406
                    },
                    {
                        "x": 438,
                        "y": 392
                    },
                    {
                        "x": 438,
                        "y": 373
                    },
                    {
                        "x": 442,
                        "y": 346
                    },
                    {
                        "x": 445,
                        "y": 338
                    },
                    {
                        "x": 446,
                        "y": 325
                    },
                    {
                        "x": 456,
                        "y": 303
                    },
                    {
                        "x": 462,
                        "y": 298
                    },
                    {
                        "x": 470,
                        "y": 295
                    },
                    {
                        "x": 488,
                        "y": 295
                    }
                ],
                "type": "POLYGON"
            },
            "labels_to_revisit": []
        },
        {
            "labels": [
                {
                    "probability": 1.0,
                    "name": "seed",
                    "color": "#00a5cfff",
                    "source": {
                        "user_id": "dd725a2c-b183-4616-bcf3-0894843fb6a5"
                    }
                }
            ],
            "shape": {
                "points": [
                    {
                        "x": 657,
                        "y": 334
                    },
                    {
                        "x": 674,
                        "y": 334
                    },
                    {
                        "x": 685,
                        "y": 339
                    },
                    {
                        "x": 699,
                        "y": 339
                    },
                    {
                        "x": 706,
                        "y": 344
                    },
                    {
                        "x": 707,
                        "y": 348
                    },
                    {
                        "x": 705,
                        "y": 348
                    },
                    {
                        "x": 701,
                        "y": 352
                    },
                    {
                        "x": 690,
                        "y": 379
                    },
                    {
                        "x": 683,
                        "y": 385
                    },
                    {
                        "x": 678,
                        "y": 393
                    },
                    {
                        "x": 678,
                        "y": 402
                    },
                    {
                        "x": 681,
                        "y": 412
                    },
                    {
                        "x": 682,
                        "y": 427
                    },
                    {
                        "x": 689,
                        "y": 443
                    },
                    {
                        "x": 697,
                        "y": 471
                    },
                    {
                        "x": 697,
                        "y": 479
                    },
                    {
                        "x": 695,
                        "y": 481
                    },
                    {
                        "x": 670,
                        "y": 482
                    },
                    {
                        "x": 654,
                        "y": 477
                    },
                    {
                        "x": 619,
                        "y": 477
                    },
                    {
                        "x": 605,
                        "y": 474
                    },
                    {
                        "x": 584,
                        "y": 475
                    },
                    {
                        "x": 577,
                        "y": 482
                    },
                    {
                        "x": 567,
                        "y": 484
                    },
                    {
                        "x": 556,
                        "y": 484
                    },
                    {
                        "x": 550,
                        "y": 480
                    },
                    {
                        "x": 548,
                        "y": 465
                    },
                    {
                        "x": 548,
                        "y": 432
                    },
                    {
                        "x": 546,
                        "y": 421
                    },
                    {
                        "x": 546,
                        "y": 406
                    },
                    {
                        "x": 544,
                        "y": 398
                    },
                    {
                        "x": 545,
                        "y": 392
                    },
                    {
                        "x": 542,
                        "y": 385
                    },
                    {
                        "x": 542,
                        "y": 372
                    },
                    {
                        "x": 551,
                        "y": 360
                    },
                    {
                        "x": 553,
                        "y": 347
                    },
                    {
                        "x": 557,
                        "y": 345
                    },
                    {
                        "x": 567,
                        "y": 344
                    },
                    {
                        "x": 578,
                        "y": 339
                    },
                    {
                        "x": 633,
                        "y": 336
                    },
                    {
                        "x": 647,
                        "y": 334
                    },
                    {
                        "x": 651,
                        "y": 332
                    }
                ],
                "type": "POLYGON"
            },
            "labels_to_revisit": []
        }
    ],
    "kind": "annotation",
    "labels_to_revisit_full_scene": [],
    "annotation_state_per_task": [
        {
            "task_id": "66fd384b0d101a6ee439044e",
            "state": "annotated"
        }
    ]
}