{
    "annotations": [
        {
            "labels": [
                {
                    "probability": 1.0,
                    "name": "seed",
                    "color": "#00a5cfff",
                    "source": {
                        "user_id": "dd725a2c-b183-4616-bcf3-0894843fb6a5"
                    }
                }
            ],
            "shape": {
                "points": [
                    {
                        "x": 669,
                        "y": 372
                    },
                    {
                        "x": 669,
                        "y": 376
                    },
                    {
                        "x": 673,
                        "y": 382
                    },
                    {
                        "x": 674,
                        "y": 390
                    },
                    {
                        "x": 677,
                        "y": 396
                    },
                    {
                        "x": 677,
                        "y": 401
                    },
                    {
                        "x": 684,
                        "y": 413
                    },
                    {
                        "x": 685,
                        "y": 426
                    },
                    {
                        "x": 697,
                        "y": 459
                    },
                    {
                        "x": 699,
                        "y": 477
                    },
                    {
                        "x": 697,
                        "y": 479
                    },
                    {
                        "x": 685,
                        "y": 480
                    },
                    {
                        "x": 651,
                        "y": 476
                    },
                    {
                        "x": 616,
                        "y": 476
                    },
                    {
                        "x": 603,
                        "y": 473
                    },
                    {
                        "x": 582,
                        "y": 472
                    },
                    {
                        "x": 571,
                        "y": 475
                    },
                    {
                        "x": 553,
                        "y": 484
                    },
                    {
                        "x": 547,
                        "y": 484
                    },
                    {
                        "x": 543,
                        "y": 478
                    },
                    {
                        "x": 542,
                        "y": 429
                    },
                    {
                        "x": 540,
                        "y": 420
                    },
                    {
                        "x": 542,
                        "y": 399
                    },
                    {
                        "x": 544,
                        "y": 396
                    },
                    {
                        "x": 549,
                        "y": 395
                    },
                    {
                        "x": 552,
                        "y": 397
                    },
                    {
                        "x": 560,
                        "y": 392
                    },
                    {
                        "x": 570,
                        "y": 390
                    },
                    {
                        "x": 583,
                        "y": 391
                    },
                    {
                        "x": 597,
                        "y": 384
                    },
                    {
                        "x": 615,
                        "y": 384
                    },
                    {
                        "x": 618,
                        "y": 383
                    },
                    {
                        "x": 622,
                        "y": 378
                    },
                    {
                        "x": 620,
                        "y": 376
                    },
                    {
                        "x": 621,
                        "y": 371
                    },
                    {
                        "x": 628,
                        "y": 373
                    },
                    {
                        "x": 631,
                        "y": 383
                    },
                    {
                        "x": 636,
                        "y": 388
                    },
                    {
                        "x": 644,
                        "y": 390
                    },
                    {
                        "x": 657,
                        "y": 389
                    },
                    {
                        "x": 657,
                        "y": 386
                    },
                    {
                        "x": 641,
                        "y": 382
                    },
                    {
                        "x": 639,
                        "y": 380
                    },
                    {
                        "x": 639,
                        "y": 372
                    },
                    {
                        "x": 650,
                        "y": 372
                    },
                    {
                        "x": 653,
                        "y": 376
                    },
                    {
                        "x": 658,
                        "y": 377
                    },
                    {
                        "x": 662,
                        "y": 371
                    }
                ],
                "type": "POLYGON"
            },
            "labels_to_revisit": []
        },
        {
            "labels": [
                {
                    "probability": 1.0,
                    "name": "bird",
                    "color": "#dcdd00ff",
                    "source": {
                        "user_id": "dd725a2c-b183-4616-bcf3-0894843fb6a5"
                    }
                }
            ],
            "shape": {
                "points": [
                    {
                        "x": 512,
                        "y": 350
                    },
                    {
                        "x": 526,
                        "y": 357
                    },
                    {
                        "x": 531,
                        "y": 362
                    },
                    {
                        "x": 529,
                        "y": 390
                    },
                    {
                        "x": 532,
                        "y": 418
                    },
                    {
                        "x": 534,
                        "y": 421
                    },
                    {
                        "x": 537,
                        "y": 440
                    },
                    {
                        "x": 537,
                        "y": 452
                    },
                    {
                        "x": 539,
                        "y": 458
                    },
                    {
                        "x": 539,
                        "y": 471
                    },
                    {
                        "x": 541,
                        "y": 479
                    },
                    {
                        "x": 541,
                        "y": 493
                    },
                    {
                        "x": 539,
                        "y": 500
                    },
                    {
                        "x": 527,
                        "y": 512
                    },
                    {
                        "x": 529,
                        "y": 515
                    },
                    {
                        "x": 528,
                        "y": 519
                    },
                    {
                        "x": 518,
                        "y": 514
                    },
                    {
                        "x": 515,
                        "y": 510
                    },
                    {
                        "x": 501,
                        "y": 505
                    },
                    {
                        "x": 497,
                        "y": 502
                    },
                    {
                        "x": 488,
                        "y": 501
                    },
                    {
                        "x": 483,
                        "y": 498
                    },
                    {
                        "x": 462,
                        "y": 498
                    },
                    {
                        "x": 457,
                        "y": 500
                    },
                    {
                        "x": 442,
                        "y": 494
                    },
                    {
                        "x": 442,
                        "y": 489
                    },
                    {
                        "x": 444,
                        "y": 487
                    },
                    {
                        "x": 461,
                        "y": 485
                    },
                    {
                        "x": 463,
                        "y": 488
                    },
                    {
                        "x": 465,
                        "y": 479
                    },
                    {
                        "x": 462,
                        "y": 472
                    },
                    {
                        "x": 459,
                        "y": 475
                    },
                    {
                        "x": 457,
                        "y": 475
                    },
                    {
                        "x": 455,
                        "y": 467
                    },
                    {
                        "x": 455,
                        "y": 452
                    },
                    {
                        "x": 450,
                        "y": 414
                    },
                    {
                        "x": 453,
                        "y": 379
                    },
                    {
                        "x": 456,
                        "y": 371
                    },
                    {
                        "x": 461,
                        "y": 366
                    },
                    {
                        "x": 483,
                        "y": 349
                    },
                    {
                        "x": 503,
                        "y": 348
                    }
                ],
                "type": "POLYGON"
            },
            "labels_to_revisit": []
        },
        {
            "labels": [
                {
                    "probability": 1.0,
                    "name": "bird",
                    "color": "#dcdd00ff",
                    "source": {
                        "user_id": "dd725a2c-b183-4616-bcf3-0894843fb6a5"
                    }
                }
            ],
            "shape": {
                "points": [
                    {
                        "x": 590,
                        "y": 548
                    },
                    {
                        "x": 598,
                        "y": 566
                    },
                    {
                        "x": 626,
                        "y": 616
                    },
                    {
                        "x": 628,
                        "y": 634
                    },
                    {
                        "x": 626,
                        "y": 637
                    },
                    {
                        "x": 614,
                        "y": 641
                    },
                    {
                        "x": 598,
                        "y": 653
                    },
                    {
                        "x": 592,
                        "y": 653
                    },
                    {
                        "x": 588,
                        "y": 651
                    },
                    {
                        "x": 581,
                        "y": 635
                    },
                    {
                        "x": 579,
                        "y": 624
                    },
                    {
                        "x": 569,
                        "y": 598
                    },
                    {
                        "x": 546,
                        "y": 549
                    },
                    {
                        "x": 547,
                        "y": 544
                    },
                    {
                        "x": 585,
                        "y": 544
                    }
                ],
                "type": "POLYGON"
            },
            "labels_to_revisit": []
        },
        {
            "labels": [
                {
                    "probability": 1.0,
                    "name": "bird",
                    "color": "#dcdd00ff",
                    "source": {
                        "user_id": "dd725a2c-b183-4616-bcf3-0894843fb6a5"
                    }
                }
            ],
            "shape": {
                "points": [
                    {
                        "x": 845,
                        "y": 359
                    },
                    {
                        "x": 869,
                        "y": 377
                    },
                    {
                        "x": 883,
                        "y": 394
                    },
                    {
                        "x": 901,
                        "y": 412
                    },
                    {
                        "x": 913,
                        "y": 432
                    },
                    {
                        "x": 928,
                        "y": 443
                    },
                    {
                        "x": 930,
                        "y": 446
                    },
                    {
                        "x": 928,
                        "y": 452
                    },
                    {
                        "x": 921,
                        "y": 454
                    },
                    {
                        "x": 923,
                        "y": 467
                    },
                    {
                        "x": 927,
                        "y": 475
                    },
                    {
                        "x": 941,
                        "y": 493
                    },
                    {
                        "x": 955,
                        "y": 507
                    },
                    {
                        "x": 962,
                        "y": 519
                    },
                    {
                        "x": 977,
                        "y": 533
                    },
                    {
                        "x": 985,
                        "y": 554
                    },
                    {
                        "x": 993,
                        "y": 563
                    },
                    {
                        "x": 993,
                        "y": 570
                    },
                    {
                        "x": 984,
                        "y": 570
                    },
                    {
                        "x": 975,
                        "y": 563
                    },
                    {
                        "x": 967,
                        "y": 560
                    },
                    {
                        "x": 958,
                        "y": 548
                    },
                    {
                        "x": 957,
                        "y": 544
                    },
                    {
                        "x": 946,
                        "y": 534
                    },
                    {
                        "x": 936,
                        "y": 519
                    },
                    {
                        "x": 913,
                        "y": 500
                    },
                    {
                        "x": 892,
                        "y": 487
                    },
                    {
                        "x": 880,
                        "y": 492
                    },
                    {
                        "x": 873,
                        "y": 492
                    },
                    {
                        "x": 863,
                        "y": 485
                    },
                    {
                        "x": 857,
                        "y": 484
                    },
                    {
                        "x": 850,
                        "y": 487
                    },
                    {
                        "x": 826,
                        "y": 490
                    },
                    {
                        "x": 818,
                        "y": 481
                    },
                    {
                        "x": 794,
                        "y": 479
                    },
                    {
                        "x": 790,
                        "y": 471
                    },
                    {
                        "x": 788,
                        "y": 464
                    },
                    {
                        "x": 789,
                        "y": 458
                    },
                    {
                        "x": 786,
                        "y": 453
                    },
                    {
                        "x": 764,
                        "y": 433
                    },
                    {
                        "x": 759,
                        "y": 425
                    },
                    {
                        "x": 745,
                        "y": 413
                    },
                    {
                        "x": 741,
                        "y": 379
                    },
                    {
                        "x": 748,
                        "y": 358
                    },
                    {
                        "x": 754,
                        "y": 353
                    },
                    {
                        "x": 785,
                        "y": 344
                    },
                    {
                        "x": 804,
                        "y": 344
                    }
                ],
                "type": "POLYGON"
            },
            "labels_to_revisit": []
        }
    ],
    "kind": "annotation",
    "labels_to_revisit_full_scene": [],
    "annotation_state_per_task": [
        {
            "task_id": "66fd384b0d101a6ee439044e",
            "state": "annotated"
        }
    ]
}