{
    "annotations": [
        {
            "labels": [
                {
                    "probability": 1.0,
                    "name": "bird",
                    "color": "#dcdd00ff",
                    "source": {
                        "user_id": "dd725a2c-b183-4616-bcf3-0894843fb6a5"
                    }
                }
            ],
            "shape": {
                "points": [
                    {
                        "x": 792,
                        "y": 340
                    },
                    {
                        "x": 812,
                        "y": 354
                    },
                    {
                        "x": 818,
                        "y": 362
                    },
                    {
                        "x": 823,
                        "y": 375
                    },
                    {
                        "x": 827,
                        "y": 402
                    },
                    {
                        "x": 850,
                        "y": 446
                    },
                    {
                        "x": 865,
                        "y": 482
                    },
                    {
                        "x": 879,
                        "y": 508
                    },
                    {
                        "x": 890,
                        "y": 546
                    },
                    {
                        "x": 898,
                        "y": 565
                    },
                    {
                        "x": 900,
                        "y": 575
                    },
                    {
                        "x": 918,
                        "y": 603
                    },
                    {
                        "x": 924,
                        "y": 616
                    },
                    {
                        "x": 933,
                        "y": 629
                    },
                    {
                        "x": 944,
                        "y": 650
                    },
                    {
                        "x": 961,
                        "y": 675
                    },
                    {
                        "x": 963,
                        "y": 687
                    },
                    {
                        "x": 959,
                        "y": 694
                    },
                    {
                        "x": 952,
                        "y": 694
                    },
                    {
                        "x": 948,
                        "y": 692
                    },
                    {
                        "x": 939,
                        "y": 684
                    },
                    {
                        "x": 919,
                        "y": 644
                    },
                    {
                        "x": 903,
                        "y": 621
                    },
                    {
                        "x": 879,
                        "y": 598
                    },
                    {
                        "x": 861,
                        "y": 584
                    },
                    {
                        "x": 841,
                        "y": 572
                    },
                    {
                        "x": 824,
                        "y": 567
                    },
                    {
                        "x": 814,
                        "y": 562
                    },
                    {
                        "x": 804,
                        "y": 561
                    },
                    {
                        "x": 794,
                        "y": 556
                    },
                    {
                        "x": 777,
                        "y": 554
                    },
                    {
                        "x": 773,
                        "y": 555
                    },
                    {
                        "x": 770,
                        "y": 558
                    },
                    {
                        "x": 765,
                        "y": 557
                    },
                    {
                        "x": 762,
                        "y": 542
                    },
                    {
                        "x": 764,
                        "y": 538
                    },
                    {
                        "x": 772,
                        "y": 531
                    },
                    {
                        "x": 774,
                        "y": 523
                    },
                    {
                        "x": 752,
                        "y": 489
                    },
                    {
                        "x": 743,
                        "y": 469
                    },
                    {
                        "x": 740,
                        "y": 450
                    },
                    {
                        "x": 740,
                        "y": 430
                    },
                    {
                        "x": 745,
                        "y": 407
                    },
                    {
                        "x": 750,
                        "y": 393
                    },
                    {
                        "x": 750,
                        "y": 383
                    },
                    {
                        "x": 743,
                        "y": 371
                    },
                    {
                        "x": 736,
                        "y": 369
                    },
                    {
                        "x": 733,
                        "y": 365
                    },
                    {
                        "x": 733,
                        "y": 359
                    },
                    {
                        "x": 736,
                        "y": 353
                    },
                    {
                        "x": 742,
                        "y": 350
                    },
                    {
                        "x": 751,
                        "y": 342
                    },
                    {
                        "x": 757,
                        "y": 339
                    },
                    {
                        "x": 766,
                        "y": 338
                    }
                ],
                "type": "POLYGON"
            },
            "labels_to_revisit": []
        },
        {
            "labels": [
                {
                    "probability": 1.0,
                    "name": "bird",
                    "color": "#dcdd00ff",
                    "source": {
                        "user_id": "dd725a2c-b183-4616-bcf3-0894843fb6a5"
                    }
                }
            ],
            "shape": {
                "points": [
                    {
                        "x": 507,
                        "y": 401
                    },
                    {
                        "x": 508,
                        "y": 404
                    },
                    {
                        "x": 506,
                        "y": 407
                    },
                    {
                        "x": 503,
                        "y": 408
                    },
                    {
                        "x": 498,
                        "y": 446
                    },
                    {
                        "x": 498,
                        "y": 467
                    },
                    {
                        "x": 491,
                        "y": 498
                    },
                    {
                        "x": 487,
                        "y": 503
                    },
                    {
                        "x": 489,
                        "y": 505
                    },
                    {
                        "x": 489,
                        "y": 508
                    },
                    {
                        "x": 482,
                        "y": 508
                    },
                    {
                        "x": 481,
                        "y": 503
                    },
                    {
                        "x": 477,
                        "y": 501
                    },
                    {
                        "x": 472,
                        "y": 503
                    },
                    {
                        "x": 463,
                        "y": 510
                    },
                    {
                        "x": 447,
                        "y": 517
                    },
                    {
                        "x": 444,
                        "y": 522
                    },
                    {
                        "x": 449,
                        "y": 528
                    },
                    {
                        "x": 450,
                        "y": 533
                    },
                    {
                        "x": 446,
                        "y": 533
                    },
                    {
                        "x": 443,
                        "y": 530
                    },
                    {
                        "x": 439,
                        "y": 532
                    },
                    {
                        "x": 428,
                        "y": 532
                    },
                    {
                        "x": 419,
                        "y": 538
                    },
                    {
                        "x": 413,
                        "y": 540
                    },
                    {
                        "x": 384,
                        "y": 541
                    },
                    {
                        "x": 379,
                        "y": 543
                    },
                    {
                        "x": 374,
                        "y": 548
                    },
                    {
                        "x": 366,
                        "y": 564
                    },
                    {
                        "x": 366,
                        "y": 569
                    },
                    {
                        "x": 364,
                        "y": 573
                    },
                    {
                        "x": 359,
                        "y": 598
                    },
                    {
                        "x": 354,
                        "y": 634
                    },
                    {
                        "x": 354,
                        "y": 660
                    },
                    {
                        "x": 351,
                        "y": 676
                    },
                    {
                        "x": 349,
                        "y": 678
                    },
                    {
                        "x": 327,
                        "y": 677
                    },
                    {
                        "x": 326,
                        "y": 655
                    },
                    {
                        "x": 333,
                        "y": 623
                    },
                    {
                        "x": 339,
                        "y": 556
                    },
                    {
                        "x": 334,
                        "y": 528
                    },
                    {
                        "x": 320,
                        "y": 528
                    },
                    {
                        "x": 314,
                        "y": 522
                    },
                    {
                        "x": 315,
                        "y": 505
                    },
                    {
                        "x": 319,
                        "y": 493
                    },
                    {
                        "x": 326,
                        "y": 488
                    },
                    {
                        "x": 332,
                        "y": 488
                    },
                    {
                        "x": 337,
                        "y": 485
                    },
                    {
                        "x": 351,
                        "y": 466
                    },
                    {
                        "x": 364,
                        "y": 453
                    },
                    {
                        "x": 380,
                        "y": 433
                    },
                    {
                        "x": 398,
                        "y": 419
                    },
                    {
                        "x": 412,
                        "y": 412
                    },
                    {
                        "x": 442,
                        "y": 402
                    },
                    {
                        "x": 485,
                        "y": 398
                    },
                    {
                        "x": 499,
                        "y": 398
                    }
                ],
                "type": "POLYGON"
            },
            "labels_to_revisit": []
        },
        {
            "labels": [
                {
                    "probability": 1.0,
                    "name": "seed",
                    "color": "#00a5cfff",
                    "source": {
                        "user_id": "dd725a2c-b183-4616-bcf3-0894843fb6a5"
                    }
                }
            ],
            "shape": {
                "points": [
                    {
                        "x": 575,
                        "y": 336
                    },
                    {
                        "x": 590,
                        "y": 338
                    },
                    {
                        "x": 622,
                        "y": 336
                    },
                    {
                        "x": 627,
                        "y": 338
                    },
                    {
                        "x": 646,
                        "y": 338
                    },
                    {
                        "x": 656,
                        "y": 341
                    },
                    {
                        "x": 674,
                        "y": 340
                    },
                    {
                        "x": 684,
                        "y": 343
                    },
                    {
                        "x": 697,
                        "y": 353
                    },
                    {
                        "x": 700,
                        "y": 359
                    },
                    {
                        "x": 701,
                        "y": 369
                    },
                    {
                        "x": 699,
                        "y": 395
                    },
                    {
                        "x": 694,
                        "y": 398
                    },
                    {
                        "x": 682,
                        "y": 401
                    },
                    {
                        "x": 676,
                        "y": 407
                    },
                    {
                        "x": 669,
                        "y": 418
                    },
                    {
                        "x": 663,
                        "y": 424
                    },
                    {
                        "x": 657,
                        "y": 438
                    },
                    {
                        "x": 651,
                        "y": 444
                    },
                    {
                        "x": 648,
                        "y": 454
                    },
                    {
                        "x": 650,
                        "y": 467
                    },
                    {
                        "x": 661,
                        "y": 497
                    },
                    {
                        "x": 661,
                        "y": 537
                    },
                    {
                        "x": 655,
                        "y": 538
                    },
                    {
                        "x": 643,
                        "y": 536
                    },
                    {
                        "x": 630,
                        "y": 536
                    },
                    {
                        "x": 604,
                        "y": 530
                    },
                    {
                        "x": 581,
                        "y": 528
                    },
                    {
                        "x": 568,
                        "y": 523
                    },
                    {
                        "x": 546,
                        "y": 524
                    },
                    {
                        "x": 533,
                        "y": 522
                    },
                    {
                        "x": 524,
                        "y": 528
                    },
                    {
                        "x": 511,
                        "y": 529
                    },
                    {
                        "x": 507,
                        "y": 526
                    },
                    {
                        "x": 505,
                        "y": 518
                    },
                    {
                        "x": 505,
                        "y": 502
                    },
                    {
                        "x": 508,
                        "y": 491
                    },
                    {
                        "x": 508,
                        "y": 475
                    },
                    {
                        "x": 514,
                        "y": 442
                    },
                    {
                        "x": 513,
                        "y": 399
                    },
                    {
                        "x": 516,
                        "y": 382
                    },
                    {
                        "x": 520,
                        "y": 376
                    },
                    {
                        "x": 521,
                        "y": 363
                    },
                    {
                        "x": 523,
                        "y": 358
                    },
                    {
                        "x": 523,
                        "y": 346
                    },
                    {
                        "x": 526,
                        "y": 338
                    },
                    {
                        "x": 533,
                        "y": 339
                    },
                    {
                        "x": 559,
                        "y": 332
                    },
                    {
                        "x": 566,
                        "y": 332
                    }
                ],
                "type": "POLYGON"
            },
            "labels_to_revisit": []
        }
    ],
    "kind": "annotation",
    "labels_to_revisit_full_scene": [],
    "annotation_state_per_task": [
        {
            "task_id": "66fd384b0d101a6ee439044e",
            "state": "annotated"
        }
    ]
}