{
    "annotations": [
        {
            "labels": [
                {
                    "probability": 1.0,
                    "name": "seed",
                    "color": "#00a5cfff",
                    "source": {
                        "user_id": "dd725a2c-b183-4616-bcf3-0894843fb6a5"
                    }
                }
            ],
            "shape": {
                "points": [
                    {
                        "x": 682,
                        "y": 370
                    },
                    {
                        "x": 688,
                        "y": 369
                    },
                    {
                        "x": 698,
                        "y": 377
                    },
                    {
                        "x": 694,
                        "y": 386
                    },
                    {
                        "x": 696,
                        "y": 415
                    },
                    {
                        "x": 699,
                        "y": 426
                    },
                    {
                        "x": 704,
                        "y": 433
                    },
                    {
                        "x": 706,
                        "y": 442
                    },
                    {
                        "x": 711,
                        "y": 450
                    },
                    {
                        "x": 712,
                        "y": 471
                    },
                    {
                        "x": 707,
                        "y": 481
                    },
                    {
                        "x": 701,
                        "y": 481
                    },
                    {
                        "x": 697,
                        "y": 478
                    },
                    {
                        "x": 681,
                        "y": 478
                    },
                    {
                        "x": 663,
                        "y": 475
                    },
                    {
                        "x": 621,
                        "y": 476
                    },
                    {
                        "x": 613,
                        "y": 472
                    },
                    {
                        "x": 592,
                        "y": 471
                    },
                    {
                        "x": 584,
                        "y": 479
                    },
                    {
                        "x": 574,
                        "y": 480
                    },
                    {
                        "x": 557,
                        "y": 486
                    },
                    {
                        "x": 555,
                        "y": 469
                    },
                    {
                        "x": 555,
                        "y": 431
                    },
                    {
                        "x": 553,
                        "y": 428
                    },
                    {
                        "x": 551,
                        "y": 401
                    },
                    {
                        "x": 553,
                        "y": 396
                    },
                    {
                        "x": 564,
                        "y": 398
                    },
                    {
                        "x": 573,
                        "y": 394
                    },
                    {
                        "x": 577,
                        "y": 390
                    },
                    {
                        "x": 592,
                        "y": 389
                    },
                    {
                        "x": 597,
                        "y": 385
                    },
                    {
                        "x": 603,
                        "y": 385
                    },
                    {
                        "x": 609,
                        "y": 380
                    },
                    {
                        "x": 617,
                        "y": 378
                    },
                    {
                        "x": 622,
                        "y": 380
                    },
                    {
                        "x": 631,
                        "y": 379
                    },
                    {
                        "x": 639,
                        "y": 372
                    },
                    {
                        "x": 655,
                        "y": 371
                    },
                    {
                        "x": 663,
                        "y": 368
                    },
                    {
                        "x": 678,
                        "y": 367
                    }
                ],
                "type": "POLYGON"
            },
            "labels_to_revisit": []
        },
        {
            "labels": [
                {
                    "probability": 1.0,
                    "name": "bird",
                    "color": "#dcdd00ff",
                    "source": {
                        "user_id": "dd725a2c-b183-4616-bcf3-0894843fb6a5"
                    }
                }
            ],
            "shape": {
                "points": [
                    {
                        "x": 825,
                        "y": 336
                    },
                    {
                        "x": 847,
                        "y": 347
                    },
                    {
                        "x": 882,
                        "y": 371
                    },
                    {
                        "x": 910,
                        "y": 400
                    },
                    {
                        "x": 924,
                        "y": 412
                    },
                    {
                        "x": 932,
                        "y": 422
                    },
                    {
                        "x": 941,
                        "y": 442
                    },
                    {
                        "x": 943,
                        "y": 458
                    },
                    {
                        "x": 947,
                        "y": 469
                    },
                    {
                        "x": 961,
                        "y": 489
                    },
                    {
                        "x": 975,
                        "y": 501
                    },
                    {
                        "x": 980,
                        "y": 515
                    },
                    {
                        "x": 1007,
                        "y": 549
                    },
                    {
                        "x": 1009,
                        "y": 555
                    },
                    {
                        "x": 1017,
                        "y": 566
                    },
                    {
                        "x": 1017,
                        "y": 574
                    },
                    {
                        "x": 1010,
                        "y": 574
                    },
                    {
                        "x": 999,
                        "y": 569
                    },
                    {
                        "x": 989,
                        "y": 559
                    },
                    {
                        "x": 982,
                        "y": 549
                    },
                    {
                        "x": 980,
                        "y": 543
                    },
                    {
                        "x": 972,
                        "y": 537
                    },
                    {
                        "x": 970,
                        "y": 532
                    },
                    {
                        "x": 958,
                        "y": 518
                    },
                    {
                        "x": 944,
                        "y": 510
                    },
                    {
                        "x": 936,
                        "y": 500
                    },
                    {
                        "x": 912,
                        "y": 483
                    },
                    {
                        "x": 903,
                        "y": 480
                    },
                    {
                        "x": 891,
                        "y": 481
                    },
                    {
                        "x": 874,
                        "y": 478
                    },
                    {
                        "x": 858,
                        "y": 483
                    },
                    {
                        "x": 842,
                        "y": 483
                    },
                    {
                        "x": 834,
                        "y": 476
                    },
                    {
                        "x": 822,
                        "y": 473
                    },
                    {
                        "x": 812,
                        "y": 474
                    },
                    {
                        "x": 808,
                        "y": 477
                    },
                    {
                        "x": 803,
                        "y": 477
                    },
                    {
                        "x": 799,
                        "y": 479
                    },
                    {
                        "x": 787,
                        "y": 478
                    },
                    {
                        "x": 783,
                        "y": 468
                    },
                    {
                        "x": 787,
                        "y": 460
                    },
                    {
                        "x": 793,
                        "y": 456
                    },
                    {
                        "x": 792,
                        "y": 449
                    },
                    {
                        "x": 781,
                        "y": 436
                    },
                    {
                        "x": 770,
                        "y": 427
                    },
                    {
                        "x": 752,
                        "y": 401
                    },
                    {
                        "x": 747,
                        "y": 385
                    },
                    {
                        "x": 747,
                        "y": 377
                    },
                    {
                        "x": 754,
                        "y": 362
                    },
                    {
                        "x": 751,
                        "y": 358
                    },
                    {
                        "x": 749,
                        "y": 350
                    },
                    {
                        "x": 741,
                        "y": 345
                    },
                    {
                        "x": 741,
                        "y": 341
                    },
                    {
                        "x": 747,
                        "y": 340
                    },
                    {
                        "x": 764,
                        "y": 331
                    },
                    {
                        "x": 779,
                        "y": 327
                    },
                    {
                        "x": 794,
                        "y": 327
                    }
                ],
                "type": "POLYGON"
            },
            "labels_to_revisit": []
        },
        {
            "labels": [
                {
                    "probability": 1.0,
                    "name": "bird",
                    "color": "#dcdd00ff",
                    "source": {
                        "user_id": "dd725a2c-b183-4616-bcf3-0894843fb6a5"
                    }
                }
            ],
            "shape": {
                "points": [
                    {
                        "x": 507,
                        "y": 327
                    },
                    {
                        "x": 513,
                        "y": 332
                    },
                    {
                        "x": 522,
                        "y": 346
                    },
                    {
                        "x": 521,
                        "y": 363
                    },
                    {
                        "x": 523,
                        "y": 369
                    },
                    {
                        "x": 540,
                        "y": 384
                    },
                    {
                        "x": 544,
                        "y": 394
                    },
                    {
                        "x": 546,
                        "y": 419
                    },
                    {
                        "x": 544,
                        "y": 423
                    },
                    {
                        "x": 546,
                        "y": 439
                    },
                    {
                        "x": 544,
                        "y": 442
                    },
                    {
                        "x": 544,
                        "y": 446
                    },
                    {
                        "x": 549,
                        "y": 454
                    },
                    {
                        "x": 547,
                        "y": 466
                    },
                    {
                        "x": 551,
                        "y": 475
                    },
                    {
                        "x": 551,
                        "y": 479
                    },
                    {
                        "x": 540,
                        "y": 479
                    },
                    {
                        "x": 533,
                        "y": 482
                    },
                    {
                        "x": 525,
                        "y": 493
                    },
                    {
                        "x": 515,
                        "y": 498
                    },
                    {
                        "x": 511,
                        "y": 503
                    },
                    {
                        "x": 500,
                        "y": 502
                    },
                    {
                        "x": 502,
                        "y": 499
                    },
                    {
                        "x": 501,
                        "y": 495
                    },
                    {
                        "x": 497,
                        "y": 491
                    },
                    {
                        "x": 491,
                        "y": 490
                    },
                    {
                        "x": 488,
                        "y": 487
                    },
                    {
                        "x": 470,
                        "y": 459
                    },
                    {
                        "x": 456,
                        "y": 446
                    },
                    {
                        "x": 447,
                        "y": 425
                    },
                    {
                        "x": 446,
                        "y": 405
                    },
                    {
                        "x": 442,
                        "y": 384
                    },
                    {
                        "x": 443,
                        "y": 359
                    },
                    {
                        "x": 455,
                        "y": 333
                    },
                    {
                        "x": 466,
                        "y": 324
                    },
                    {
                        "x": 474,
                        "y": 321
                    },
                    {
                        "x": 495,
                        "y": 321
                    }
                ],
                "type": "POLYGON"
            },
            "labels_to_revisit": []
        }
    ],
    "kind": "annotation",
    "labels_to_revisit_full_scene": [],
    "annotation_state_per_task": [
        {
            "task_id": "66fd384b0d101a6ee439044e",
            "state": "annotated"
        }
    ]
}