{
    "annotations": [
        {
            "labels": [
                {
                    "probability": 1.0,
                    "name": "seed",
                    "color": "#00a5cfff",
                    "source": {
                        "user_id": "dd725a2c-b183-4616-bcf3-0894843fb6a5"
                    }
                }
            ],
            "shape": {
                "points": [
                    {
                        "x": 688,
                        "y": 358
                    },
                    {
                        "x": 688,
                        "y": 367
                    },
                    {
                        "x": 672,
                        "y": 394
                    },
                    {
                        "x": 669,
                        "y": 406
                    },
                    {
                        "x": 670,
                        "y": 428
                    },
                    {
                        "x": 680,
                        "y": 449
                    },
                    {
                        "x": 688,
                        "y": 476
                    },
                    {
                        "x": 687,
                        "y": 486
                    },
                    {
                        "x": 685,
                        "y": 488
                    },
                    {
                        "x": 651,
                        "y": 488
                    },
                    {
                        "x": 646,
                        "y": 487
                    },
                    {
                        "x": 637,
                        "y": 482
                    },
                    {
                        "x": 615,
                        "y": 482
                    },
                    {
                        "x": 599,
                        "y": 479
                    },
                    {
                        "x": 573,
                        "y": 479
                    },
                    {
                        "x": 567,
                        "y": 482
                    },
                    {
                        "x": 563,
                        "y": 482
                    },
                    {
                        "x": 558,
                        "y": 486
                    },
                    {
                        "x": 552,
                        "y": 484
                    },
                    {
                        "x": 550,
                        "y": 486
                    },
                    {
                        "x": 547,
                        "y": 486
                    },
                    {
                        "x": 544,
                        "y": 480
                    },
                    {
                        "x": 542,
                        "y": 479
                    },
                    {
                        "x": 539,
                        "y": 489
                    },
                    {
                        "x": 537,
                        "y": 491
                    },
                    {
                        "x": 535,
                        "y": 473
                    },
                    {
                        "x": 535,
                        "y": 441
                    },
                    {
                        "x": 537,
                        "y": 435
                    },
                    {
                        "x": 535,
                        "y": 421
                    },
                    {
                        "x": 537,
                        "y": 415
                    },
                    {
                        "x": 535,
                        "y": 402
                    },
                    {
                        "x": 537,
                        "y": 398
                    },
                    {
                        "x": 536,
                        "y": 380
                    },
                    {
                        "x": 538,
                        "y": 377
                    },
                    {
                        "x": 537,
                        "y": 371
                    },
                    {
                        "x": 539,
                        "y": 368
                    },
                    {
                        "x": 538,
                        "y": 362
                    },
                    {
                        "x": 541,
                        "y": 353
                    },
                    {
                        "x": 552,
                        "y": 353
                    },
                    {
                        "x": 558,
                        "y": 356
                    },
                    {
                        "x": 565,
                        "y": 363
                    },
                    {
                        "x": 573,
                        "y": 364
                    },
                    {
                        "x": 582,
                        "y": 361
                    },
                    {
                        "x": 599,
                        "y": 360
                    },
                    {
                        "x": 606,
                        "y": 358
                    },
                    {
                        "x": 623,
                        "y": 359
                    },
                    {
                        "x": 634,
                        "y": 352
                    },
                    {
                        "x": 660,
                        "y": 352
                    },
                    {
                        "x": 666,
                        "y": 347
                    },
                    {
                        "x": 673,
                        "y": 346
                    }
                ],
                "type": "POLYGON"
            },
            "labels_to_revisit": []
        }
    ],
    "kind": "annotation",
    "labels_to_revisit_full_scene": [],
    "annotation_state_per_task": [
        {
            "task_id": "66fd384b0d101a6ee439044e",
            "state": "annotated"
        }
    ]
}