{
    "annotations": [
        {
            "labels": [
                {
                    "probability": 1.0,
                    "name": "seed",
                    "color": "#00a5cfff",
                    "source": {
                        "user_id": "dd725a2c-b183-4616-bcf3-0894843fb6a5"
                    }
                }
            ],
            "shape": {
                "points": [
                    {
                        "x": 617,
                        "y": 344
                    },
                    {
                        "x": 622,
                        "y": 342
                    },
                    {
                        "x": 644,
                        "y": 342
                    },
                    {
                        "x": 648,
                        "y": 346
                    },
                    {
                        "x": 659,
                        "y": 346
                    },
                    {
                        "x": 673,
                        "y": 354
                    },
                    {
                        "x": 675,
                        "y": 363
                    },
                    {
                        "x": 670,
                        "y": 373
                    },
                    {
                        "x": 669,
                        "y": 379
                    },
                    {
                        "x": 664,
                        "y": 388
                    },
                    {
                        "x": 661,
                        "y": 389
                    },
                    {
                        "x": 654,
                        "y": 397
                    },
                    {
                        "x": 658,
                        "y": 417
                    },
                    {
                        "x": 657,
                        "y": 424
                    },
                    {
                        "x": 661,
                        "y": 447
                    },
                    {
                        "x": 667,
                        "y": 469
                    },
                    {
                        "x": 667,
                        "y": 480
                    },
                    {
                        "x": 663,
                        "y": 487
                    },
                    {
                        "x": 628,
                        "y": 485
                    },
                    {
                        "x": 622,
                        "y": 482
                    },
                    {
                        "x": 596,
                        "y": 481
                    },
                    {
                        "x": 582,
                        "y": 476
                    },
                    {
                        "x": 567,
                        "y": 475
                    },
                    {
                        "x": 562,
                        "y": 473
                    },
                    {
                        "x": 553,
                        "y": 473
                    },
                    {
                        "x": 542,
                        "y": 480
                    },
                    {
                        "x": 539,
                        "y": 484
                    },
                    {
                        "x": 530,
                        "y": 484
                    },
                    {
                        "x": 522,
                        "y": 478
                    },
                    {
                        "x": 523,
                        "y": 450
                    },
                    {
                        "x": 521,
                        "y": 443
                    },
                    {
                        "x": 522,
                        "y": 431
                    },
                    {
                        "x": 520,
                        "y": 417
                    },
                    {
                        "x": 522,
                        "y": 413
                    },
                    {
                        "x": 522,
                        "y": 391
                    },
                    {
                        "x": 520,
                        "y": 385
                    },
                    {
                        "x": 520,
                        "y": 372
                    },
                    {
                        "x": 529,
                        "y": 358
                    },
                    {
                        "x": 529,
                        "y": 351
                    },
                    {
                        "x": 531,
                        "y": 348
                    },
                    {
                        "x": 538,
                        "y": 346
                    },
                    {
                        "x": 559,
                        "y": 346
                    },
                    {
                        "x": 572,
                        "y": 342
                    },
                    {
                        "x": 597,
                        "y": 341
                    }
                ],
                "type": "POLYGON"
            },
            "labels_to_revisit": []
        },
        {
            "labels": [
                {
                    "probability": 1.0,
                    "name": "bird",
                    "color": "#dcdd00ff",
                    "source": {
                        "user_id": "dd725a2c-b183-4616-bcf3-0894843fb6a5"
                    }
                }
            ],
            "shape": {
                "points": [
                    {
                        "x": 740,
                        "y": 363
                    },
                    {
                        "x": 750,
                        "y": 366
                    },
                    {
                        "x": 772,
                        "y": 377
                    },
                    {
                        "x": 812,
                        "y": 382
                    },
                    {
                        "x": 873,
                        "y": 413
                    },
                    {
                        "x": 893,
                        "y": 430
                    },
                    {
                        "x": 902,
                        "y": 441
                    },
                    {
                        "x": 914,
                        "y": 448
                    },
                    {
                        "x": 911,
                        "y": 454
                    },
                    {
                        "x": 904,
                        "y": 458
                    },
                    {
                        "x": 906,
                        "y": 468
                    },
                    {
                        "x": 926,
                        "y": 501
                    },
                    {
                        "x": 935,
                        "y": 510
                    },
                    {
                        "x": 943,
                        "y": 521
                    },
                    {
                        "x": 954,
                        "y": 531
                    },
                    {
                        "x": 968,
                        "y": 551
                    },
                    {
                        "x": 979,
                        "y": 563
                    },
                    {
                        "x": 981,
                        "y": 573
                    },
                    {
                        "x": 979,
                        "y": 579
                    },
                    {
                        "x": 972,
                        "y": 580
                    },
                    {
                        "x": 966,
                        "y": 578
                    },
                    {
                        "x": 951,
                        "y": 562
                    },
                    {
                        "x": 942,
                        "y": 547
                    },
                    {
                        "x": 932,
                        "y": 537
                    },
                    {
                        "x": 921,
                        "y": 522
                    },
                    {
                        "x": 902,
                        "y": 504
                    },
                    {
                        "x": 881,
                        "y": 491
                    },
                    {
                        "x": 874,
                        "y": 489
                    },
                    {
                        "x": 847,
                        "y": 490
                    },
                    {
                        "x": 844,
                        "y": 488
                    },
                    {
                        "x": 838,
                        "y": 488
                    },
                    {
                        "x": 832,
                        "y": 495
                    },
                    {
                        "x": 824,
                        "y": 499
                    },
                    {
                        "x": 818,
                        "y": 500
                    },
                    {
                        "x": 803,
                        "y": 495
                    },
                    {
                        "x": 787,
                        "y": 493
                    },
                    {
                        "x": 782,
                        "y": 489
                    },
                    {
                        "x": 777,
                        "y": 489
                    },
                    {
                        "x": 773,
                        "y": 486
                    },
                    {
                        "x": 767,
                        "y": 487
                    },
                    {
                        "x": 761,
                        "y": 476
                    },
                    {
                        "x": 757,
                        "y": 472
                    },
                    {
                        "x": 745,
                        "y": 467
                    },
                    {
                        "x": 727,
                        "y": 452
                    },
                    {
                        "x": 720,
                        "y": 443
                    },
                    {
                        "x": 714,
                        "y": 431
                    },
                    {
                        "x": 704,
                        "y": 422
                    },
                    {
                        "x": 703,
                        "y": 411
                    },
                    {
                        "x": 700,
                        "y": 401
                    },
                    {
                        "x": 700,
                        "y": 381
                    },
                    {
                        "x": 703,
                        "y": 374
                    },
                    {
                        "x": 706,
                        "y": 371
                    },
                    {
                        "x": 724,
                        "y": 362
                    }
                ],
                "type": "POLYGON"
            },
            "labels_to_revisit": []
        },
        {
            "labels": [
                {
                    "probability": 1.0,
                    "name": "bird",
                    "color": "#dcdd00ff",
                    "source": {
                        "user_id": "dd725a2c-b183-4616-bcf3-0894843fb6a5"
                    }
                }
            ],
            "shape": {
                "points": [
                    {
                        "x": 513,
                        "y": 366
                    },
                    {
                        "x": 513,
                        "y": 430
                    },
                    {
                        "x": 511,
                        "y": 442
                    },
                    {
                        "x": 506,
                        "y": 445
                    },
                    {
                        "x": 479,
                        "y": 471
                    },
                    {
                        "x": 469,
                        "y": 478
                    },
                    {
                        "x": 458,
                        "y": 491
                    },
                    {
                        "x": 438,
                        "y": 506
                    },
                    {
                        "x": 431,
                        "y": 506
                    },
                    {
                        "x": 427,
                        "y": 504
                    },
                    {
                        "x": 395,
                        "y": 505
                    },
                    {
                        "x": 388,
                        "y": 508
                    },
                    {
                        "x": 383,
                        "y": 513
                    },
                    {
                        "x": 376,
                        "y": 525
                    },
                    {
                        "x": 366,
                        "y": 567
                    },
                    {
                        "x": 363,
                        "y": 573
                    },
                    {
                        "x": 351,
                        "y": 639
                    },
                    {
                        "x": 349,
                        "y": 642
                    },
                    {
                        "x": 328,
                        "y": 640
                    },
                    {
                        "x": 325,
                        "y": 634
                    },
                    {
                        "x": 325,
                        "y": 624
                    },
                    {
                        "x": 327,
                        "y": 613
                    },
                    {
                        "x": 333,
                        "y": 598
                    },
                    {
                        "x": 343,
                        "y": 559
                    },
                    {
                        "x": 347,
                        "y": 530
                    },
                    {
                        "x": 348,
                        "y": 509
                    },
                    {
                        "x": 347,
                        "y": 503
                    },
                    {
                        "x": 343,
                        "y": 497
                    },
                    {
                        "x": 331,
                        "y": 496
                    },
                    {
                        "x": 328,
                        "y": 494
                    },
                    {
                        "x": 328,
                        "y": 492
                    },
                    {
                        "x": 335,
                        "y": 480
                    },
                    {
                        "x": 341,
                        "y": 474
                    },
                    {
                        "x": 348,
                        "y": 459
                    },
                    {
                        "x": 366,
                        "y": 431
                    },
                    {
                        "x": 382,
                        "y": 415
                    },
                    {
                        "x": 386,
                        "y": 408
                    },
                    {
                        "x": 398,
                        "y": 396
                    },
                    {
                        "x": 408,
                        "y": 388
                    },
                    {
                        "x": 422,
                        "y": 380
                    },
                    {
                        "x": 457,
                        "y": 367
                    },
                    {
                        "x": 467,
                        "y": 368
                    },
                    {
                        "x": 492,
                        "y": 363
                    },
                    {
                        "x": 511,
                        "y": 363
                    }
                ],
                "type": "POLYGON"
            },
            "labels_to_revisit": []
        }
    ],
    "kind": "annotation",
    "labels_to_revisit_full_scene": [],
    "annotation_state_per_task": [
        {
            "task_id": "66fd384b0d101a6ee439044e",
            "state": "annotated"
        }
    ]
}