{
    "annotations": [
        {
            "labels": [
                {
                    "probability": 1.0,
                    "name": "Anomalous",
                    "color": "#ff5662ff",
                    "source": {
                        "user_id": "dd725a2c-b183-4616-bcf3-0894843fb6a5"
                    }
                }
            ],
            "shape": {
                "x": 0,
                "y": 0,
                "width": 1280,
                "height": 720,
                "type": "RECTANGLE"
            },
            "labels_to_revisit": []
        }
    ],
    "kind": "annotation",
    "labels_to_revisit_full_scene": [],
    "annotation_state_per_task": [
        {
            "task_id": "66fd386b0d101a6ee43904c9",
            "state": "annotated"
        }
    ]
}