{
    "task_chain": [
        {
            "components": [
                {
                    "header": "Learning Parameters",
                    "type": "PARAMETER_GROUP",
                    "parameters": [
                        {
                            "name": "auto_adapt_batch_size",
                            "data_type": "string",
                            "template_type": "selectable",
                            "auto_hpo_state": "not_possible",
                            "enum_name": "BatchSizeAdaptType",
                            "value": "None",
                            "options": [
                                "None",
                                "Safe",
                                "Full"
                            ]
                        },
                        {
                            "name": "auto_num_workers",
                            "data_type": "boolean",
                            "template_type": "input",
                            "auto_hpo_state": "not_possible",
                            "value": false
                        },
                        {
                            "name": "batch_size",
                            "data_type": "integer",
                            "template_type": "input",
                            "auto_hpo_state": "possible",
                            "value": 4,
                            "min_value": 1,
                            "max_value": 512
                        },
                        {
                            "name": "early_stop_iteration_patience",
                            "data_type": "integer",
                            "template_type": "input",
                            "auto_hpo_state": "not_possible",
                            "value": 0,
                            "min_value": 0,
                            "max_value": 1000
                        },
                        {
                            "name": "early_stop_patience",
                            "data_type": "integer",
                            "template_type": "input",
                            "auto_hpo_state": "not_possible",
                            "value": 10,
                            "min_value": 0,
                            "max_value": 50
                        },
                        {
                            "name": "enable_early_stopping",
                            "data_type": "boolean",
                            "template_type": "input",
                            "auto_hpo_state": "not_possible",
                            "value": true
                        },
                        {
                            "name": "inference_batch_size",
                            "data_type": "integer",
                            "template_type": "input",
                            "auto_hpo_state": "not_possible",
                            "value": 4,
                            "min_value": 1,
                            "max_value": 512
                        },
                        {
                            "name": "learning_rate",
                            "data_type": "float",
                            "template_type": "input",
                            "auto_hpo_state": "possible",
                            "value": 0.004,
                            "min_value": 1e-07,
                            "max_value": 0.1
                        },
                        {
                            "name": "learning_rate_warmup_iters",
                            "data_type": "integer",
                            "template_type": "input",
                            "auto_hpo_state": "not_possible",
                            "value": 3,
                            "min_value": 0,
                            "max_value": 10000
                        },
                        {
                            "name": "num_iters",
                            "data_type": "integer",
                            "template_type": "input",
                            "auto_hpo_state": "not_possible",
                            "value": 200,
                            "min_value": 1,
                            "max_value": 1000
                        },
                        {
                            "name": "num_workers",
                            "data_type": "integer",
                            "template_type": "input",
                            "auto_hpo_state": "not_possible",
                            "value": 2,
                            "min_value": 0,
                            "max_value": 8
                        },
                        {
                            "name": "use_adaptive_interval",
                            "data_type": "boolean",
                            "template_type": "input",
                            "auto_hpo_state": "not_possible",
                            "value": true
                        }
                    ],
                    "name": "learning_parameters",
                    "entity_identifier": {
                        "type": "HYPER_PARAMETER_GROUP",
                        "group_name": "learning_parameters",
                        "project_id": "66fd37d74dab82982d1a99fe"
                    }
                },
                {
                    "header": "Postprocessing",
                    "type": "PARAMETER_GROUP",
                    "parameters": [
                        {
                            "name": "confidence_threshold",
                            "data_type": "float",
                            "template_type": "input",
                            "auto_hpo_state": "not_possible",
                            "value": 0.35,
                            "min_value": 0,
                            "max_value": 1
                        },
                        {
                            "name": "max_num_detections",
                            "data_type": "integer",
                            "template_type": "input",
                            "auto_hpo_state": "not_possible",
                            "value": 0,
                            "min_value": 0,
                            "max_value": 10000
                        },
                        {
                            "name": "nms_iou_threshold",
                            "data_type": "float",
                            "template_type": "input",
                            "auto_hpo_state": "not_possible",
                            "value": 0.5,
                            "min_value": 0,
                            "max_value": 1
                        },
                        {
                            "name": "result_based_confidence_threshold",
                            "data_type": "boolean",
                            "template_type": "input",
                            "auto_hpo_state": "not_possible",
                            "value": true
                        }
                    ],
                    "name": "postprocessing",
                    "entity_identifier": {
                        "type": "HYPER_PARAMETER_GROUP",
                        "group_name": "postprocessing",
                        "project_id": "66fd37d74dab82982d1a99fe"
                    }
                },
                {
                    "header": "Tiling",
                    "type": "PARAMETER_GROUP",
                    "parameters": [
                        {
                            "name": "enable_adaptive_params",
                            "data_type": "boolean",
                            "template_type": "input",
                            "auto_hpo_state": "not_possible",
                            "value": true
                        },
                        {
                            "name": "enable_tiling",
                            "data_type": "boolean",
                            "template_type": "input",
                            "auto_hpo_state": "not_possible",
                            "value": false
                        },
                        {
                            "name": "tile_max_number",
                            "data_type": "integer",
                            "template_type": "input",
                            "auto_hpo_state": "not_possible",
                            "value": 1500,
                            "min_value": 1,
                            "max_value": 5000
                        },
                        {
                            "name": "tile_overlap",
                            "data_type": "float",
                            "template_type": "input",
                            "auto_hpo_state": "not_possible",
                            "value": 0.2,
                            "min_value": 0.0,
                            "max_value": 0.9
                        },
                        {
                            "name": "tile_sampling_ratio",
                            "data_type": "float",
                            "template_type": "input",
                            "auto_hpo_state": "not_possible",
                            "value": 1.0,
                            "min_value": 1e-06,
                            "max_value": 1.0
                        },
                        {
                            "name": "tile_size",
                            "data_type": "integer",
                            "template_type": "input",
                            "auto_hpo_state": "not_possible",
                            "value": 400,
                            "min_value": 100,
                            "max_value": 4096
                        }
                    ],
                    "name": "tiling_parameters",
                    "entity_identifier": {
                        "type": "HYPER_PARAMETER_GROUP",
                        "group_name": "tiling_parameters",
                        "project_id": "66fd37d74dab82982d1a99fe"
                    }
                },
                {
                    "header": "Subset splitting",
                    "type": "CONFIGURABLE_PARAMETERS",
                    "parameters": [
                        {
                            "name": "auto_subset_fractions",
                            "data_type": "boolean",
                            "template_type": "input",
                            "auto_hpo_state": "not_possible",
                            "value": true
                        }
                    ],
                    "groups": [
                        {
                            "header": "Subset distribution",
                            "type": "PARAMETER_GROUP",
                            "parameters": [
                                {
                                    "name": "test_proportion",
                                    "data_type": "float",
                                    "template_type": "input",
                                    "auto_hpo_state": "not_possible",
                                    "value": 0.3,
                                    "min_value": 0.1,
                                    "max_value": 1.0
                                },
                                {
                                    "name": "train_proportion",
                                    "data_type": "float",
                                    "template_type": "input",
                                    "auto_hpo_state": "not_possible",
                                    "value": 0.5,
                                    "min_value": 0.1,
                                    "max_value": 1.0
                                },
                                {
                                    "name": "validation_proportion",
                                    "data_type": "float",
                                    "template_type": "input",
                                    "auto_hpo_state": "not_possible",
                                    "value": 0.2,
                                    "min_value": 0.1,
                                    "max_value": 1.0
                                }
                            ],
                            "name": "subset_parameters"
                        }
                    ],
                    "entity_identifier": {
                        "type": "COMPONENT_PARAMETERS",
                        "component": "SUBSET_MANAGER"
                    }
                },
                {
                    "header": "Annotation requirements",
                    "type": "CONFIGURABLE_PARAMETERS",
                    "parameters": [
                        {
                            "name": "label_constraint_first_training",
                            "data_type": "boolean",
                            "template_type": "input",
                            "auto_hpo_state": "not_possible",
                            "value": false
                        },
                        {
                            "name": "required_images_auto_training",
                            "data_type": "integer",
                            "template_type": "input",
                            "auto_hpo_state": "not_possible",
                            "value": 12,
                            "min_value": 3,
                            "max_value": 10000
                        }
                    ],
                    "entity_identifier": {
                        "type": "COMPONENT_PARAMETERS",
                        "component": "DATASET_COUNTER"
                    }
                },
                {
                    "header": "Active Learning",
                    "type": "CONFIGURABLE_PARAMETERS",
                    "parameters": [
                        {
                            "name": "intra_task_reduce_fn",
                            "data_type": "string",
                            "template_type": "selectable",
                            "auto_hpo_state": "not_possible",
                            "enum_name": "ActiveScoreReductionFunction",
                            "value": "mean",
                            "options": [
                                "min",
                                "mean",
                                "max"
                            ]
                        }
                    ],
                    "entity_identifier": {
                        "type": "COMPONENT_PARAMETERS",
                        "component": "TASK_ACTIVE_LEARNING"
                    }
                },
                {
                    "header": "General",
                    "type": "CONFIGURABLE_PARAMETERS",
                    "parameters": [
                        {
                            "name": "auto_training",
                            "data_type": "boolean",
                            "template_type": "input",
                            "auto_hpo_state": "not_possible",
                            "value": false
                        }
                    ],
                    "entity_identifier": {
                        "type": "COMPONENT_PARAMETERS",
                        "component": "TASK_NODE"
                    }
                }
            ],
            "task_title": "Detection task"
        }
    ],
    "global": [
        {
            "header": "Active Learning",
            "type": "CONFIGURABLE_PARAMETERS",
            "parameters": [
                {
                    "name": "inter_task_reduce_fn",
                    "data_type": "string",
                    "template_type": "selectable",
                    "auto_hpo_state": "not_possible",
                    "enum_name": "ActiveScoreReductionFunction",
                    "value": "mean",
                    "options": [
                        "min",
                        "mean",
                        "max"
                    ]
                },
                {
                    "name": "max_unseen_media",
                    "data_type": "integer",
                    "template_type": "input",
                    "auto_hpo_state": "not_possible",
                    "value": 500,
                    "min_value": 10,
                    "max_value": 10000
                }
            ],
            "entity_identifier": {
                "type": "COMPONENT_PARAMETERS",
                "component": "PROJECT_ACTIVE_LEARNING"
            }
        },
        {
            "header": "Dataset management",
            "type": "CONFIGURABLE_PARAMETERS",
            "parameters": [
                {
                    "name": "maximum_number_of_annotations",
                    "data_type": "integer",
                    "template_type": "input",
                    "auto_hpo_state": "not_possible",
                    "value": -1,
                    "min_value": -1,
                    "max_value": 10000
                },
                {
                    "name": "minimum_annotation_size",
                    "data_type": "integer",
                    "template_type": "input",
                    "auto_hpo_state": "not_possible",
                    "value": -1,
                    "min_value": -1,
                    "max_value": 1000000
                },
                {
                    "name": "use_ndr",
                    "data_type": "boolean",
                    "template_type": "input",
                    "auto_hpo_state": "not_possible",
                    "value": false
                }
            ],
            "entity_identifier": {
                "type": "COMPONENT_PARAMETERS",
                "component": "PIPELINE_DATASET_MANAGER"
            }
        }
    ]
}