{"dm_format_version": "1.0", "media_type": 2, "infos": {"ScExtractorVersion": "1.0", "GetiProjectTask": "detection", "GetiTaskTypeLabels": [["detection", ["Face", "Facepalm"]]]}, "categories": {"label": {"labels": [{"name": "Face", "parent": "", "attributes": []}, {"name": "Facepalm", "parent": "", "attributes": []}], "label_groups": [{"name": "default - Detection", "group_type": "exclusive", "labels": ["Face", "Facepalm"]}], "attributes": []}, "mask": {"colormap": [{"label_id": 0, "r": 109, "g": 249, "b": 11}, {"label_id": 1, "r": 252, "g": 176, "b": 6}]}}, "items": [{"id": "e0aaa42a-eb8b-4930-a99f-653ef268b171", "annotations": [{"id": 0, "type": "bbox", "attributes": {}, "group": 0, "label_id": 1, "z_order": 0, "bbox": [388.0, 170.0, 346.0, 450.0]}], "attr": {"has_empty_label": false}, "image": {"path": "e0aaa42a-eb8b-4930-a99f-653ef268b171.jpg", "size": [874, 1166]}}, {"id": "8191ed8f-f621-458b-a04a-20ae2bccc35c", "annotations": [{"id": 0, "type": "bbox", "attributes": {}, "group": 0, "label_id": 0, "z_order": 0, "bbox": [231.0, 57.0, 434.0, 555.0]}], "attr": {"has_empty_label": false}, "image": {"path": "8191ed8f-f621-458b-a04a-20ae2bccc35c.jpg", "size": [874, 1166]}}, {"id": "691a0d87-d01d-413d-8fe1-407c72179441", "annotations": [{"id": 0, "type": "bbox", "attributes": {}, "group": 0, "label_id": 0, "z_order": 0, "bbox": [349.0, 184.0, 318.0, 389.0]}], "attr": {"has_empty_label": false}, "image": {"path": "691a0d87-d01d-413d-8fe1-407c72179441.jpg", "size": [874, 1166]}}, {"id": "17524215-f13c-45a6-80af-cd07cbd0d35d", "annotations": [{"id": 0, "type": "bbox", "attributes": {}, "group": 0, "label_id": 1, "z_order": 0, "bbox": [375.0, 184.0, 322.0, 431.0]}], "attr": {"has_empty_label": false}, "image": {"path": "17524215-f13c-45a6-80af-cd07cbd0d35d.jpg", "size": [874, 1166]}}, {"id": "WIN_20240129_13_19_52_Pro", "annotations": [{"id": 0, "type": "bbox", "attributes": {}, "group": 0, "label_id": 0, "z_order": 0, "bbox": [677.0, 74.0, 471.0, 672.0]}], "attr": {"has_empty_label": false}, "image": {"path": "WIN_20240129_13_19_52_Pro.jpg", "size": [1080, 1920]}}, {"id": "WIN_20240129_13_19_54_Pro", "annotations": [{"id": 0, "type": "bbox", "attributes": {}, "group": 0, "label_id": 0, "z_order": 0, "bbox": [437.0, 91.0, 513.0, 631.0]}], "attr": {"has_empty_label": false}, "image": {"path": "WIN_20240129_13_19_54_Pro.jpg", "size": [1080, 1920]}}, {"id": "WIN_20240129_13_19_56_Pro", "annotations": [{"id": 0, "type": "bbox", "attributes": {}, "group": 0, "label_id": 0, "z_order": 0, "bbox": [770.0, 141.0, 378.0, 495.0]}], "attr": {"has_empty_label": false}, "image": {"path": "WIN_20240129_13_19_56_Pro.jpg", "size": [1080, 1920]}}, {"id": "WIN_20240129_13_19_58_Pro", "annotations": [{"id": 0, "type": "bbox", "attributes": {}, "group": 0, "label_id": 0, "z_order": 0, "bbox": [560.0, 401.0, 281.0, 395.0]}], "attr": {"has_empty_label": false}, "image": {"path": "WIN_20240129_13_19_58_Pro.jpg", "size": [1080, 1920]}}, {"id": "WIN_20240129_13_21_16_Pro", "annotations": [{"id": 0, "type": "bbox", "attributes": {}, "group": 0, "label_id": 1, "z_order": 0, "bbox": [543.0, 128.0, 465.0, 644.0]}], "attr": {"has_empty_label": false}, "image": {"path": "WIN_20240129_13_21_16_Pro.jpg", "size": [1080, 1920]}}, {"id": "WIN_20240129_13_20_00_Pro", "annotations": [{"id": 0, "type": "bbox", "attributes": {}, "group": 0, "label_id": 0, "z_order": 0, "bbox": [1135.0, 218.0, 439.0, 541.0]}], "attr": {"has_empty_label": false}, "image": {"path": "WIN_20240129_13_20_00_Pro.jpg", "size": [1080, 1920]}}, {"id": "WIN_20240129_13_21_18_Pro", "annotations": [{"id": 0, "type": "bbox", "attributes": {}, "group": 0, "label_id": 1, "z_order": 0, "bbox": [828.0, 156.0, 472.0, 640.0]}], "attr": {"has_empty_label": false}, "image": {"path": "WIN_20240129_13_21_18_Pro.jpg", "size": [1080, 1920]}}, {"id": "WIN_20240129_13_20_02_Pro", "annotations": [{"id": 0, "type": "bbox", "attributes": {}, "group": 0, "label_id": 0, "z_order": 0, "bbox": [222.0, 334.0, 405.0, 453.0]}], "attr": {"has_empty_label": false}, "image": {"path": "WIN_20240129_13_20_02_Pro.jpg", "size": [1080, 1920]}}, {"id": "WIN_20240129_13_21_21_Pro", "annotations": [{"id": 0, "type": "bbox", "attributes": {}, "group": 0, "label_id": 1, "z_order": 0, "bbox": [312.0, 233.0, 491.0, 576.0]}], "attr": {"has_empty_label": false}, "image": {"path": "WIN_20240129_13_21_21_Pro.jpg", "size": [1080, 1920]}}, {"id": "WIN_20240129_13_21_17_Pro", "annotations": [{"id": 0, "type": "bbox", "attributes": {}, "group": 0, "label_id": 1, "z_order": 0, "bbox": [217.0, 174.0, 506.0, 625.0]}], "attr": {"has_empty_label": false}, "image": {"path": "WIN_20240129_13_21_17_Pro.jpg", "size": [1080, 1920]}}, {"id": "WIN_20240129_13_21_20_Pro", "annotations": [{"id": 0, "type": "bbox", "attributes": {}, "group": 0, "label_id": 1, "z_order": 0, "bbox": [400.0, 226.0, 458.0, 461.0]}], "attr": {"has_empty_label": false}, "image": {"path": "WIN_20240129_13_21_20_Pro.jpg", "size": [1080, 1920]}}, {"id": "WIN_20240129_13_21_19_Pro", "annotations": [{"id": 0, "type": "bbox", "attributes": {}, "group": 0, "label_id": 1, "z_order": 0, "bbox": [843.0, 161.0, 427.0, 530.0]}], "attr": {"has_empty_label": false}, "image": {"path": "WIN_20240129_13_21_19_Pro.jpg", "size": [1080, 1920]}}, {"id": "WIN_20240129_13_21_26_Pro", "annotations": [{"id": 0, "type": "bbox", "attributes": {}, "group": 0, "label_id": 1, "z_order": 0, "bbox": [560.0, 209.0, 435.0, 562.0]}], "attr": {"has_empty_label": false}, "image": {"path": "WIN_20240129_13_21_26_Pro.jpg", "size": [1080, 1920]}}, {"id": "WIN_20240129_13_21_25_Pro", "annotations": [{"id": 0, "type": "bbox", "attributes": {}, "group": 0, "label_id": 1, "z_order": 0, "bbox": [803.0, 223.0, 403.0, 563.0]}], "attr": {"has_empty_label": false}, "image": {"path": "WIN_20240129_13_21_25_Pro.jpg", "size": [1080, 1920]}}, {"id": "WIN_20240126_19_03_12_Pro", "annotations": [{"id": 0, "type": "bbox", "attributes": {}, "group": 0, "label_id": 1, "z_order": 0, "bbox": [503.260009765625, 100.08999633789062, 314.19000244140625, 418.5699768066406]}], "attr": {"has_empty_label": false}, "image": {"path": "WIN_20240126_19_03_12_Pro.jpg", "size": [720, 1280]}}, {"id": "WIN_20240126_19_03_17_Pro", "annotations": [{"id": 0, "type": "bbox", "attributes": {}, "group": 0, "label_id": 1, "z_order": 0, "bbox": [546.0599975585938, 137.6699981689453, 321.489990234375, 389.3400115966797]}], "attr": {"has_empty_label": false}, "image": {"path": "WIN_20240126_19_03_17_Pro.jpg", "size": [720, 1280]}}, {"id": "WIN_20240126_19_03_10_Pro", "annotations": [{"id": 0, "type": "bbox", "attributes": {}, "group": 0, "label_id": 0, "z_order": 0, "bbox": [547.0999755859375, 141.83999633789062, 317.32000732421875, 373.6900329589844]}], "attr": {"has_empty_label": false}, "image": {"path": "WIN_20240126_19_03_10_Pro.jpg", "size": [720, 1280]}}, {"id": "WIN_20240126_19_03_06_Pro", "annotations": [{"id": 0, "type": "bbox", "attributes": {}, "group": 0, "label_id": 0, "z_order": 0, "bbox": [548.1400146484375, 85.4800033569336, 298.53997802734375, 395.59998321533203]}], "attr": {"has_empty_label": false}, "image": {"path": "WIN_20240126_19_03_06_Pro.jpg", "size": [720, 1280]}}, {"id": "WIN_20240124_17_23_12_Pro", "annotations": [{"id": 0, "type": "bbox", "attributes": {}, "group": 0, "label_id": 1, "z_order": 0, "bbox": [610.5999755859375, 141.16000366210938, 254.77001953125, 342.9599914550781]}], "attr": {"has_empty_label": false}, "image": {"path": "WIN_20240124_17_23_12_Pro.jpg", "size": [720, 1280]}}, {"id": "WIN_20240124_17_23_10_Pro", "annotations": [{"id": 0, "type": "bbox", "attributes": {}, "group": 0, "label_id": 1, "z_order": 0, "bbox": [498.4599914550781, 222.82000732421875, 288.5199890136719, 274.3599853515625]}], "attr": {"has_empty_label": false}, "image": {"path": "WIN_20240124_17_23_10_Pro.jpg", "size": [720, 1280]}}, {"id": "WIN_20240124_17_23_02_Pro", "annotations": [{"id": 0, "type": "bbox", "attributes": {}, "group": 0, "label_id": 1, "z_order": 0, "bbox": [568.1400146484375, 145.50999450683594, 330.989990234375, 360.38002014160156]}], "attr": {"has_empty_label": false}, "image": {"path": "WIN_20240124_17_23_02_Pro.jpg", "size": [720, 1280]}}, {"id": "WIN_20240124_17_23_00_Pro", "annotations": [{"id": 0, "type": "bbox", "attributes": {}, "group": 0, "label_id": 1, "z_order": 0, "bbox": [556.1699829101562, 130.27000427246094, 232.989990234375, 325.5399932861328]}], "attr": {"has_empty_label": false}, "image": {"path": "WIN_20240124_17_23_00_Pro.jpg", "size": [720, 1280]}}, {"id": "WIN_20240124_17_22_55_Pro", "annotations": [{"id": 0, "type": "bbox", "attributes": {}, "group": 0, "label_id": 0, "z_order": 0, "bbox": [584.469970703125, 156.39999389648438, 206.87005615234375, 263.4800109863281]}], "attr": {"has_empty_label": false}, "image": {"path": "WIN_20240124_17_22_55_Pro.jpg", "size": [720, 1280]}}, {"id": "WIN_20240124_17_22_53_Pro", "annotations": [{"id": 0, "type": "bbox", "attributes": {}, "group": 0, "label_id": 0, "z_order": 0, "bbox": [528.9500122070312, 62.77000045776367, 338.5999755859375, 452.9200019836426]}], "attr": {"has_empty_label": false}, "image": {"path": "WIN_20240124_17_22_53_Pro.jpg", "size": [720, 1280]}}, {"id": "WIN_20240124_17_22_49_Pro", "annotations": [{"id": 0, "type": "bbox", "attributes": {}, "group": 0, "label_id": 0, "z_order": 0, "bbox": [730.3699951171875, 54.060001373291016, 273.280029296875, 370.179988861084]}], "attr": {"has_empty_label": false}, "image": {"path": "WIN_20240124_17_22_49_Pro.jpg", "size": [720, 1280]}}, {"id": "WIN_20240124_17_22_46_Pro", "annotations": [{"id": 0, "type": "bbox", "attributes": {}, "group": 0, "label_id": 0, "z_order": 0, "bbox": [575.760009765625, 37.72999954223633, 290.70001220703125, 410.4600028991699]}], "attr": {"has_empty_label": false}, "image": {"path": "WIN_20240124_17_22_46_Pro.jpg", "size": [720, 1280]}}, {"id": "WIN_20240124_16_24_55_Pro", "annotations": [{"id": 0, "type": "bbox", "attributes": {}, "group": 0, "label_id": 1, "z_order": 0, "bbox": [601.8900146484375, 135.7100067138672, 213.39996337890625, 272.1999969482422]}], "attr": {"has_empty_label": false}, "image": {"path": "WIN_20240124_16_24_55_Pro.jpg", "size": [720, 1280]}}, {"id": "WIN_20240124_16_24_52_Pro", "annotations": [{"id": 0, "type": "bbox", "attributes": {}, "group": 0, "label_id": 1, "z_order": 0, "bbox": [635.6400146484375, 176.0, 273.27996826171875, 330.9800109863281]}], "attr": {"has_empty_label": false}, "image": {"path": "WIN_20240124_16_24_52_Pro.jpg", "size": [720, 1280]}}, {"id": "WIN_20240124_16_24_48_Pro", "annotations": [{"id": 0, "type": "bbox", "attributes": {}, "group": 0, "label_id": 1, "z_order": 0, "bbox": [595.3599853515625, 133.5399932861328, 256.95001220703125, 311.38002014160156]}], "attr": {"has_empty_label": false}, "image": {"path": "WIN_20240124_16_24_48_Pro.jpg", "size": [720, 1280]}}, {"id": "WIN_20240124_16_24_47_Pro", "annotations": [{"id": 0, "type": "bbox", "attributes": {}, "group": 0, "label_id": 1, "z_order": 0, "bbox": [607.3400268554688, 124.83000183105469, 246.05999755859375, 324.4499969482422]}], "attr": {"has_empty_label": false}, "image": {"path": "WIN_20240124_16_24_47_Pro.jpg", "size": [720, 1280]}}, {"id": "WIN_20240124_16_24_37_Pro", "annotations": [{"id": 0, "type": "bbox", "attributes": {}, "group": 0, "label_id": 0, "z_order": 0, "bbox": [601.8900146484375, 134.6300048828125, 267.8399658203125, 310.2900085449219]}], "attr": {"has_empty_label": false}, "image": {"path": "WIN_20240124_16_24_37_Pro.jpg", "size": [720, 1280]}}, {"id": "WIN_20240124_16_24_36_Pro", "annotations": [{"id": 0, "type": "bbox", "attributes": {}, "group": 0, "label_id": 0, "z_order": 0, "bbox": [581.2100219726562, 121.55999755859375, 242.78997802734375, 322.2699890136719]}], "attr": {"has_empty_label": false}, "image": {"path": "WIN_20240124_16_24_36_Pro.jpg", "size": [720, 1280]}}, {"id": "WIN_20240124_16_24_38_Pro", "annotations": [{"id": 0, "type": "bbox", "attributes": {}, "group": 0, "label_id": 0, "z_order": 0, "bbox": [604.0700073242188, 128.08999633789062, 234.0899658203125, 289.6100158691406]}], "attr": {"has_empty_label": false}, "image": {"path": "WIN_20240124_16_24_38_Pro.jpg", "size": [720, 1280]}}, {"id": "WIN_20240124_16_24_35_Pro", "annotations": [{"id": 0, "type": "bbox", "attributes": {}, "group": 0, "label_id": 0, "z_order": 0, "bbox": [583.3800048828125, 129.17999267578125, 237.3499755859375, 314.6499938964844]}], "attr": {"has_empty_label": false}, "image": {"path": "WIN_20240124_16_24_35_Pro.jpg", "size": [720, 1280]}}, {"id": "WIN_20240125_16_59_49_Pro", "annotations": [{"id": 0, "type": "bbox", "attributes": {}, "group": 0, "label_id": 0, "z_order": 0, "bbox": [1040.469970703125, 399.8999938964844, 489.9500732421875, 644.5499572753906]}], "attr": {"has_empty_label": false}, "image": {"path": "WIN_20240125_16_59_49_Pro.jpg", "size": [1440, 2560]}}, {"id": "WIN_20240125_16_59_47_Pro", "annotations": [{"id": 0, "type": "bbox", "attributes": {}, "group": 0, "label_id": 0, "z_order": 0, "bbox": [1049.1800537109375, 354.17999267578125, 483.409912109375, 712.0499877929688]}], "attr": {"has_empty_label": false}, "image": {"path": "WIN_20240125_16_59_47_Pro.jpg", "size": [1440, 2560]}}, {"id": "WIN_20240125_16_59_50_Pro", "annotations": [{"id": 0, "type": "bbox", "attributes": {}, "group": 0, "label_id": 0, "z_order": 0, "bbox": [1369.280029296875, 402.0799865722656, 518.25, 685.9200134277344]}], "attr": {"has_empty_label": false}, "image": {"path": "WIN_20240125_16_59_50_Pro.jpg", "size": [1440, 2560]}}, {"id": "WIN_20240125_16_59_52_Pro", "annotations": [{"id": 0, "type": "bbox", "attributes": {}, "group": 0, "label_id": 0, "z_order": 0, "bbox": [1023.0499877929688, 395.54998779296875, 498.65997314453125, 725.1200561523438]}], "attr": {"has_empty_label": false}, "image": {"path": "WIN_20240125_16_59_52_Pro.jpg", "size": [1440, 2560]}}, {"id": "WIN_20240125_16_59_55_Pro", "annotations": [{"id": 0, "type": "bbox", "attributes": {}, "group": 0, "label_id": 0, "z_order": 0, "bbox": [800.9400024414062, 397.7300109863281, 566.1599731445312, 740.3599548339844]}], "attr": {"has_empty_label": false}, "image": {"path": "WIN_20240125_16_59_55_Pro.jpg", "size": [1440, 2560]}}, {"id": "WIN_20240125_16_59_56_Pro", "annotations": [{"id": 0, "type": "bbox", "attributes": {}, "group": 0, "label_id": 0, "z_order": 0, "bbox": [983.8599853515625, 399.8999938964844, 492.1199951171875, 635.8399963378906]}], "attr": {"has_empty_label": false}, "image": {"path": "WIN_20240125_16_59_56_Pro.jpg", "size": [1440, 2560]}}, {"id": "WIN_20240125_16_59_58_Pro", "annotations": [{"id": 0, "type": "bbox", "attributes": {}, "group": 0, "label_id": 0, "z_order": 0, "bbox": [1142.8199462890625, 397.7300109863281, 479.050048828125, 661.9599304199219]}], "attr": {"has_empty_label": false}, "image": {"path": "WIN_20240125_16_59_58_Pro.jpg", "size": [1440, 2560]}}, {"id": "WIN_20240125_16_59_59_Pro", "annotations": [{"id": 0, "type": "bbox", "attributes": {}, "group": 0, "label_id": 0, "z_order": 0, "bbox": [1020.8699951171875, 417.32000732421875, 468.1700439453125, 668.4999389648438]}], "attr": {"has_empty_label": false}, "image": {"path": "WIN_20240125_16_59_59_Pro.jpg", "size": [1440, 2560]}}, {"id": "WIN_20240125_17_00_01_Pro", "annotations": [{"id": 0, "type": "bbox", "attributes": {}, "group": 0, "label_id": 1, "z_order": 0, "bbox": [1081.8399658203125, 380.30999755859375, 487.77001953125, 738.1799926757812]}], "attr": {"has_empty_label": false}, "image": {"path": "WIN_20240125_17_00_01_Pro.jpg", "size": [1440, 2560]}}, {"id": "WIN_20240125_17_00_17_Pro", "annotations": [{"id": 0, "type": "bbox", "attributes": {}, "group": 0, "label_id": 1, "z_order": 0, "bbox": [1090.550048828125, 406.44000244140625, 457.2899169921875, 672.8500366210938]}], "attr": {"has_empty_label": false}, "image": {"path": "WIN_20240125_17_00_17_Pro.jpg", "size": [1440, 2560]}}, {"id": "WIN_20240125_17_00_03_Pro", "annotations": [{"id": 0, "type": "bbox", "attributes": {}, "group": 0, "label_id": 1, "z_order": 0, "bbox": [972.969970703125, 406.44000244140625, 503.010009765625, 685.9199829101562]}], "attr": {"has_empty_label": false}, "image": {"path": "WIN_20240125_17_00_03_Pro.jpg", "size": [1440, 2560]}}, {"id": "WIN_20240125_17_00_07_Pro", "annotations": [{"id": 0, "type": "bbox", "attributes": {}, "group": 0, "label_id": 1, "z_order": 0, "bbox": [1110.1500244140625, 412.9700012207031, 457.280029296875, 659.7900085449219]}], "attr": {"has_empty_label": false}, "image": {"path": "WIN_20240125_17_00_07_Pro.jpg", "size": [1440, 2560]}}, {"id": "WIN_20240125_17_00_16_Pro", "annotations": [{"id": 0, "type": "bbox", "attributes": {}, "group": 0, "label_id": 1, "z_order": 0, "bbox": [1107.97998046875, 412.9700012207031, 465.989990234375, 677.2100524902344]}], "attr": {"has_empty_label": false}, "image": {"path": "WIN_20240125_17_00_16_Pro.jpg", "size": [1440, 2560]}}, {"id": "WIN_20240125_17_00_19_Pro", "annotations": [{"id": 0, "type": "bbox", "attributes": {}, "group": 0, "label_id": 1, "z_order": 0, "bbox": [999.0999755859375, 423.8599853515625, 487.77001953125, 629.300048828125]}], "attr": {"has_empty_label": false}, "image": {"path": "WIN_20240125_17_00_19_Pro.jpg", "size": [1440, 2560]}}, {"id": "WIN_20240125_17_00_22_Pro", "annotations": [{"id": 0, "type": "bbox", "attributes": {}, "group": 0, "label_id": 1, "z_order": 0, "bbox": [1036.1199951171875, 378.1300048828125, 465.989990234375, 694.6300048828125]}], "attr": {"has_empty_label": false}, "image": {"path": "WIN_20240125_17_00_22_Pro.jpg", "size": [1440, 2560]}}, {"id": "WIN_20240125_17_00_23_Pro", "annotations": [{"id": 0, "type": "bbox", "attributes": {}, "group": 0, "label_id": 1, "z_order": 0, "bbox": [1070.9599609375, 343.2900085449219, 489.9400634765625, 738.1799621582031]}], "attr": {"has_empty_label": false}, "image": {"path": "WIN_20240125_17_00_23_Pro.jpg", "size": [1440, 2560]}}]}