{
    "annotations": [
        {
            "labels": [
                {
                    "probability": 1.0,
                    "name": "seed",
                    "color": "#5182c5ff",
                    "source": {
                        "user_id": "dd725a2c-b183-4616-bcf3-0894843fb6a5"
                    }
                }
            ],
            "shape": {
                "points": [
                    {
                        "x": 693,
                        "y": 334
                    },
                    {
                        "x": 699,
                        "y": 334
                    },
                    {
                        "x": 702,
                        "y": 332
                    },
                    {
                        "x": 713,
                        "y": 332
                    },
                    {
                        "x": 737,
                        "y": 340
                    },
                    {
                        "x": 740,
                        "y": 344
                    },
                    {
                        "x": 742,
                        "y": 357
                    },
                    {
                        "x": 741,
                        "y": 382
                    },
                    {
                        "x": 738,
                        "y": 387
                    },
                    {
                        "x": 728,
                        "y": 391
                    },
                    {
                        "x": 722,
                        "y": 397
                    },
                    {
                        "x": 709,
                        "y": 415
                    },
                    {
                        "x": 703,
                        "y": 426
                    },
                    {
                        "x": 702,
                        "y": 431
                    },
                    {
                        "x": 694,
                        "y": 438
                    },
                    {
                        "x": 692,
                        "y": 442
                    },
                    {
                        "x": 692,
                        "y": 451
                    },
                    {
                        "x": 698,
                        "y": 458
                    },
                    {
                        "x": 703,
                        "y": 474
                    },
                    {
                        "x": 710,
                        "y": 484
                    },
                    {
                        "x": 715,
                        "y": 495
                    },
                    {
                        "x": 716,
                        "y": 508
                    },
                    {
                        "x": 720,
                        "y": 523
                    },
                    {
                        "x": 720,
                        "y": 531
                    },
                    {
                        "x": 716,
                        "y": 533
                    },
                    {
                        "x": 686,
                        "y": 530
                    },
                    {
                        "x": 675,
                        "y": 527
                    },
                    {
                        "x": 641,
                        "y": 527
                    },
                    {
                        "x": 629,
                        "y": 524
                    },
                    {
                        "x": 603,
                        "y": 523
                    },
                    {
                        "x": 598,
                        "y": 525
                    },
                    {
                        "x": 592,
                        "y": 525
                    },
                    {
                        "x": 576,
                        "y": 535
                    },
                    {
                        "x": 565,
                        "y": 537
                    },
                    {
                        "x": 560,
                        "y": 535
                    },
                    {
                        "x": 558,
                        "y": 527
                    },
                    {
                        "x": 553,
                        "y": 523
                    },
                    {
                        "x": 553,
                        "y": 517
                    },
                    {
                        "x": 556,
                        "y": 509
                    },
                    {
                        "x": 555,
                        "y": 501
                    },
                    {
                        "x": 557,
                        "y": 498
                    },
                    {
                        "x": 558,
                        "y": 438
                    },
                    {
                        "x": 554,
                        "y": 402
                    },
                    {
                        "x": 554,
                        "y": 362
                    },
                    {
                        "x": 557,
                        "y": 358
                    },
                    {
                        "x": 560,
                        "y": 343
                    },
                    {
                        "x": 563,
                        "y": 341
                    },
                    {
                        "x": 574,
                        "y": 341
                    },
                    {
                        "x": 590,
                        "y": 337
                    },
                    {
                        "x": 616,
                        "y": 335
                    },
                    {
                        "x": 645,
                        "y": 336
                    },
                    {
                        "x": 652,
                        "y": 332
                    },
                    {
                        "x": 689,
                        "y": 332
                    }
                ],
                "type": "POLYGON"
            },
            "labels_to_revisit": []
        },
        {
            "labels": [
                {
                    "probability": 1.0,
                    "name": "bird",
                    "color": "#a4be19ff",
                    "source": {
                        "user_id": "dd725a2c-b183-4616-bcf3-0894843fb6a5"
                    }
                }
            ],
            "shape": {
                "points": [
                    {
                        "x": 551,
                        "y": 368
                    },
                    {
                        "x": 552,
                        "y": 406
                    },
                    {
                        "x": 547,
                        "y": 427
                    },
                    {
                        "x": 548,
                        "y": 496
                    },
                    {
                        "x": 547,
                        "y": 505
                    },
                    {
                        "x": 545,
                        "y": 509
                    },
                    {
                        "x": 540,
                        "y": 511
                    },
                    {
                        "x": 531,
                        "y": 520
                    },
                    {
                        "x": 502,
                        "y": 535
                    },
                    {
                        "x": 494,
                        "y": 545
                    },
                    {
                        "x": 493,
                        "y": 553
                    },
                    {
                        "x": 486,
                        "y": 558
                    },
                    {
                        "x": 477,
                        "y": 559
                    },
                    {
                        "x": 469,
                        "y": 565
                    },
                    {
                        "x": 467,
                        "y": 565
                    },
                    {
                        "x": 453,
                        "y": 556
                    },
                    {
                        "x": 439,
                        "y": 557
                    },
                    {
                        "x": 411,
                        "y": 571
                    },
                    {
                        "x": 397,
                        "y": 585
                    },
                    {
                        "x": 371,
                        "y": 636
                    },
                    {
                        "x": 366,
                        "y": 649
                    },
                    {
                        "x": 349,
                        "y": 678
                    },
                    {
                        "x": 338,
                        "y": 678
                    },
                    {
                        "x": 334,
                        "y": 672
                    },
                    {
                        "x": 334,
                        "y": 668
                    },
                    {
                        "x": 338,
                        "y": 655
                    },
                    {
                        "x": 344,
                        "y": 645
                    },
                    {
                        "x": 347,
                        "y": 633
                    },
                    {
                        "x": 356,
                        "y": 616
                    },
                    {
                        "x": 357,
                        "y": 611
                    },
                    {
                        "x": 364,
                        "y": 600
                    },
                    {
                        "x": 367,
                        "y": 591
                    },
                    {
                        "x": 375,
                        "y": 578
                    },
                    {
                        "x": 381,
                        "y": 564
                    },
                    {
                        "x": 380,
                        "y": 556
                    },
                    {
                        "x": 378,
                        "y": 554
                    },
                    {
                        "x": 372,
                        "y": 553
                    },
                    {
                        "x": 372,
                        "y": 542
                    },
                    {
                        "x": 386,
                        "y": 528
                    },
                    {
                        "x": 398,
                        "y": 509
                    },
                    {
                        "x": 427,
                        "y": 474
                    },
                    {
                        "x": 457,
                        "y": 446
                    },
                    {
                        "x": 467,
                        "y": 439
                    },
                    {
                        "x": 476,
                        "y": 436
                    },
                    {
                        "x": 492,
                        "y": 418
                    },
                    {
                        "x": 495,
                        "y": 413
                    },
                    {
                        "x": 496,
                        "y": 407
                    },
                    {
                        "x": 501,
                        "y": 401
                    },
                    {
                        "x": 502,
                        "y": 387
                    },
                    {
                        "x": 511,
                        "y": 374
                    },
                    {
                        "x": 519,
                        "y": 368
                    },
                    {
                        "x": 526,
                        "y": 366
                    },
                    {
                        "x": 530,
                        "y": 363
                    },
                    {
                        "x": 536,
                        "y": 361
                    },
                    {
                        "x": 548,
                        "y": 361
                    }
                ],
                "type": "POLYGON"
            },
            "labels_to_revisit": []
        }
    ],
    "kind": "annotation",
    "labels_to_revisit_full_scene": [],
    "annotation_state_per_task": [
        {
            "task_id": "66fd38284dab82982d1a9d04",
            "state": "annotated"
        }
    ]
}