{
    "annotations": [
        {
            "labels": [
                {
                    "probability": 1.0,
                    "name": "bird",
                    "color": "#a4be19ff",
                    "source": {
                        "user_id": "dd725a2c-b183-4616-bcf3-0894843fb6a5"
                    }
                }
            ],
            "shape": {
                "points": [
                    {
                        "x": 474,
                        "y": 324
                    },
                    {
                        "x": 485,
                        "y": 322
                    },
                    {
                        "x": 488,
                        "y": 324
                    },
                    {
                        "x": 490,
                        "y": 328
                    },
                    {
                        "x": 492,
                        "y": 362
                    },
                    {
                        "x": 497,
                        "y": 372
                    },
                    {
                        "x": 505,
                        "y": 400
                    },
                    {
                        "x": 504,
                        "y": 413
                    },
                    {
                        "x": 497,
                        "y": 434
                    },
                    {
                        "x": 488,
                        "y": 452
                    },
                    {
                        "x": 487,
                        "y": 457
                    },
                    {
                        "x": 481,
                        "y": 462
                    },
                    {
                        "x": 466,
                        "y": 481
                    },
                    {
                        "x": 450,
                        "y": 498
                    },
                    {
                        "x": 439,
                        "y": 507
                    },
                    {
                        "x": 415,
                        "y": 507
                    },
                    {
                        "x": 405,
                        "y": 511
                    },
                    {
                        "x": 400,
                        "y": 516
                    },
                    {
                        "x": 393,
                        "y": 532
                    },
                    {
                        "x": 391,
                        "y": 560
                    },
                    {
                        "x": 388,
                        "y": 573
                    },
                    {
                        "x": 385,
                        "y": 604
                    },
                    {
                        "x": 384,
                        "y": 639
                    },
                    {
                        "x": 382,
                        "y": 647
                    },
                    {
                        "x": 360,
                        "y": 648
                    },
                    {
                        "x": 357,
                        "y": 646
                    },
                    {
                        "x": 355,
                        "y": 642
                    },
                    {
                        "x": 354,
                        "y": 631
                    },
                    {
                        "x": 364,
                        "y": 569
                    },
                    {
                        "x": 364,
                        "y": 525
                    },
                    {
                        "x": 362,
                        "y": 515
                    },
                    {
                        "x": 358,
                        "y": 508
                    },
                    {
                        "x": 356,
                        "y": 507
                    },
                    {
                        "x": 348,
                        "y": 510
                    },
                    {
                        "x": 346,
                        "y": 509
                    },
                    {
                        "x": 346,
                        "y": 506
                    },
                    {
                        "x": 350,
                        "y": 501
                    },
                    {
                        "x": 356,
                        "y": 488
                    },
                    {
                        "x": 368,
                        "y": 446
                    },
                    {
                        "x": 394,
                        "y": 398
                    },
                    {
                        "x": 403,
                        "y": 386
                    },
                    {
                        "x": 415,
                        "y": 374
                    },
                    {
                        "x": 421,
                        "y": 364
                    },
                    {
                        "x": 429,
                        "y": 343
                    },
                    {
                        "x": 440,
                        "y": 326
                    },
                    {
                        "x": 448,
                        "y": 319
                    },
                    {
                        "x": 455,
                        "y": 316
                    },
                    {
                        "x": 459,
                        "y": 316
                    }
                ],
                "type": "POLYGON"
            },
            "labels_to_revisit": []
        },
        {
            "labels": [
                {
                    "probability": 1.0,
                    "name": "bird",
                    "color": "#a4be19ff",
                    "source": {
                        "user_id": "dd725a2c-b183-4616-bcf3-0894843fb6a5"
                    }
                }
            ],
            "shape": {
                "points": [
                    {
                        "x": 739,
                        "y": 377
                    },
                    {
                        "x": 742,
                        "y": 380
                    },
                    {
                        "x": 774,
                        "y": 377
                    },
                    {
                        "x": 814,
                        "y": 379
                    },
                    {
                        "x": 863,
                        "y": 394
                    },
                    {
                        "x": 881,
                        "y": 402
                    },
                    {
                        "x": 910,
                        "y": 422
                    },
                    {
                        "x": 910,
                        "y": 426
                    },
                    {
                        "x": 904,
                        "y": 432
                    },
                    {
                        "x": 907,
                        "y": 437
                    },
                    {
                        "x": 932,
                        "y": 451
                    },
                    {
                        "x": 940,
                        "y": 453
                    },
                    {
                        "x": 943,
                        "y": 456
                    },
                    {
                        "x": 958,
                        "y": 461
                    },
                    {
                        "x": 964,
                        "y": 467
                    },
                    {
                        "x": 978,
                        "y": 472
                    },
                    {
                        "x": 983,
                        "y": 478
                    },
                    {
                        "x": 996,
                        "y": 482
                    },
                    {
                        "x": 1003,
                        "y": 490
                    },
                    {
                        "x": 1009,
                        "y": 493
                    },
                    {
                        "x": 1009,
                        "y": 497
                    },
                    {
                        "x": 1005,
                        "y": 498
                    },
                    {
                        "x": 992,
                        "y": 495
                    },
                    {
                        "x": 984,
                        "y": 491
                    },
                    {
                        "x": 972,
                        "y": 488
                    },
                    {
                        "x": 958,
                        "y": 480
                    },
                    {
                        "x": 953,
                        "y": 480
                    },
                    {
                        "x": 928,
                        "y": 471
                    },
                    {
                        "x": 900,
                        "y": 472
                    },
                    {
                        "x": 890,
                        "y": 475
                    },
                    {
                        "x": 868,
                        "y": 478
                    },
                    {
                        "x": 867,
                        "y": 479
                    },
                    {
                        "x": 871,
                        "y": 482
                    },
                    {
                        "x": 872,
                        "y": 487
                    },
                    {
                        "x": 869,
                        "y": 489
                    },
                    {
                        "x": 858,
                        "y": 488
                    },
                    {
                        "x": 851,
                        "y": 485
                    },
                    {
                        "x": 802,
                        "y": 485
                    },
                    {
                        "x": 797,
                        "y": 487
                    },
                    {
                        "x": 793,
                        "y": 485
                    },
                    {
                        "x": 790,
                        "y": 488
                    },
                    {
                        "x": 787,
                        "y": 488
                    },
                    {
                        "x": 782,
                        "y": 482
                    },
                    {
                        "x": 778,
                        "y": 481
                    },
                    {
                        "x": 775,
                        "y": 477
                    },
                    {
                        "x": 766,
                        "y": 473
                    },
                    {
                        "x": 749,
                        "y": 462
                    },
                    {
                        "x": 735,
                        "y": 450
                    },
                    {
                        "x": 731,
                        "y": 449
                    },
                    {
                        "x": 723,
                        "y": 443
                    },
                    {
                        "x": 718,
                        "y": 442
                    },
                    {
                        "x": 713,
                        "y": 434
                    },
                    {
                        "x": 708,
                        "y": 432
                    },
                    {
                        "x": 705,
                        "y": 424
                    },
                    {
                        "x": 706,
                        "y": 412
                    },
                    {
                        "x": 702,
                        "y": 403
                    },
                    {
                        "x": 699,
                        "y": 407
                    },
                    {
                        "x": 696,
                        "y": 405
                    },
                    {
                        "x": 692,
                        "y": 395
                    },
                    {
                        "x": 692,
                        "y": 391
                    },
                    {
                        "x": 699,
                        "y": 379
                    },
                    {
                        "x": 706,
                        "y": 376
                    },
                    {
                        "x": 724,
                        "y": 374
                    }
                ],
                "type": "POLYGON"
            },
            "labels_to_revisit": []
        },
        {
            "labels": [
                {
                    "probability": 1.0,
                    "name": "seed",
                    "color": "#5182c5ff",
                    "source": {
                        "user_id": "dd725a2c-b183-4616-bcf3-0894843fb6a5"
                    }
                }
            ],
            "shape": {
                "points": [
                    {
                        "x": 652,
                        "y": 342
                    },
                    {
                        "x": 667,
                        "y": 349
                    },
                    {
                        "x": 675,
                        "y": 348
                    },
                    {
                        "x": 685,
                        "y": 350
                    },
                    {
                        "x": 685,
                        "y": 353
                    },
                    {
                        "x": 682,
                        "y": 356
                    },
                    {
                        "x": 679,
                        "y": 364
                    },
                    {
                        "x": 669,
                        "y": 381
                    },
                    {
                        "x": 656,
                        "y": 396
                    },
                    {
                        "x": 655,
                        "y": 399
                    },
                    {
                        "x": 659,
                        "y": 416
                    },
                    {
                        "x": 658,
                        "y": 427
                    },
                    {
                        "x": 670,
                        "y": 471
                    },
                    {
                        "x": 670,
                        "y": 485
                    },
                    {
                        "x": 668,
                        "y": 488
                    },
                    {
                        "x": 640,
                        "y": 487
                    },
                    {
                        "x": 635,
                        "y": 485
                    },
                    {
                        "x": 629,
                        "y": 485
                    },
                    {
                        "x": 624,
                        "y": 482
                    },
                    {
                        "x": 596,
                        "y": 481
                    },
                    {
                        "x": 588,
                        "y": 478
                    },
                    {
                        "x": 562,
                        "y": 475
                    },
                    {
                        "x": 559,
                        "y": 478
                    },
                    {
                        "x": 558,
                        "y": 487
                    },
                    {
                        "x": 546,
                        "y": 486
                    },
                    {
                        "x": 543,
                        "y": 484
                    },
                    {
                        "x": 538,
                        "y": 487
                    },
                    {
                        "x": 532,
                        "y": 487
                    },
                    {
                        "x": 524,
                        "y": 481
                    },
                    {
                        "x": 522,
                        "y": 478
                    },
                    {
                        "x": 523,
                        "y": 451
                    },
                    {
                        "x": 521,
                        "y": 427
                    },
                    {
                        "x": 521,
                        "y": 379
                    },
                    {
                        "x": 523,
                        "y": 371
                    },
                    {
                        "x": 523,
                        "y": 362
                    },
                    {
                        "x": 527,
                        "y": 358
                    },
                    {
                        "x": 528,
                        "y": 352
                    },
                    {
                        "x": 532,
                        "y": 347
                    },
                    {
                        "x": 552,
                        "y": 345
                    },
                    {
                        "x": 561,
                        "y": 342
                    },
                    {
                        "x": 575,
                        "y": 340
                    },
                    {
                        "x": 618,
                        "y": 341
                    },
                    {
                        "x": 624,
                        "y": 339
                    },
                    {
                        "x": 635,
                        "y": 339
                    }
                ],
                "type": "POLYGON"
            },
            "labels_to_revisit": []
        }
    ],
    "kind": "annotation",
    "labels_to_revisit_full_scene": [],
    "annotation_state_per_task": [
        {
            "task_id": "66fd38284dab82982d1a9d04",
            "state": "annotated"
        }
    ]
}