{
    "annotations": [
        {
            "labels": [
                {
                    "probability": 1.0,
                    "name": "seed",
                    "color": "#5182c5ff",
                    "source": {
                        "user_id": "dd725a2c-b183-4616-bcf3-0894843fb6a5"
                    }
                }
            ],
            "shape": {
                "points": [
                    {
                        "x": 688,
                        "y": 358
                    },
                    {
                        "x": 710,
                        "y": 357
                    },
                    {
                        "x": 714,
                        "y": 359
                    },
                    {
                        "x": 715,
                        "y": 366
                    },
                    {
                        "x": 710,
                        "y": 375
                    },
                    {
                        "x": 711,
                        "y": 388
                    },
                    {
                        "x": 713,
                        "y": 395
                    },
                    {
                        "x": 715,
                        "y": 397
                    },
                    {
                        "x": 717,
                        "y": 412
                    },
                    {
                        "x": 729,
                        "y": 431
                    },
                    {
                        "x": 730,
                        "y": 437
                    },
                    {
                        "x": 740,
                        "y": 454
                    },
                    {
                        "x": 739,
                        "y": 470
                    },
                    {
                        "x": 733,
                        "y": 471
                    },
                    {
                        "x": 715,
                        "y": 469
                    },
                    {
                        "x": 657,
                        "y": 469
                    },
                    {
                        "x": 645,
                        "y": 467
                    },
                    {
                        "x": 624,
                        "y": 470
                    },
                    {
                        "x": 613,
                        "y": 470
                    },
                    {
                        "x": 609,
                        "y": 473
                    },
                    {
                        "x": 611,
                        "y": 479
                    },
                    {
                        "x": 604,
                        "y": 481
                    },
                    {
                        "x": 595,
                        "y": 488
                    },
                    {
                        "x": 592,
                        "y": 488
                    },
                    {
                        "x": 583,
                        "y": 479
                    },
                    {
                        "x": 578,
                        "y": 407
                    },
                    {
                        "x": 574,
                        "y": 399
                    },
                    {
                        "x": 574,
                        "y": 362
                    },
                    {
                        "x": 593,
                        "y": 362
                    },
                    {
                        "x": 607,
                        "y": 371
                    },
                    {
                        "x": 616,
                        "y": 371
                    },
                    {
                        "x": 637,
                        "y": 366
                    },
                    {
                        "x": 654,
                        "y": 356
                    },
                    {
                        "x": 665,
                        "y": 354
                    },
                    {
                        "x": 674,
                        "y": 354
                    }
                ],
                "type": "POLYGON"
            },
            "labels_to_revisit": []
        },
        {
            "labels": [
                {
                    "probability": 1.0,
                    "name": "bird",
                    "color": "#a4be19ff",
                    "source": {
                        "user_id": "dd725a2c-b183-4616-bcf3-0894843fb6a5"
                    }
                }
            ],
            "shape": {
                "points": [
                    {
                        "x": 568,
                        "y": 366
                    },
                    {
                        "x": 568,
                        "y": 370
                    },
                    {
                        "x": 565,
                        "y": 377
                    },
                    {
                        "x": 567,
                        "y": 382
                    },
                    {
                        "x": 566,
                        "y": 394
                    },
                    {
                        "x": 572,
                        "y": 413
                    },
                    {
                        "x": 572,
                        "y": 418
                    },
                    {
                        "x": 574,
                        "y": 421
                    },
                    {
                        "x": 576,
                        "y": 439
                    },
                    {
                        "x": 576,
                        "y": 461
                    },
                    {
                        "x": 573,
                        "y": 473
                    },
                    {
                        "x": 574,
                        "y": 479
                    },
                    {
                        "x": 571,
                        "y": 483
                    },
                    {
                        "x": 556,
                        "y": 489
                    },
                    {
                        "x": 545,
                        "y": 496
                    },
                    {
                        "x": 544,
                        "y": 498
                    },
                    {
                        "x": 546,
                        "y": 503
                    },
                    {
                        "x": 542,
                        "y": 508
                    },
                    {
                        "x": 528,
                        "y": 513
                    },
                    {
                        "x": 504,
                        "y": 515
                    },
                    {
                        "x": 493,
                        "y": 519
                    },
                    {
                        "x": 461,
                        "y": 518
                    },
                    {
                        "x": 447,
                        "y": 515
                    },
                    {
                        "x": 424,
                        "y": 514
                    },
                    {
                        "x": 401,
                        "y": 505
                    },
                    {
                        "x": 397,
                        "y": 502
                    },
                    {
                        "x": 388,
                        "y": 500
                    },
                    {
                        "x": 373,
                        "y": 492
                    },
                    {
                        "x": 359,
                        "y": 489
                    },
                    {
                        "x": 333,
                        "y": 488
                    },
                    {
                        "x": 302,
                        "y": 490
                    },
                    {
                        "x": 298,
                        "y": 488
                    },
                    {
                        "x": 300,
                        "y": 476
                    },
                    {
                        "x": 305,
                        "y": 472
                    },
                    {
                        "x": 316,
                        "y": 471
                    },
                    {
                        "x": 320,
                        "y": 469
                    },
                    {
                        "x": 354,
                        "y": 468
                    },
                    {
                        "x": 383,
                        "y": 461
                    },
                    {
                        "x": 387,
                        "y": 458
                    },
                    {
                        "x": 394,
                        "y": 456
                    },
                    {
                        "x": 401,
                        "y": 449
                    },
                    {
                        "x": 418,
                        "y": 438
                    },
                    {
                        "x": 444,
                        "y": 425
                    },
                    {
                        "x": 459,
                        "y": 415
                    },
                    {
                        "x": 469,
                        "y": 411
                    },
                    {
                        "x": 488,
                        "y": 400
                    },
                    {
                        "x": 501,
                        "y": 398
                    },
                    {
                        "x": 522,
                        "y": 387
                    },
                    {
                        "x": 541,
                        "y": 370
                    },
                    {
                        "x": 555,
                        "y": 365
                    }
                ],
                "type": "POLYGON"
            },
            "labels_to_revisit": []
        }
    ],
    "kind": "annotation",
    "labels_to_revisit_full_scene": [],
    "annotation_state_per_task": [
        {
            "task_id": "66fd38284dab82982d1a9d04",
            "state": "annotated"
        }
    ]
}