{
    "annotations": [
        {
            "labels": [
                {
                    "probability": 0.6049565746359629,
                    "name": "seed",
                    "color": "#5182c5ff",
                    "source": {
                        "user_id": "dd725a2c-b183-4616-bcf3-0894843fb6a5"
                    }
                }
            ],
            "shape": {
                "points": [
                    {
                        "x": 537,
                        "y": 351
                    },
                    {
                        "x": 537,
                        "y": 354
                    },
                    {
                        "x": 535,
                        "y": 355
                    },
                    {
                        "x": 535,
                        "y": 380
                    },
                    {
                        "x": 537,
                        "y": 381
                    },
                    {
                        "x": 537,
                        "y": 390
                    },
                    {
                        "x": 539,
                        "y": 391
                    },
                    {
                        "x": 537,
                        "y": 392
                    },
                    {
                        "x": 537,
                        "y": 402
                    },
                    {
                        "x": 535,
                        "y": 403
                    },
                    {
                        "x": 535,
                        "y": 440
                    },
                    {
                        "x": 534,
                        "y": 441
                    },
                    {
                        "x": 532,
                        "y": 441
                    },
                    {
                        "x": 532,
                        "y": 453
                    },
                    {
                        "x": 530,
                        "y": 454
                    },
                    {
                        "x": 530,
                        "y": 457
                    },
                    {
                        "x": 528,
                        "y": 458
                    },
                    {
                        "x": 528,
                        "y": 461
                    },
                    {
                        "x": 527,
                        "y": 462
                    },
                    {
                        "x": 525,
                        "y": 462
                    },
                    {
                        "x": 525,
                        "y": 465
                    },
                    {
                        "x": 523,
                        "y": 466
                    },
                    {
                        "x": 523,
                        "y": 470
                    },
                    {
                        "x": 525,
                        "y": 471
                    },
                    {
                        "x": 525,
                        "y": 473
                    },
                    {
                        "x": 529,
                        "y": 474
                    },
                    {
                        "x": 530,
                        "y": 476
                    },
                    {
                        "x": 532,
                        "y": 477
                    },
                    {
                        "x": 532,
                        "y": 478
                    },
                    {
                        "x": 534,
                        "y": 478
                    },
                    {
                        "x": 535,
                        "y": 480
                    },
                    {
                        "x": 539,
                        "y": 482
                    },
                    {
                        "x": 545,
                        "y": 482
                    },
                    {
                        "x": 546,
                        "y": 484
                    },
                    {
                        "x": 550,
                        "y": 484
                    },
                    {
                        "x": 551,
                        "y": 482
                    },
                    {
                        "x": 557,
                        "y": 482
                    },
                    {
                        "x": 558,
                        "y": 481
                    },
                    {
                        "x": 574,
                        "y": 481
                    },
                    {
                        "x": 575,
                        "y": 482
                    },
                    {
                        "x": 590,
                        "y": 482
                    },
                    {
                        "x": 591,
                        "y": 484
                    },
                    {
                        "x": 609,
                        "y": 484
                    },
                    {
                        "x": 610,
                        "y": 485
                    },
                    {
                        "x": 621,
                        "y": 485
                    },
                    {
                        "x": 622,
                        "y": 486
                    },
                    {
                        "x": 632,
                        "y": 486
                    },
                    {
                        "x": 633,
                        "y": 488
                    },
                    {
                        "x": 669,
                        "y": 488
                    },
                    {
                        "x": 670,
                        "y": 486
                    },
                    {
                        "x": 673,
                        "y": 486
                    },
                    {
                        "x": 674,
                        "y": 485
                    },
                    {
                        "x": 680,
                        "y": 485
                    },
                    {
                        "x": 681,
                        "y": 486
                    },
                    {
                        "x": 685,
                        "y": 485
                    },
                    {
                        "x": 685,
                        "y": 475
                    },
                    {
                        "x": 683,
                        "y": 474
                    },
                    {
                        "x": 683,
                        "y": 467
                    },
                    {
                        "x": 681,
                        "y": 467
                    },
                    {
                        "x": 680,
                        "y": 466
                    },
                    {
                        "x": 680,
                        "y": 462
                    },
                    {
                        "x": 678,
                        "y": 461
                    },
                    {
                        "x": 678,
                        "y": 455
                    },
                    {
                        "x": 676,
                        "y": 454
                    },
                    {
                        "x": 676,
                        "y": 444
                    },
                    {
                        "x": 674,
                        "y": 444
                    },
                    {
                        "x": 673,
                        "y": 443
                    },
                    {
                        "x": 673,
                        "y": 437
                    },
                    {
                        "x": 671,
                        "y": 436
                    },
                    {
                        "x": 671,
                        "y": 432
                    },
                    {
                        "x": 669,
                        "y": 431
                    },
                    {
                        "x": 669,
                        "y": 426
                    },
                    {
                        "x": 667,
                        "y": 426
                    },
                    {
                        "x": 663,
                        "y": 424
                    },
                    {
                        "x": 662,
                        "y": 422
                    },
                    {
                        "x": 660,
                        "y": 422
                    },
                    {
                        "x": 655,
                        "y": 419
                    },
                    {
                        "x": 655,
                        "y": 417
                    },
                    {
                        "x": 653,
                        "y": 417
                    },
                    {
                        "x": 652,
                        "y": 416
                    },
                    {
                        "x": 652,
                        "y": 413
                    },
                    {
                        "x": 650,
                        "y": 412
                    },
                    {
                        "x": 650,
                        "y": 409
                    },
                    {
                        "x": 648,
                        "y": 408
                    },
                    {
                        "x": 648,
                        "y": 401
                    },
                    {
                        "x": 650,
                        "y": 400
                    },
                    {
                        "x": 650,
                        "y": 396
                    },
                    {
                        "x": 651,
                        "y": 395
                    },
                    {
                        "x": 655,
                        "y": 394
                    },
                    {
                        "x": 655,
                        "y": 393
                    },
                    {
                        "x": 658,
                        "y": 391
                    },
                    {
                        "x": 662,
                        "y": 391
                    },
                    {
                        "x": 664,
                        "y": 390
                    },
                    {
                        "x": 665,
                        "y": 388
                    },
                    {
                        "x": 669,
                        "y": 387
                    },
                    {
                        "x": 669,
                        "y": 385
                    },
                    {
                        "x": 671,
                        "y": 384
                    },
                    {
                        "x": 671,
                        "y": 381
                    },
                    {
                        "x": 673,
                        "y": 380
                    },
                    {
                        "x": 674,
                        "y": 378
                    },
                    {
                        "x": 676,
                        "y": 378
                    },
                    {
                        "x": 677,
                        "y": 376
                    },
                    {
                        "x": 680,
                        "y": 375
                    },
                    {
                        "x": 680,
                        "y": 367
                    },
                    {
                        "x": 681,
                        "y": 366
                    },
                    {
                        "x": 683,
                        "y": 366
                    },
                    {
                        "x": 683,
                        "y": 364
                    },
                    {
                        "x": 685,
                        "y": 363
                    },
                    {
                        "x": 685,
                        "y": 361
                    },
                    {
                        "x": 686,
                        "y": 359
                    },
                    {
                        "x": 688,
                        "y": 359
                    },
                    {
                        "x": 688,
                        "y": 357
                    },
                    {
                        "x": 690,
                        "y": 356
                    },
                    {
                        "x": 690,
                        "y": 353
                    },
                    {
                        "x": 692,
                        "y": 352
                    },
                    {
                        "x": 692,
                        "y": 350
                    },
                    {
                        "x": 693,
                        "y": 349
                    },
                    {
                        "x": 697,
                        "y": 348
                    },
                    {
                        "x": 698,
                        "y": 346
                    },
                    {
                        "x": 697,
                        "y": 345
                    },
                    {
                        "x": 693,
                        "y": 345
                    },
                    {
                        "x": 692,
                        "y": 343
                    },
                    {
                        "x": 686,
                        "y": 343
                    },
                    {
                        "x": 685,
                        "y": 342
                    },
                    {
                        "x": 681,
                        "y": 342
                    },
                    {
                        "x": 680,
                        "y": 343
                    },
                    {
                        "x": 672,
                        "y": 343
                    },
                    {
                        "x": 671,
                        "y": 345
                    },
                    {
                        "x": 658,
                        "y": 345
                    },
                    {
                        "x": 656,
                        "y": 346
                    },
                    {
                        "x": 655,
                        "y": 345
                    },
                    {
                        "x": 651,
                        "y": 345
                    },
                    {
                        "x": 650,
                        "y": 343
                    },
                    {
                        "x": 646,
                        "y": 343
                    },
                    {
                        "x": 643,
                        "y": 341
                    },
                    {
                        "x": 633,
                        "y": 341
                    },
                    {
                        "x": 632,
                        "y": 339
                    },
                    {
                        "x": 626,
                        "y": 339
                    },
                    {
                        "x": 625,
                        "y": 338
                    },
                    {
                        "x": 612,
                        "y": 338
                    },
                    {
                        "x": 611,
                        "y": 337
                    },
                    {
                        "x": 598,
                        "y": 337
                    },
                    {
                        "x": 597,
                        "y": 338
                    },
                    {
                        "x": 582,
                        "y": 338
                    },
                    {
                        "x": 581,
                        "y": 339
                    },
                    {
                        "x": 575,
                        "y": 339
                    },
                    {
                        "x": 574,
                        "y": 341
                    },
                    {
                        "x": 558,
                        "y": 343
                    },
                    {
                        "x": 557,
                        "y": 345
                    },
                    {
                        "x": 553,
                        "y": 345
                    },
                    {
                        "x": 552,
                        "y": 347
                    },
                    {
                        "x": 549,
                        "y": 347
                    },
                    {
                        "x": 548,
                        "y": 349
                    },
                    {
                        "x": 542,
                        "y": 349
                    },
                    {
                        "x": 541,
                        "y": 350
                    }
                ],
                "type": "POLYGON"
            },
            "labels_to_revisit": []
        }
    ],
    "kind": "annotation",
    "labels_to_revisit_full_scene": [],
    "annotation_state_per_task": [
        {
            "task_id": "66fd38284dab82982d1a9d04",
            "state": "annotated"
        }
    ]
}