{
    "annotations": [
        {
            "labels": [
                {
                    "probability": 1.0,
                    "name": "bird",
                    "color": "#a4be19ff",
                    "source": {
                        "user_id": "dd725a2c-b183-4616-bcf3-0894843fb6a5"
                    }
                }
            ],
            "shape": {
                "points": [
                    {
                        "x": 543,
                        "y": 346
                    },
                    {
                        "x": 546,
                        "y": 356
                    },
                    {
                        "x": 544,
                        "y": 368
                    },
                    {
                        "x": 544,
                        "y": 399
                    },
                    {
                        "x": 549,
                        "y": 449
                    },
                    {
                        "x": 545,
                        "y": 458
                    },
                    {
                        "x": 525,
                        "y": 478
                    },
                    {
                        "x": 500,
                        "y": 492
                    },
                    {
                        "x": 483,
                        "y": 496
                    },
                    {
                        "x": 476,
                        "y": 504
                    },
                    {
                        "x": 471,
                        "y": 506
                    },
                    {
                        "x": 451,
                        "y": 506
                    },
                    {
                        "x": 434,
                        "y": 508
                    },
                    {
                        "x": 422,
                        "y": 504
                    },
                    {
                        "x": 392,
                        "y": 504
                    },
                    {
                        "x": 384,
                        "y": 502
                    },
                    {
                        "x": 364,
                        "y": 502
                    },
                    {
                        "x": 329,
                        "y": 507
                    },
                    {
                        "x": 311,
                        "y": 507
                    },
                    {
                        "x": 310,
                        "y": 501
                    },
                    {
                        "x": 312,
                        "y": 497
                    },
                    {
                        "x": 347,
                        "y": 478
                    },
                    {
                        "x": 359,
                        "y": 469
                    },
                    {
                        "x": 360,
                        "y": 467
                    },
                    {
                        "x": 357,
                        "y": 463
                    },
                    {
                        "x": 346,
                        "y": 463
                    },
                    {
                        "x": 342,
                        "y": 461
                    },
                    {
                        "x": 341,
                        "y": 458
                    },
                    {
                        "x": 348,
                        "y": 453
                    },
                    {
                        "x": 356,
                        "y": 451
                    },
                    {
                        "x": 386,
                        "y": 431
                    },
                    {
                        "x": 421,
                        "y": 416
                    },
                    {
                        "x": 428,
                        "y": 410
                    },
                    {
                        "x": 452,
                        "y": 397
                    },
                    {
                        "x": 457,
                        "y": 391
                    },
                    {
                        "x": 467,
                        "y": 389
                    },
                    {
                        "x": 479,
                        "y": 378
                    },
                    {
                        "x": 484,
                        "y": 363
                    },
                    {
                        "x": 490,
                        "y": 359
                    },
                    {
                        "x": 497,
                        "y": 351
                    },
                    {
                        "x": 506,
                        "y": 345
                    },
                    {
                        "x": 519,
                        "y": 341
                    },
                    {
                        "x": 536,
                        "y": 341
                    }
                ],
                "type": "POLYGON"
            },
            "labels_to_revisit": []
        },
        {
            "labels": [
                {
                    "probability": 1.0,
                    "name": "seed",
                    "color": "#5182c5ff",
                    "source": {
                        "user_id": "dd725a2c-b183-4616-bcf3-0894843fb6a5"
                    }
                }
            ],
            "shape": {
                "points": [
                    {
                        "x": 697,
                        "y": 340
                    },
                    {
                        "x": 702,
                        "y": 347
                    },
                    {
                        "x": 702,
                        "y": 355
                    },
                    {
                        "x": 692,
                        "y": 376
                    },
                    {
                        "x": 690,
                        "y": 391
                    },
                    {
                        "x": 696,
                        "y": 421
                    },
                    {
                        "x": 701,
                        "y": 431
                    },
                    {
                        "x": 702,
                        "y": 437
                    },
                    {
                        "x": 708,
                        "y": 448
                    },
                    {
                        "x": 714,
                        "y": 466
                    },
                    {
                        "x": 715,
                        "y": 474
                    },
                    {
                        "x": 712,
                        "y": 476
                    },
                    {
                        "x": 672,
                        "y": 476
                    },
                    {
                        "x": 653,
                        "y": 473
                    },
                    {
                        "x": 626,
                        "y": 474
                    },
                    {
                        "x": 606,
                        "y": 471
                    },
                    {
                        "x": 592,
                        "y": 471
                    },
                    {
                        "x": 589,
                        "y": 472
                    },
                    {
                        "x": 578,
                        "y": 482
                    },
                    {
                        "x": 560,
                        "y": 482
                    },
                    {
                        "x": 556,
                        "y": 476
                    },
                    {
                        "x": 554,
                        "y": 464
                    },
                    {
                        "x": 556,
                        "y": 429
                    },
                    {
                        "x": 550,
                        "y": 390
                    },
                    {
                        "x": 550,
                        "y": 376
                    },
                    {
                        "x": 552,
                        "y": 364
                    },
                    {
                        "x": 563,
                        "y": 359
                    },
                    {
                        "x": 576,
                        "y": 361
                    },
                    {
                        "x": 582,
                        "y": 364
                    },
                    {
                        "x": 595,
                        "y": 360
                    },
                    {
                        "x": 603,
                        "y": 360
                    },
                    {
                        "x": 614,
                        "y": 356
                    },
                    {
                        "x": 617,
                        "y": 353
                    },
                    {
                        "x": 631,
                        "y": 346
                    },
                    {
                        "x": 641,
                        "y": 344
                    },
                    {
                        "x": 679,
                        "y": 343
                    },
                    {
                        "x": 688,
                        "y": 338
                    },
                    {
                        "x": 694,
                        "y": 338
                    }
                ],
                "type": "POLYGON"
            },
            "labels_to_revisit": []
        }
    ],
    "kind": "annotation",
    "labels_to_revisit_full_scene": [],
    "annotation_state_per_task": [
        {
            "task_id": "66fd38284dab82982d1a9d04",
            "state": "annotated"
        }
    ]
}