{
    "annotations": [
        {
            "labels": [
                {
                    "probability": 1.0,
                    "name": "bird",
                    "color": "#a4be19ff",
                    "source": {
                        "user_id": "dd725a2c-b183-4616-bcf3-0894843fb6a5"
                    }
                }
            ],
            "shape": {
                "points": [
                    {
                        "x": 821,
                        "y": 388
                    },
                    {
                        "x": 836,
                        "y": 396
                    },
                    {
                        "x": 843,
                        "y": 398
                    },
                    {
                        "x": 862,
                        "y": 408
                    },
                    {
                        "x": 881,
                        "y": 422
                    },
                    {
                        "x": 903,
                        "y": 444
                    },
                    {
                        "x": 922,
                        "y": 458
                    },
                    {
                        "x": 944,
                        "y": 480
                    },
                    {
                        "x": 945,
                        "y": 483
                    },
                    {
                        "x": 958,
                        "y": 498
                    },
                    {
                        "x": 964,
                        "y": 508
                    },
                    {
                        "x": 961,
                        "y": 518
                    },
                    {
                        "x": 958,
                        "y": 522
                    },
                    {
                        "x": 961,
                        "y": 534
                    },
                    {
                        "x": 981,
                        "y": 559
                    },
                    {
                        "x": 995,
                        "y": 583
                    },
                    {
                        "x": 1012,
                        "y": 602
                    },
                    {
                        "x": 1020,
                        "y": 616
                    },
                    {
                        "x": 1026,
                        "y": 623
                    },
                    {
                        "x": 1033,
                        "y": 643
                    },
                    {
                        "x": 1027,
                        "y": 643
                    },
                    {
                        "x": 1019,
                        "y": 633
                    },
                    {
                        "x": 1011,
                        "y": 627
                    },
                    {
                        "x": 1011,
                        "y": 623
                    },
                    {
                        "x": 1007,
                        "y": 617
                    },
                    {
                        "x": 1007,
                        "y": 613
                    },
                    {
                        "x": 993,
                        "y": 607
                    },
                    {
                        "x": 986,
                        "y": 594
                    },
                    {
                        "x": 982,
                        "y": 590
                    },
                    {
                        "x": 977,
                        "y": 588
                    },
                    {
                        "x": 962,
                        "y": 571
                    },
                    {
                        "x": 948,
                        "y": 564
                    },
                    {
                        "x": 942,
                        "y": 558
                    },
                    {
                        "x": 936,
                        "y": 555
                    },
                    {
                        "x": 920,
                        "y": 542
                    },
                    {
                        "x": 912,
                        "y": 540
                    },
                    {
                        "x": 883,
                        "y": 539
                    },
                    {
                        "x": 877,
                        "y": 542
                    },
                    {
                        "x": 869,
                        "y": 543
                    },
                    {
                        "x": 853,
                        "y": 536
                    },
                    {
                        "x": 837,
                        "y": 537
                    },
                    {
                        "x": 829,
                        "y": 532
                    },
                    {
                        "x": 816,
                        "y": 528
                    },
                    {
                        "x": 816,
                        "y": 517
                    },
                    {
                        "x": 814,
                        "y": 513
                    },
                    {
                        "x": 811,
                        "y": 511
                    },
                    {
                        "x": 807,
                        "y": 512
                    },
                    {
                        "x": 796,
                        "y": 497
                    },
                    {
                        "x": 780,
                        "y": 483
                    },
                    {
                        "x": 759,
                        "y": 454
                    },
                    {
                        "x": 758,
                        "y": 449
                    },
                    {
                        "x": 751,
                        "y": 437
                    },
                    {
                        "x": 750,
                        "y": 431
                    },
                    {
                        "x": 737,
                        "y": 418
                    },
                    {
                        "x": 737,
                        "y": 408
                    },
                    {
                        "x": 732,
                        "y": 405
                    },
                    {
                        "x": 722,
                        "y": 407
                    },
                    {
                        "x": 720,
                        "y": 405
                    },
                    {
                        "x": 720,
                        "y": 402
                    },
                    {
                        "x": 732,
                        "y": 395
                    },
                    {
                        "x": 742,
                        "y": 394
                    },
                    {
                        "x": 751,
                        "y": 387
                    },
                    {
                        "x": 762,
                        "y": 382
                    },
                    {
                        "x": 777,
                        "y": 379
                    },
                    {
                        "x": 789,
                        "y": 379
                    }
                ],
                "type": "POLYGON"
            },
            "labels_to_revisit": []
        },
        {
            "labels": [
                {
                    "probability": 1.0,
                    "name": "bird",
                    "color": "#a4be19ff",
                    "source": {
                        "user_id": "dd725a2c-b183-4616-bcf3-0894843fb6a5"
                    }
                }
            ],
            "shape": {
                "points": [
                    {
                        "x": 540,
                        "y": 411
                    },
                    {
                        "x": 542,
                        "y": 416
                    },
                    {
                        "x": 541,
                        "y": 447
                    },
                    {
                        "x": 543,
                        "y": 469
                    },
                    {
                        "x": 540,
                        "y": 487
                    },
                    {
                        "x": 536,
                        "y": 500
                    },
                    {
                        "x": 517,
                        "y": 520
                    },
                    {
                        "x": 505,
                        "y": 526
                    },
                    {
                        "x": 495,
                        "y": 535
                    },
                    {
                        "x": 493,
                        "y": 539
                    },
                    {
                        "x": 493,
                        "y": 547
                    },
                    {
                        "x": 490,
                        "y": 552
                    },
                    {
                        "x": 467,
                        "y": 556
                    },
                    {
                        "x": 460,
                        "y": 559
                    },
                    {
                        "x": 437,
                        "y": 559
                    },
                    {
                        "x": 431,
                        "y": 557
                    },
                    {
                        "x": 422,
                        "y": 557
                    },
                    {
                        "x": 415,
                        "y": 563
                    },
                    {
                        "x": 408,
                        "y": 574
                    },
                    {
                        "x": 405,
                        "y": 583
                    },
                    {
                        "x": 401,
                        "y": 605
                    },
                    {
                        "x": 393,
                        "y": 633
                    },
                    {
                        "x": 387,
                        "y": 689
                    },
                    {
                        "x": 383,
                        "y": 693
                    },
                    {
                        "x": 366,
                        "y": 692
                    },
                    {
                        "x": 363,
                        "y": 688
                    },
                    {
                        "x": 363,
                        "y": 671
                    },
                    {
                        "x": 369,
                        "y": 646
                    },
                    {
                        "x": 380,
                        "y": 581
                    },
                    {
                        "x": 380,
                        "y": 557
                    },
                    {
                        "x": 376,
                        "y": 539
                    },
                    {
                        "x": 359,
                        "y": 540
                    },
                    {
                        "x": 355,
                        "y": 538
                    },
                    {
                        "x": 355,
                        "y": 536
                    },
                    {
                        "x": 397,
                        "y": 480
                    },
                    {
                        "x": 437,
                        "y": 440
                    },
                    {
                        "x": 444,
                        "y": 437
                    },
                    {
                        "x": 460,
                        "y": 425
                    },
                    {
                        "x": 485,
                        "y": 415
                    },
                    {
                        "x": 500,
                        "y": 414
                    },
                    {
                        "x": 521,
                        "y": 410
                    }
                ],
                "type": "POLYGON"
            },
            "labels_to_revisit": []
        },
        {
            "labels": [
                {
                    "probability": 1.0,
                    "name": "seed",
                    "color": "#5182c5ff",
                    "source": {
                        "user_id": "dd725a2c-b183-4616-bcf3-0894843fb6a5"
                    }
                }
            ],
            "shape": {
                "points": [
                    {
                        "x": 666,
                        "y": 332
                    },
                    {
                        "x": 680,
                        "y": 331
                    },
                    {
                        "x": 687,
                        "y": 334
                    },
                    {
                        "x": 695,
                        "y": 331
                    },
                    {
                        "x": 705,
                        "y": 331
                    },
                    {
                        "x": 730,
                        "y": 341
                    },
                    {
                        "x": 733,
                        "y": 346
                    },
                    {
                        "x": 734,
                        "y": 380
                    },
                    {
                        "x": 729,
                        "y": 387
                    },
                    {
                        "x": 713,
                        "y": 394
                    },
                    {
                        "x": 709,
                        "y": 398
                    },
                    {
                        "x": 692,
                        "y": 427
                    },
                    {
                        "x": 676,
                        "y": 442
                    },
                    {
                        "x": 671,
                        "y": 454
                    },
                    {
                        "x": 671,
                        "y": 459
                    },
                    {
                        "x": 683,
                        "y": 470
                    },
                    {
                        "x": 689,
                        "y": 471
                    },
                    {
                        "x": 696,
                        "y": 480
                    },
                    {
                        "x": 706,
                        "y": 517
                    },
                    {
                        "x": 703,
                        "y": 527
                    },
                    {
                        "x": 700,
                        "y": 529
                    },
                    {
                        "x": 670,
                        "y": 529
                    },
                    {
                        "x": 646,
                        "y": 524
                    },
                    {
                        "x": 629,
                        "y": 524
                    },
                    {
                        "x": 614,
                        "y": 521
                    },
                    {
                        "x": 583,
                        "y": 521
                    },
                    {
                        "x": 577,
                        "y": 523
                    },
                    {
                        "x": 568,
                        "y": 530
                    },
                    {
                        "x": 558,
                        "y": 533
                    },
                    {
                        "x": 553,
                        "y": 532
                    },
                    {
                        "x": 550,
                        "y": 528
                    },
                    {
                        "x": 549,
                        "y": 471
                    },
                    {
                        "x": 551,
                        "y": 440
                    },
                    {
                        "x": 549,
                        "y": 381
                    },
                    {
                        "x": 551,
                        "y": 374
                    },
                    {
                        "x": 551,
                        "y": 364
                    },
                    {
                        "x": 554,
                        "y": 356
                    },
                    {
                        "x": 555,
                        "y": 342
                    },
                    {
                        "x": 558,
                        "y": 340
                    },
                    {
                        "x": 571,
                        "y": 339
                    },
                    {
                        "x": 581,
                        "y": 335
                    },
                    {
                        "x": 636,
                        "y": 335
                    },
                    {
                        "x": 645,
                        "y": 330
                    }
                ],
                "type": "POLYGON"
            },
            "labels_to_revisit": []
        }
    ],
    "kind": "annotation",
    "labels_to_revisit_full_scene": [],
    "annotation_state_per_task": [
        {
            "task_id": "66fd38284dab82982d1a9d04",
            "state": "annotated"
        }
    ]
}