{
    "annotations": [
        {
            "labels": [
                {
                    "probability": 1.0,
                    "name": "bird",
                    "color": "#a4be19ff",
                    "source": {
                        "user_id": "dd725a2c-b183-4616-bcf3-0894843fb6a5"
                    }
                }
            ],
            "shape": {
                "points": [
                    {
                        "x": 544,
                        "y": 399
                    },
                    {
                        "x": 541,
                        "y": 406
                    },
                    {
                        "x": 539,
                        "y": 423
                    },
                    {
                        "x": 538,
                        "y": 509
                    },
                    {
                        "x": 517,
                        "y": 525
                    },
                    {
                        "x": 502,
                        "y": 531
                    },
                    {
                        "x": 488,
                        "y": 541
                    },
                    {
                        "x": 482,
                        "y": 542
                    },
                    {
                        "x": 480,
                        "y": 544
                    },
                    {
                        "x": 480,
                        "y": 552
                    },
                    {
                        "x": 477,
                        "y": 554
                    },
                    {
                        "x": 463,
                        "y": 555
                    },
                    {
                        "x": 457,
                        "y": 559
                    },
                    {
                        "x": 447,
                        "y": 560
                    },
                    {
                        "x": 440,
                        "y": 549
                    },
                    {
                        "x": 432,
                        "y": 548
                    },
                    {
                        "x": 421,
                        "y": 550
                    },
                    {
                        "x": 413,
                        "y": 555
                    },
                    {
                        "x": 398,
                        "y": 560
                    },
                    {
                        "x": 388,
                        "y": 568
                    },
                    {
                        "x": 372,
                        "y": 585
                    },
                    {
                        "x": 352,
                        "y": 616
                    },
                    {
                        "x": 339,
                        "y": 633
                    },
                    {
                        "x": 337,
                        "y": 638
                    },
                    {
                        "x": 332,
                        "y": 643
                    },
                    {
                        "x": 328,
                        "y": 652
                    },
                    {
                        "x": 322,
                        "y": 658
                    },
                    {
                        "x": 317,
                        "y": 659
                    },
                    {
                        "x": 315,
                        "y": 651
                    },
                    {
                        "x": 322,
                        "y": 641
                    },
                    {
                        "x": 324,
                        "y": 631
                    },
                    {
                        "x": 329,
                        "y": 624
                    },
                    {
                        "x": 335,
                        "y": 611
                    },
                    {
                        "x": 343,
                        "y": 600
                    },
                    {
                        "x": 348,
                        "y": 588
                    },
                    {
                        "x": 364,
                        "y": 566
                    },
                    {
                        "x": 374,
                        "y": 546
                    },
                    {
                        "x": 376,
                        "y": 539
                    },
                    {
                        "x": 375,
                        "y": 537
                    },
                    {
                        "x": 363,
                        "y": 537
                    },
                    {
                        "x": 360,
                        "y": 534
                    },
                    {
                        "x": 361,
                        "y": 528
                    },
                    {
                        "x": 367,
                        "y": 518
                    },
                    {
                        "x": 376,
                        "y": 511
                    },
                    {
                        "x": 381,
                        "y": 510
                    },
                    {
                        "x": 401,
                        "y": 486
                    },
                    {
                        "x": 431,
                        "y": 460
                    },
                    {
                        "x": 442,
                        "y": 454
                    },
                    {
                        "x": 458,
                        "y": 441
                    },
                    {
                        "x": 487,
                        "y": 422
                    },
                    {
                        "x": 513,
                        "y": 410
                    },
                    {
                        "x": 521,
                        "y": 402
                    },
                    {
                        "x": 523,
                        "y": 398
                    },
                    {
                        "x": 523,
                        "y": 392
                    },
                    {
                        "x": 526,
                        "y": 388
                    },
                    {
                        "x": 527,
                        "y": 383
                    },
                    {
                        "x": 537,
                        "y": 374
                    },
                    {
                        "x": 543,
                        "y": 373
                    }
                ],
                "type": "POLYGON"
            },
            "labels_to_revisit": []
        },
        {
            "labels": [
                {
                    "probability": 1.0,
                    "name": "seed",
                    "color": "#5182c5ff",
                    "source": {
                        "user_id": "dd725a2c-b183-4616-bcf3-0894843fb6a5"
                    }
                }
            ],
            "shape": {
                "points": [
                    {
                        "x": 667,
                        "y": 336
                    },
                    {
                        "x": 675,
                        "y": 334
                    },
                    {
                        "x": 684,
                        "y": 334
                    },
                    {
                        "x": 691,
                        "y": 337
                    },
                    {
                        "x": 706,
                        "y": 334
                    },
                    {
                        "x": 720,
                        "y": 336
                    },
                    {
                        "x": 730,
                        "y": 341
                    },
                    {
                        "x": 734,
                        "y": 348
                    },
                    {
                        "x": 736,
                        "y": 362
                    },
                    {
                        "x": 735,
                        "y": 381
                    },
                    {
                        "x": 729,
                        "y": 389
                    },
                    {
                        "x": 722,
                        "y": 392
                    },
                    {
                        "x": 715,
                        "y": 399
                    },
                    {
                        "x": 697,
                        "y": 431
                    },
                    {
                        "x": 684,
                        "y": 443
                    },
                    {
                        "x": 684,
                        "y": 452
                    },
                    {
                        "x": 693,
                        "y": 461
                    },
                    {
                        "x": 699,
                        "y": 480
                    },
                    {
                        "x": 707,
                        "y": 494
                    },
                    {
                        "x": 712,
                        "y": 517
                    },
                    {
                        "x": 711,
                        "y": 530
                    },
                    {
                        "x": 708,
                        "y": 532
                    },
                    {
                        "x": 674,
                        "y": 532
                    },
                    {
                        "x": 653,
                        "y": 528
                    },
                    {
                        "x": 629,
                        "y": 527
                    },
                    {
                        "x": 617,
                        "y": 524
                    },
                    {
                        "x": 591,
                        "y": 524
                    },
                    {
                        "x": 570,
                        "y": 534
                    },
                    {
                        "x": 555,
                        "y": 537
                    },
                    {
                        "x": 552,
                        "y": 534
                    },
                    {
                        "x": 549,
                        "y": 527
                    },
                    {
                        "x": 552,
                        "y": 443
                    },
                    {
                        "x": 551,
                        "y": 413
                    },
                    {
                        "x": 548,
                        "y": 408
                    },
                    {
                        "x": 547,
                        "y": 401
                    },
                    {
                        "x": 547,
                        "y": 371
                    },
                    {
                        "x": 555,
                        "y": 357
                    },
                    {
                        "x": 556,
                        "y": 343
                    },
                    {
                        "x": 559,
                        "y": 341
                    },
                    {
                        "x": 574,
                        "y": 341
                    },
                    {
                        "x": 578,
                        "y": 339
                    },
                    {
                        "x": 597,
                        "y": 337
                    },
                    {
                        "x": 637,
                        "y": 337
                    },
                    {
                        "x": 646,
                        "y": 333
                    },
                    {
                        "x": 658,
                        "y": 333
                    }
                ],
                "type": "POLYGON"
            },
            "labels_to_revisit": []
        }
    ],
    "kind": "annotation",
    "labels_to_revisit_full_scene": [],
    "annotation_state_per_task": [
        {
            "task_id": "66fd38284dab82982d1a9d04",
            "state": "annotated"
        }
    ]
}