{
    "annotations": [
        {
            "labels": [
                {
                    "probability": 1.0,
                    "name": "seed",
                    "color": "#5182c5ff",
                    "source": {
                        "user_id": "dd725a2c-b183-4616-bcf3-0894843fb6a5"
                    }
                }
            ],
            "shape": {
                "points": [
                    {
                        "x": 542,
                        "y": 376
                    },
                    {
                        "x": 544,
                        "y": 378
                    },
                    {
                        "x": 568,
                        "y": 380
                    },
                    {
                        "x": 578,
                        "y": 386
                    },
                    {
                        "x": 597,
                        "y": 386
                    },
                    {
                        "x": 601,
                        "y": 381
                    },
                    {
                        "x": 614,
                        "y": 382
                    },
                    {
                        "x": 613,
                        "y": 392
                    },
                    {
                        "x": 615,
                        "y": 396
                    },
                    {
                        "x": 615,
                        "y": 404
                    },
                    {
                        "x": 613,
                        "y": 412
                    },
                    {
                        "x": 613,
                        "y": 433
                    },
                    {
                        "x": 617,
                        "y": 464
                    },
                    {
                        "x": 617,
                        "y": 477
                    },
                    {
                        "x": 619,
                        "y": 480
                    },
                    {
                        "x": 619,
                        "y": 484
                    },
                    {
                        "x": 613,
                        "y": 491
                    },
                    {
                        "x": 610,
                        "y": 492
                    },
                    {
                        "x": 587,
                        "y": 487
                    },
                    {
                        "x": 575,
                        "y": 489
                    },
                    {
                        "x": 563,
                        "y": 484
                    },
                    {
                        "x": 556,
                        "y": 487
                    },
                    {
                        "x": 553,
                        "y": 485
                    },
                    {
                        "x": 539,
                        "y": 482
                    },
                    {
                        "x": 537,
                        "y": 478
                    },
                    {
                        "x": 512,
                        "y": 470
                    },
                    {
                        "x": 493,
                        "y": 469
                    },
                    {
                        "x": 481,
                        "y": 471
                    },
                    {
                        "x": 461,
                        "y": 469
                    },
                    {
                        "x": 459,
                        "y": 466
                    },
                    {
                        "x": 459,
                        "y": 460
                    },
                    {
                        "x": 461,
                        "y": 457
                    },
                    {
                        "x": 460,
                        "y": 443
                    },
                    {
                        "x": 462,
                        "y": 437
                    },
                    {
                        "x": 461,
                        "y": 420
                    },
                    {
                        "x": 463,
                        "y": 415
                    },
                    {
                        "x": 463,
                        "y": 404
                    },
                    {
                        "x": 467,
                        "y": 387
                    },
                    {
                        "x": 485,
                        "y": 382
                    },
                    {
                        "x": 494,
                        "y": 384
                    },
                    {
                        "x": 509,
                        "y": 381
                    },
                    {
                        "x": 512,
                        "y": 383
                    },
                    {
                        "x": 522,
                        "y": 384
                    },
                    {
                        "x": 527,
                        "y": 380
                    },
                    {
                        "x": 532,
                        "y": 385
                    },
                    {
                        "x": 534,
                        "y": 383
                    },
                    {
                        "x": 535,
                        "y": 376
                    },
                    {
                        "x": 537,
                        "y": 373
                    },
                    {
                        "x": 542,
                        "y": 373
                    }
                ],
                "type": "POLYGON"
            },
            "labels_to_revisit": []
        },
        {
            "labels": [
                {
                    "probability": 1.0,
                    "name": "bird",
                    "color": "#a4be19ff",
                    "source": {
                        "user_id": "dd725a2c-b183-4616-bcf3-0894843fb6a5"
                    }
                }
            ],
            "shape": {
                "points": [
                    {
                        "x": 680,
                        "y": 319
                    },
                    {
                        "x": 685,
                        "y": 324
                    },
                    {
                        "x": 699,
                        "y": 344
                    },
                    {
                        "x": 732,
                        "y": 365
                    },
                    {
                        "x": 742,
                        "y": 376
                    },
                    {
                        "x": 747,
                        "y": 390
                    },
                    {
                        "x": 762,
                        "y": 417
                    },
                    {
                        "x": 774,
                        "y": 456
                    },
                    {
                        "x": 778,
                        "y": 461
                    },
                    {
                        "x": 788,
                        "y": 465
                    },
                    {
                        "x": 795,
                        "y": 471
                    },
                    {
                        "x": 800,
                        "y": 473
                    },
                    {
                        "x": 802,
                        "y": 476
                    },
                    {
                        "x": 809,
                        "y": 478
                    },
                    {
                        "x": 809,
                        "y": 486
                    },
                    {
                        "x": 797,
                        "y": 489
                    },
                    {
                        "x": 788,
                        "y": 488
                    },
                    {
                        "x": 781,
                        "y": 481
                    },
                    {
                        "x": 773,
                        "y": 478
                    },
                    {
                        "x": 763,
                        "y": 477
                    },
                    {
                        "x": 752,
                        "y": 482
                    },
                    {
                        "x": 746,
                        "y": 488
                    },
                    {
                        "x": 747,
                        "y": 492
                    },
                    {
                        "x": 743,
                        "y": 492
                    },
                    {
                        "x": 727,
                        "y": 486
                    },
                    {
                        "x": 695,
                        "y": 482
                    },
                    {
                        "x": 679,
                        "y": 475
                    },
                    {
                        "x": 674,
                        "y": 468
                    },
                    {
                        "x": 668,
                        "y": 463
                    },
                    {
                        "x": 665,
                        "y": 456
                    },
                    {
                        "x": 658,
                        "y": 448
                    },
                    {
                        "x": 647,
                        "y": 425
                    },
                    {
                        "x": 638,
                        "y": 385
                    },
                    {
                        "x": 638,
                        "y": 376
                    },
                    {
                        "x": 632,
                        "y": 364
                    },
                    {
                        "x": 633,
                        "y": 331
                    },
                    {
                        "x": 635,
                        "y": 322
                    },
                    {
                        "x": 639,
                        "y": 318
                    },
                    {
                        "x": 650,
                        "y": 314
                    },
                    {
                        "x": 666,
                        "y": 313
                    }
                ],
                "type": "POLYGON"
            },
            "labels_to_revisit": []
        }
    ],
    "kind": "annotation",
    "labels_to_revisit_full_scene": [],
    "annotation_state_per_task": [
        {
            "task_id": "66fd38284dab82982d1a9d04",
            "state": "annotated"
        }
    ]
}