{
    "annotations": [
        {
            "labels": [
                {
                    "probability": 0.6011850284902673,
                    "name": "seed",
                    "color": "#5182c5ff",
                    "source": {
                        "user_id": "dd725a2c-b183-4616-bcf3-0894843fb6a5"
                    }
                }
            ],
            "shape": {
                "points": [
                    {
                        "x": 539,
                        "y": 351
                    },
                    {
                        "x": 539,
                        "y": 353
                    },
                    {
                        "x": 537,
                        "y": 354
                    },
                    {
                        "x": 537,
                        "y": 357
                    },
                    {
                        "x": 535,
                        "y": 358
                    },
                    {
                        "x": 535,
                        "y": 437
                    },
                    {
                        "x": 534,
                        "y": 438
                    },
                    {
                        "x": 532,
                        "y": 438
                    },
                    {
                        "x": 532,
                        "y": 448
                    },
                    {
                        "x": 530,
                        "y": 449
                    },
                    {
                        "x": 530,
                        "y": 454
                    },
                    {
                        "x": 528,
                        "y": 455
                    },
                    {
                        "x": 528,
                        "y": 468
                    },
                    {
                        "x": 530,
                        "y": 469
                    },
                    {
                        "x": 530,
                        "y": 472
                    },
                    {
                        "x": 532,
                        "y": 473
                    },
                    {
                        "x": 532,
                        "y": 476
                    },
                    {
                        "x": 534,
                        "y": 476
                    },
                    {
                        "x": 535,
                        "y": 478
                    },
                    {
                        "x": 537,
                        "y": 479
                    },
                    {
                        "x": 537,
                        "y": 480
                    },
                    {
                        "x": 541,
                        "y": 481
                    },
                    {
                        "x": 542,
                        "y": 482
                    },
                    {
                        "x": 550,
                        "y": 482
                    },
                    {
                        "x": 551,
                        "y": 481
                    },
                    {
                        "x": 555,
                        "y": 481
                    },
                    {
                        "x": 556,
                        "y": 480
                    },
                    {
                        "x": 569,
                        "y": 480
                    },
                    {
                        "x": 570,
                        "y": 481
                    },
                    {
                        "x": 578,
                        "y": 481
                    },
                    {
                        "x": 579,
                        "y": 482
                    },
                    {
                        "x": 590,
                        "y": 482
                    },
                    {
                        "x": 591,
                        "y": 484
                    },
                    {
                        "x": 599,
                        "y": 484
                    },
                    {
                        "x": 600,
                        "y": 485
                    },
                    {
                        "x": 614,
                        "y": 485
                    },
                    {
                        "x": 615,
                        "y": 486
                    },
                    {
                        "x": 628,
                        "y": 486
                    },
                    {
                        "x": 629,
                        "y": 488
                    },
                    {
                        "x": 643,
                        "y": 488
                    },
                    {
                        "x": 644,
                        "y": 489
                    },
                    {
                        "x": 652,
                        "y": 489
                    },
                    {
                        "x": 653,
                        "y": 488
                    },
                    {
                        "x": 671,
                        "y": 488
                    },
                    {
                        "x": 672,
                        "y": 486
                    },
                    {
                        "x": 683,
                        "y": 486
                    },
                    {
                        "x": 685,
                        "y": 485
                    },
                    {
                        "x": 685,
                        "y": 481
                    },
                    {
                        "x": 686,
                        "y": 480
                    },
                    {
                        "x": 688,
                        "y": 480
                    },
                    {
                        "x": 688,
                        "y": 479
                    },
                    {
                        "x": 686,
                        "y": 479
                    },
                    {
                        "x": 685,
                        "y": 478
                    },
                    {
                        "x": 685,
                        "y": 469
                    },
                    {
                        "x": 683,
                        "y": 468
                    },
                    {
                        "x": 683,
                        "y": 465
                    },
                    {
                        "x": 681,
                        "y": 465
                    },
                    {
                        "x": 680,
                        "y": 464
                    },
                    {
                        "x": 680,
                        "y": 461
                    },
                    {
                        "x": 678,
                        "y": 460
                    },
                    {
                        "x": 678,
                        "y": 454
                    },
                    {
                        "x": 676,
                        "y": 453
                    },
                    {
                        "x": 676,
                        "y": 445
                    },
                    {
                        "x": 674,
                        "y": 445
                    },
                    {
                        "x": 673,
                        "y": 444
                    },
                    {
                        "x": 673,
                        "y": 438
                    },
                    {
                        "x": 671,
                        "y": 437
                    },
                    {
                        "x": 671,
                        "y": 429
                    },
                    {
                        "x": 669,
                        "y": 428
                    },
                    {
                        "x": 669,
                        "y": 425
                    },
                    {
                        "x": 667,
                        "y": 425
                    },
                    {
                        "x": 666,
                        "y": 424
                    },
                    {
                        "x": 666,
                        "y": 422
                    },
                    {
                        "x": 662,
                        "y": 420
                    },
                    {
                        "x": 658,
                        "y": 420
                    },
                    {
                        "x": 657,
                        "y": 418
                    },
                    {
                        "x": 655,
                        "y": 417
                    },
                    {
                        "x": 655,
                        "y": 416
                    },
                    {
                        "x": 653,
                        "y": 416
                    },
                    {
                        "x": 652,
                        "y": 415
                    },
                    {
                        "x": 652,
                        "y": 412
                    },
                    {
                        "x": 650,
                        "y": 411
                    },
                    {
                        "x": 650,
                        "y": 396
                    },
                    {
                        "x": 653,
                        "y": 394
                    },
                    {
                        "x": 655,
                        "y": 394
                    },
                    {
                        "x": 656,
                        "y": 392
                    },
                    {
                        "x": 662,
                        "y": 391
                    },
                    {
                        "x": 664,
                        "y": 390
                    },
                    {
                        "x": 665,
                        "y": 388
                    },
                    {
                        "x": 669,
                        "y": 387
                    },
                    {
                        "x": 669,
                        "y": 385
                    },
                    {
                        "x": 671,
                        "y": 384
                    },
                    {
                        "x": 671,
                        "y": 381
                    },
                    {
                        "x": 674,
                        "y": 379
                    },
                    {
                        "x": 678,
                        "y": 378
                    },
                    {
                        "x": 678,
                        "y": 376
                    },
                    {
                        "x": 680,
                        "y": 375
                    },
                    {
                        "x": 680,
                        "y": 367
                    },
                    {
                        "x": 681,
                        "y": 366
                    },
                    {
                        "x": 683,
                        "y": 366
                    },
                    {
                        "x": 683,
                        "y": 364
                    },
                    {
                        "x": 685,
                        "y": 363
                    },
                    {
                        "x": 685,
                        "y": 361
                    },
                    {
                        "x": 686,
                        "y": 359
                    },
                    {
                        "x": 688,
                        "y": 359
                    },
                    {
                        "x": 689,
                        "y": 357
                    },
                    {
                        "x": 690,
                        "y": 357
                    },
                    {
                        "x": 690,
                        "y": 354
                    },
                    {
                        "x": 692,
                        "y": 353
                    },
                    {
                        "x": 692,
                        "y": 351
                    },
                    {
                        "x": 693,
                        "y": 350
                    },
                    {
                        "x": 695,
                        "y": 350
                    },
                    {
                        "x": 695,
                        "y": 349
                    },
                    {
                        "x": 697,
                        "y": 348
                    },
                    {
                        "x": 698,
                        "y": 346
                    },
                    {
                        "x": 697,
                        "y": 345
                    },
                    {
                        "x": 693,
                        "y": 345
                    },
                    {
                        "x": 692,
                        "y": 343
                    },
                    {
                        "x": 672,
                        "y": 343
                    },
                    {
                        "x": 671,
                        "y": 345
                    },
                    {
                        "x": 658,
                        "y": 345
                    },
                    {
                        "x": 657,
                        "y": 346
                    },
                    {
                        "x": 653,
                        "y": 346
                    },
                    {
                        "x": 650,
                        "y": 344
                    },
                    {
                        "x": 650,
                        "y": 343
                    },
                    {
                        "x": 646,
                        "y": 343
                    },
                    {
                        "x": 645,
                        "y": 342
                    },
                    {
                        "x": 641,
                        "y": 342
                    },
                    {
                        "x": 639,
                        "y": 341
                    },
                    {
                        "x": 633,
                        "y": 341
                    },
                    {
                        "x": 632,
                        "y": 339
                    },
                    {
                        "x": 624,
                        "y": 339
                    },
                    {
                        "x": 623,
                        "y": 338
                    },
                    {
                        "x": 610,
                        "y": 338
                    },
                    {
                        "x": 609,
                        "y": 337
                    },
                    {
                        "x": 598,
                        "y": 337
                    },
                    {
                        "x": 597,
                        "y": 338
                    },
                    {
                        "x": 579,
                        "y": 338
                    },
                    {
                        "x": 578,
                        "y": 339
                    },
                    {
                        "x": 572,
                        "y": 339
                    },
                    {
                        "x": 571,
                        "y": 341
                    },
                    {
                        "x": 556,
                        "y": 343
                    },
                    {
                        "x": 555,
                        "y": 345
                    },
                    {
                        "x": 553,
                        "y": 345
                    },
                    {
                        "x": 553,
                        "y": 346
                    },
                    {
                        "x": 551,
                        "y": 347
                    },
                    {
                        "x": 550,
                        "y": 349
                    },
                    {
                        "x": 546,
                        "y": 349
                    },
                    {
                        "x": 545,
                        "y": 350
                    }
                ],
                "type": "POLYGON"
            },
            "labels_to_revisit": []
        }
    ],
    "kind": "annotation",
    "labels_to_revisit_full_scene": [],
    "annotation_state_per_task": [
        {
            "task_id": "66fd38284dab82982d1a9d04",
            "state": "annotated"
        }
    ]
}