{
    "annotations": [
        {
            "labels": [
                {
                    "probability": 1.0,
                    "name": "seed",
                    "color": "#5182c5ff",
                    "source": {
                        "user_id": "dd725a2c-b183-4616-bcf3-0894843fb6a5"
                    }
                }
            ],
            "shape": {
                "points": [
                    {
                        "x": 708,
                        "y": 346
                    },
                    {
                        "x": 716,
                        "y": 349
                    },
                    {
                        "x": 721,
                        "y": 355
                    },
                    {
                        "x": 722,
                        "y": 362
                    },
                    {
                        "x": 721,
                        "y": 398
                    },
                    {
                        "x": 717,
                        "y": 403
                    },
                    {
                        "x": 702,
                        "y": 411
                    },
                    {
                        "x": 672,
                        "y": 456
                    },
                    {
                        "x": 673,
                        "y": 466
                    },
                    {
                        "x": 678,
                        "y": 477
                    },
                    {
                        "x": 681,
                        "y": 492
                    },
                    {
                        "x": 689,
                        "y": 509
                    },
                    {
                        "x": 692,
                        "y": 522
                    },
                    {
                        "x": 696,
                        "y": 531
                    },
                    {
                        "x": 697,
                        "y": 548
                    },
                    {
                        "x": 695,
                        "y": 550
                    },
                    {
                        "x": 681,
                        "y": 550
                    },
                    {
                        "x": 671,
                        "y": 548
                    },
                    {
                        "x": 650,
                        "y": 548
                    },
                    {
                        "x": 628,
                        "y": 543
                    },
                    {
                        "x": 609,
                        "y": 542
                    },
                    {
                        "x": 598,
                        "y": 539
                    },
                    {
                        "x": 572,
                        "y": 540
                    },
                    {
                        "x": 562,
                        "y": 544
                    },
                    {
                        "x": 544,
                        "y": 547
                    },
                    {
                        "x": 538,
                        "y": 546
                    },
                    {
                        "x": 533,
                        "y": 543
                    },
                    {
                        "x": 530,
                        "y": 539
                    },
                    {
                        "x": 532,
                        "y": 492
                    },
                    {
                        "x": 531,
                        "y": 444
                    },
                    {
                        "x": 529,
                        "y": 423
                    },
                    {
                        "x": 533,
                        "y": 405
                    },
                    {
                        "x": 533,
                        "y": 366
                    },
                    {
                        "x": 537,
                        "y": 357
                    },
                    {
                        "x": 542,
                        "y": 352
                    },
                    {
                        "x": 557,
                        "y": 351
                    },
                    {
                        "x": 564,
                        "y": 348
                    },
                    {
                        "x": 576,
                        "y": 346
                    },
                    {
                        "x": 615,
                        "y": 347
                    },
                    {
                        "x": 630,
                        "y": 345
                    },
                    {
                        "x": 669,
                        "y": 346
                    },
                    {
                        "x": 678,
                        "y": 344
                    },
                    {
                        "x": 692,
                        "y": 344
                    }
                ],
                "type": "POLYGON"
            },
            "labels_to_revisit": []
        }
    ],
    "kind": "annotation",
    "labels_to_revisit_full_scene": [],
    "annotation_state_per_task": [
        {
            "task_id": "66fd38284dab82982d1a9d04",
            "state": "annotated"
        }
    ]
}