{
    "annotations": [
        {
            "labels": [
                {
                    "probability": 0.6017052835530347,
                    "name": "seed",
                    "color": "#5182c5ff",
                    "source": {
                        "user_id": "dd725a2c-b183-4616-bcf3-0894843fb6a5"
                    }
                }
            ],
            "shape": {
                "points": [
                    {
                        "x": 537,
                        "y": 351
                    },
                    {
                        "x": 537,
                        "y": 353
                    },
                    {
                        "x": 535,
                        "y": 354
                    },
                    {
                        "x": 535,
                        "y": 372
                    },
                    {
                        "x": 534,
                        "y": 373
                    },
                    {
                        "x": 532,
                        "y": 373
                    },
                    {
                        "x": 532,
                        "y": 375
                    },
                    {
                        "x": 534,
                        "y": 375
                    },
                    {
                        "x": 535,
                        "y": 376
                    },
                    {
                        "x": 535,
                        "y": 388
                    },
                    {
                        "x": 537,
                        "y": 389
                    },
                    {
                        "x": 537,
                        "y": 403
                    },
                    {
                        "x": 535,
                        "y": 404
                    },
                    {
                        "x": 535,
                        "y": 425
                    },
                    {
                        "x": 534,
                        "y": 426
                    },
                    {
                        "x": 532,
                        "y": 426
                    },
                    {
                        "x": 532,
                        "y": 429
                    },
                    {
                        "x": 534,
                        "y": 429
                    },
                    {
                        "x": 535,
                        "y": 430
                    },
                    {
                        "x": 535,
                        "y": 433
                    },
                    {
                        "x": 534,
                        "y": 434
                    },
                    {
                        "x": 532,
                        "y": 434
                    },
                    {
                        "x": 532,
                        "y": 443
                    },
                    {
                        "x": 530,
                        "y": 444
                    },
                    {
                        "x": 530,
                        "y": 447
                    },
                    {
                        "x": 528,
                        "y": 448
                    },
                    {
                        "x": 528,
                        "y": 453
                    },
                    {
                        "x": 527,
                        "y": 454
                    },
                    {
                        "x": 525,
                        "y": 454
                    },
                    {
                        "x": 525,
                        "y": 457
                    },
                    {
                        "x": 523,
                        "y": 458
                    },
                    {
                        "x": 523,
                        "y": 470
                    },
                    {
                        "x": 525,
                        "y": 471
                    },
                    {
                        "x": 525,
                        "y": 472
                    },
                    {
                        "x": 527,
                        "y": 472
                    },
                    {
                        "x": 528,
                        "y": 474
                    },
                    {
                        "x": 530,
                        "y": 475
                    },
                    {
                        "x": 530,
                        "y": 476
                    },
                    {
                        "x": 532,
                        "y": 477
                    },
                    {
                        "x": 532,
                        "y": 478
                    },
                    {
                        "x": 534,
                        "y": 478
                    },
                    {
                        "x": 535,
                        "y": 480
                    },
                    {
                        "x": 539,
                        "y": 482
                    },
                    {
                        "x": 541,
                        "y": 482
                    },
                    {
                        "x": 542,
                        "y": 484
                    },
                    {
                        "x": 552,
                        "y": 484
                    },
                    {
                        "x": 553,
                        "y": 482
                    },
                    {
                        "x": 557,
                        "y": 482
                    },
                    {
                        "x": 558,
                        "y": 481
                    },
                    {
                        "x": 583,
                        "y": 481
                    },
                    {
                        "x": 584,
                        "y": 482
                    },
                    {
                        "x": 590,
                        "y": 482
                    },
                    {
                        "x": 591,
                        "y": 484
                    },
                    {
                        "x": 602,
                        "y": 484
                    },
                    {
                        "x": 603,
                        "y": 485
                    },
                    {
                        "x": 614,
                        "y": 485
                    },
                    {
                        "x": 615,
                        "y": 486
                    },
                    {
                        "x": 628,
                        "y": 486
                    },
                    {
                        "x": 629,
                        "y": 488
                    },
                    {
                        "x": 645,
                        "y": 488
                    },
                    {
                        "x": 646,
                        "y": 489
                    },
                    {
                        "x": 648,
                        "y": 489
                    },
                    {
                        "x": 649,
                        "y": 488
                    },
                    {
                        "x": 669,
                        "y": 488
                    },
                    {
                        "x": 670,
                        "y": 486
                    },
                    {
                        "x": 673,
                        "y": 486
                    },
                    {
                        "x": 674,
                        "y": 485
                    },
                    {
                        "x": 678,
                        "y": 485
                    },
                    {
                        "x": 679,
                        "y": 486
                    },
                    {
                        "x": 683,
                        "y": 486
                    },
                    {
                        "x": 685,
                        "y": 485
                    },
                    {
                        "x": 685,
                        "y": 475
                    },
                    {
                        "x": 683,
                        "y": 474
                    },
                    {
                        "x": 683,
                        "y": 469
                    },
                    {
                        "x": 681,
                        "y": 469
                    },
                    {
                        "x": 680,
                        "y": 468
                    },
                    {
                        "x": 680,
                        "y": 463
                    },
                    {
                        "x": 678,
                        "y": 462
                    },
                    {
                        "x": 678,
                        "y": 458
                    },
                    {
                        "x": 676,
                        "y": 457
                    },
                    {
                        "x": 676,
                        "y": 453
                    },
                    {
                        "x": 674,
                        "y": 453
                    },
                    {
                        "x": 673,
                        "y": 452
                    },
                    {
                        "x": 673,
                        "y": 442
                    },
                    {
                        "x": 671,
                        "y": 441
                    },
                    {
                        "x": 671,
                        "y": 434
                    },
                    {
                        "x": 669,
                        "y": 433
                    },
                    {
                        "x": 669,
                        "y": 428
                    },
                    {
                        "x": 667,
                        "y": 428
                    },
                    {
                        "x": 666,
                        "y": 427
                    },
                    {
                        "x": 666,
                        "y": 425
                    },
                    {
                        "x": 664,
                        "y": 424
                    },
                    {
                        "x": 664,
                        "y": 422
                    },
                    {
                        "x": 660,
                        "y": 422
                    },
                    {
                        "x": 655,
                        "y": 419
                    },
                    {
                        "x": 655,
                        "y": 417
                    },
                    {
                        "x": 653,
                        "y": 417
                    },
                    {
                        "x": 652,
                        "y": 416
                    },
                    {
                        "x": 652,
                        "y": 413
                    },
                    {
                        "x": 650,
                        "y": 412
                    },
                    {
                        "x": 650,
                        "y": 410
                    },
                    {
                        "x": 648,
                        "y": 409
                    },
                    {
                        "x": 648,
                        "y": 406
                    },
                    {
                        "x": 646,
                        "y": 406
                    },
                    {
                        "x": 645,
                        "y": 405
                    },
                    {
                        "x": 645,
                        "y": 400
                    },
                    {
                        "x": 646,
                        "y": 399
                    },
                    {
                        "x": 648,
                        "y": 399
                    },
                    {
                        "x": 648,
                        "y": 397
                    },
                    {
                        "x": 650,
                        "y": 396
                    },
                    {
                        "x": 650,
                        "y": 395
                    },
                    {
                        "x": 652,
                        "y": 394
                    },
                    {
                        "x": 653,
                        "y": 392
                    },
                    {
                        "x": 657,
                        "y": 392
                    },
                    {
                        "x": 660,
                        "y": 390
                    },
                    {
                        "x": 662,
                        "y": 390
                    },
                    {
                        "x": 663,
                        "y": 388
                    },
                    {
                        "x": 667,
                        "y": 386
                    },
                    {
                        "x": 669,
                        "y": 386
                    },
                    {
                        "x": 669,
                        "y": 384
                    },
                    {
                        "x": 671,
                        "y": 383
                    },
                    {
                        "x": 671,
                        "y": 380
                    },
                    {
                        "x": 672,
                        "y": 379
                    },
                    {
                        "x": 676,
                        "y": 378
                    },
                    {
                        "x": 677,
                        "y": 376
                    },
                    {
                        "x": 680,
                        "y": 375
                    },
                    {
                        "x": 680,
                        "y": 365
                    },
                    {
                        "x": 681,
                        "y": 364
                    },
                    {
                        "x": 683,
                        "y": 364
                    },
                    {
                        "x": 683,
                        "y": 363
                    },
                    {
                        "x": 685,
                        "y": 362
                    },
                    {
                        "x": 686,
                        "y": 359
                    },
                    {
                        "x": 688,
                        "y": 359
                    },
                    {
                        "x": 689,
                        "y": 357
                    },
                    {
                        "x": 690,
                        "y": 357
                    },
                    {
                        "x": 690,
                        "y": 354
                    },
                    {
                        "x": 692,
                        "y": 353
                    },
                    {
                        "x": 692,
                        "y": 351
                    },
                    {
                        "x": 693,
                        "y": 350
                    },
                    {
                        "x": 695,
                        "y": 350
                    },
                    {
                        "x": 695,
                        "y": 349
                    },
                    {
                        "x": 697,
                        "y": 348
                    },
                    {
                        "x": 697,
                        "y": 346
                    },
                    {
                        "x": 695,
                        "y": 345
                    },
                    {
                        "x": 691,
                        "y": 345
                    },
                    {
                        "x": 690,
                        "y": 343
                    },
                    {
                        "x": 674,
                        "y": 343
                    },
                    {
                        "x": 673,
                        "y": 345
                    },
                    {
                        "x": 658,
                        "y": 345
                    },
                    {
                        "x": 657,
                        "y": 346
                    },
                    {
                        "x": 653,
                        "y": 346
                    },
                    {
                        "x": 650,
                        "y": 344
                    },
                    {
                        "x": 650,
                        "y": 343
                    },
                    {
                        "x": 646,
                        "y": 343
                    },
                    {
                        "x": 645,
                        "y": 342
                    },
                    {
                        "x": 641,
                        "y": 342
                    },
                    {
                        "x": 639,
                        "y": 341
                    },
                    {
                        "x": 633,
                        "y": 341
                    },
                    {
                        "x": 632,
                        "y": 339
                    },
                    {
                        "x": 626,
                        "y": 339
                    },
                    {
                        "x": 625,
                        "y": 338
                    },
                    {
                        "x": 615,
                        "y": 338
                    },
                    {
                        "x": 614,
                        "y": 337
                    },
                    {
                        "x": 593,
                        "y": 337
                    },
                    {
                        "x": 592,
                        "y": 338
                    },
                    {
                        "x": 577,
                        "y": 338
                    },
                    {
                        "x": 576,
                        "y": 339
                    },
                    {
                        "x": 570,
                        "y": 339
                    },
                    {
                        "x": 569,
                        "y": 341
                    },
                    {
                        "x": 563,
                        "y": 341
                    },
                    {
                        "x": 562,
                        "y": 342
                    },
                    {
                        "x": 558,
                        "y": 342
                    },
                    {
                        "x": 556,
                        "y": 343
                    },
                    {
                        "x": 555,
                        "y": 345
                    },
                    {
                        "x": 551,
                        "y": 345
                    },
                    {
                        "x": 548,
                        "y": 347
                    },
                    {
                        "x": 544,
                        "y": 347
                    },
                    {
                        "x": 543,
                        "y": 349
                    }
                ],
                "type": "POLYGON"
            },
            "labels_to_revisit": []
        }
    ],
    "kind": "annotation",
    "labels_to_revisit_full_scene": [],
    "annotation_state_per_task": [
        {
            "task_id": "66fd38284dab82982d1a9d04",
            "state": "annotated"
        }
    ]
}