{
    "annotations": [
        {
            "labels": [
                {
                    "probability": 1.0,
                    "name": "bird",
                    "color": "#a4be19ff",
                    "source": {
                        "user_id": "dd725a2c-b183-4616-bcf3-0894843fb6a5"
                    }
                }
            ],
            "shape": {
                "points": [
                    {
                        "x": 513,
                        "y": 358
                    },
                    {
                        "x": 524,
                        "y": 366
                    },
                    {
                        "x": 526,
                        "y": 372
                    },
                    {
                        "x": 526,
                        "y": 427
                    },
                    {
                        "x": 530,
                        "y": 459
                    },
                    {
                        "x": 530,
                        "y": 478
                    },
                    {
                        "x": 528,
                        "y": 480
                    },
                    {
                        "x": 511,
                        "y": 483
                    },
                    {
                        "x": 503,
                        "y": 496
                    },
                    {
                        "x": 501,
                        "y": 502
                    },
                    {
                        "x": 499,
                        "y": 503
                    },
                    {
                        "x": 490,
                        "y": 500
                    },
                    {
                        "x": 475,
                        "y": 498
                    },
                    {
                        "x": 456,
                        "y": 499
                    },
                    {
                        "x": 441,
                        "y": 494
                    },
                    {
                        "x": 437,
                        "y": 494
                    },
                    {
                        "x": 433,
                        "y": 489
                    },
                    {
                        "x": 433,
                        "y": 485
                    },
                    {
                        "x": 436,
                        "y": 483
                    },
                    {
                        "x": 439,
                        "y": 483
                    },
                    {
                        "x": 443,
                        "y": 486
                    },
                    {
                        "x": 454,
                        "y": 487
                    },
                    {
                        "x": 458,
                        "y": 484
                    },
                    {
                        "x": 456,
                        "y": 481
                    },
                    {
                        "x": 454,
                        "y": 467
                    },
                    {
                        "x": 445,
                        "y": 440
                    },
                    {
                        "x": 445,
                        "y": 421
                    },
                    {
                        "x": 452,
                        "y": 402
                    },
                    {
                        "x": 453,
                        "y": 391
                    },
                    {
                        "x": 456,
                        "y": 381
                    },
                    {
                        "x": 462,
                        "y": 376
                    },
                    {
                        "x": 466,
                        "y": 370
                    },
                    {
                        "x": 483,
                        "y": 357
                    },
                    {
                        "x": 489,
                        "y": 355
                    },
                    {
                        "x": 504,
                        "y": 355
                    }
                ],
                "type": "POLYGON"
            },
            "labels_to_revisit": []
        },
        {
            "labels": [
                {
                    "probability": 1.0,
                    "name": "bird",
                    "color": "#a4be19ff",
                    "source": {
                        "user_id": "dd725a2c-b183-4616-bcf3-0894843fb6a5"
                    }
                }
            ],
            "shape": {
                "points": [
                    {
                        "x": 584,
                        "y": 544
                    },
                    {
                        "x": 591,
                        "y": 559
                    },
                    {
                        "x": 609,
                        "y": 586
                    },
                    {
                        "x": 623,
                        "y": 611
                    },
                    {
                        "x": 625,
                        "y": 622
                    },
                    {
                        "x": 623,
                        "y": 628
                    },
                    {
                        "x": 611,
                        "y": 633
                    },
                    {
                        "x": 603,
                        "y": 641
                    },
                    {
                        "x": 594,
                        "y": 647
                    },
                    {
                        "x": 587,
                        "y": 646
                    },
                    {
                        "x": 584,
                        "y": 643
                    },
                    {
                        "x": 559,
                        "y": 582
                    },
                    {
                        "x": 541,
                        "y": 549
                    },
                    {
                        "x": 542,
                        "y": 543
                    }
                ],
                "type": "POLYGON"
            },
            "labels_to_revisit": []
        },
        {
            "labels": [
                {
                    "probability": 1.0,
                    "name": "bird",
                    "color": "#a4be19ff",
                    "source": {
                        "user_id": "dd725a2c-b183-4616-bcf3-0894843fb6a5"
                    }
                }
            ],
            "shape": {
                "points": [
                    {
                        "x": 802,
                        "y": 313
                    },
                    {
                        "x": 814,
                        "y": 318
                    },
                    {
                        "x": 827,
                        "y": 326
                    },
                    {
                        "x": 835,
                        "y": 342
                    },
                    {
                        "x": 855,
                        "y": 365
                    },
                    {
                        "x": 866,
                        "y": 382
                    },
                    {
                        "x": 892,
                        "y": 431
                    },
                    {
                        "x": 899,
                        "y": 456
                    },
                    {
                        "x": 906,
                        "y": 469
                    },
                    {
                        "x": 910,
                        "y": 484
                    },
                    {
                        "x": 944,
                        "y": 535
                    },
                    {
                        "x": 954,
                        "y": 547
                    },
                    {
                        "x": 963,
                        "y": 563
                    },
                    {
                        "x": 967,
                        "y": 567
                    },
                    {
                        "x": 971,
                        "y": 575
                    },
                    {
                        "x": 971,
                        "y": 585
                    },
                    {
                        "x": 969,
                        "y": 587
                    },
                    {
                        "x": 964,
                        "y": 587
                    },
                    {
                        "x": 948,
                        "y": 581
                    },
                    {
                        "x": 940,
                        "y": 569
                    },
                    {
                        "x": 931,
                        "y": 551
                    },
                    {
                        "x": 914,
                        "y": 529
                    },
                    {
                        "x": 882,
                        "y": 503
                    },
                    {
                        "x": 863,
                        "y": 496
                    },
                    {
                        "x": 857,
                        "y": 496
                    },
                    {
                        "x": 838,
                        "y": 490
                    },
                    {
                        "x": 831,
                        "y": 490
                    },
                    {
                        "x": 824,
                        "y": 497
                    },
                    {
                        "x": 822,
                        "y": 497
                    },
                    {
                        "x": 818,
                        "y": 489
                    },
                    {
                        "x": 812,
                        "y": 484
                    },
                    {
                        "x": 803,
                        "y": 481
                    },
                    {
                        "x": 799,
                        "y": 482
                    },
                    {
                        "x": 795,
                        "y": 488
                    },
                    {
                        "x": 785,
                        "y": 491
                    },
                    {
                        "x": 779,
                        "y": 491
                    },
                    {
                        "x": 766,
                        "y": 479
                    },
                    {
                        "x": 765,
                        "y": 473
                    },
                    {
                        "x": 767,
                        "y": 469
                    },
                    {
                        "x": 774,
                        "y": 464
                    },
                    {
                        "x": 782,
                        "y": 462
                    },
                    {
                        "x": 784,
                        "y": 456
                    },
                    {
                        "x": 781,
                        "y": 450
                    },
                    {
                        "x": 766,
                        "y": 433
                    },
                    {
                        "x": 759,
                        "y": 421
                    },
                    {
                        "x": 753,
                        "y": 401
                    },
                    {
                        "x": 752,
                        "y": 379
                    },
                    {
                        "x": 757,
                        "y": 352
                    },
                    {
                        "x": 764,
                        "y": 340
                    },
                    {
                        "x": 768,
                        "y": 324
                    },
                    {
                        "x": 773,
                        "y": 317
                    },
                    {
                        "x": 786,
                        "y": 312
                    }
                ],
                "type": "POLYGON"
            },
            "labels_to_revisit": []
        },
        {
            "labels": [
                {
                    "probability": 1.0,
                    "name": "seed",
                    "color": "#5182c5ff",
                    "source": {
                        "user_id": "dd725a2c-b183-4616-bcf3-0894843fb6a5"
                    }
                }
            ],
            "shape": {
                "points": [
                    {
                        "x": 539,
                        "y": 364
                    },
                    {
                        "x": 542,
                        "y": 367
                    },
                    {
                        "x": 549,
                        "y": 368
                    },
                    {
                        "x": 553,
                        "y": 373
                    },
                    {
                        "x": 558,
                        "y": 369
                    },
                    {
                        "x": 569,
                        "y": 368
                    },
                    {
                        "x": 573,
                        "y": 375
                    },
                    {
                        "x": 576,
                        "y": 375
                    },
                    {
                        "x": 581,
                        "y": 371
                    },
                    {
                        "x": 587,
                        "y": 371
                    },
                    {
                        "x": 592,
                        "y": 377
                    },
                    {
                        "x": 597,
                        "y": 375
                    },
                    {
                        "x": 601,
                        "y": 369
                    },
                    {
                        "x": 608,
                        "y": 370
                    },
                    {
                        "x": 612,
                        "y": 375
                    },
                    {
                        "x": 616,
                        "y": 371
                    },
                    {
                        "x": 629,
                        "y": 373
                    },
                    {
                        "x": 630,
                        "y": 379
                    },
                    {
                        "x": 637,
                        "y": 390
                    },
                    {
                        "x": 639,
                        "y": 388
                    },
                    {
                        "x": 639,
                        "y": 373
                    },
                    {
                        "x": 642,
                        "y": 371
                    },
                    {
                        "x": 654,
                        "y": 372
                    },
                    {
                        "x": 657,
                        "y": 374
                    },
                    {
                        "x": 661,
                        "y": 369
                    },
                    {
                        "x": 664,
                        "y": 368
                    },
                    {
                        "x": 674,
                        "y": 379
                    },
                    {
                        "x": 675,
                        "y": 390
                    },
                    {
                        "x": 677,
                        "y": 394
                    },
                    {
                        "x": 679,
                        "y": 393
                    },
                    {
                        "x": 681,
                        "y": 387
                    },
                    {
                        "x": 680,
                        "y": 380
                    },
                    {
                        "x": 683,
                        "y": 377
                    },
                    {
                        "x": 683,
                        "y": 408
                    },
                    {
                        "x": 685,
                        "y": 428
                    },
                    {
                        "x": 697,
                        "y": 464
                    },
                    {
                        "x": 699,
                        "y": 466
                    },
                    {
                        "x": 701,
                        "y": 462
                    },
                    {
                        "x": 703,
                        "y": 462
                    },
                    {
                        "x": 703,
                        "y": 484
                    },
                    {
                        "x": 679,
                        "y": 484
                    },
                    {
                        "x": 667,
                        "y": 481
                    },
                    {
                        "x": 652,
                        "y": 482
                    },
                    {
                        "x": 638,
                        "y": 477
                    },
                    {
                        "x": 613,
                        "y": 478
                    },
                    {
                        "x": 608,
                        "y": 476
                    },
                    {
                        "x": 587,
                        "y": 476
                    },
                    {
                        "x": 584,
                        "y": 478
                    },
                    {
                        "x": 596,
                        "y": 482
                    },
                    {
                        "x": 593,
                        "y": 485
                    },
                    {
                        "x": 586,
                        "y": 485
                    },
                    {
                        "x": 583,
                        "y": 487
                    },
                    {
                        "x": 578,
                        "y": 485
                    },
                    {
                        "x": 561,
                        "y": 486
                    },
                    {
                        "x": 557,
                        "y": 482
                    },
                    {
                        "x": 552,
                        "y": 486
                    },
                    {
                        "x": 542,
                        "y": 487
                    },
                    {
                        "x": 537,
                        "y": 482
                    },
                    {
                        "x": 535,
                        "y": 464
                    },
                    {
                        "x": 536,
                        "y": 408
                    },
                    {
                        "x": 533,
                        "y": 403
                    },
                    {
                        "x": 533,
                        "y": 392
                    },
                    {
                        "x": 535,
                        "y": 386
                    },
                    {
                        "x": 533,
                        "y": 382
                    },
                    {
                        "x": 537,
                        "y": 377
                    },
                    {
                        "x": 538,
                        "y": 368
                    },
                    {
                        "x": 534,
                        "y": 362
                    },
                    {
                        "x": 539,
                        "y": 362
                    }
                ],
                "type": "POLYGON"
            },
            "labels_to_revisit": []
        }
    ],
    "kind": "annotation",
    "labels_to_revisit_full_scene": [],
    "annotation_state_per_task": [
        {
            "task_id": "66fd38284dab82982d1a9d04",
            "state": "annotated"
        }
    ]
}