{
    "annotations": [
        {
            "labels": [
                {
                    "probability": 1.0,
                    "name": "bird",
                    "color": "#a4be19ff",
                    "source": {
                        "user_id": "dd725a2c-b183-4616-bcf3-0894843fb6a5"
                    }
                }
            ],
            "shape": {
                "points": [
                    {
                        "x": 766,
                        "y": 351
                    },
                    {
                        "x": 800,
                        "y": 372
                    },
                    {
                        "x": 815,
                        "y": 390
                    },
                    {
                        "x": 824,
                        "y": 398
                    },
                    {
                        "x": 863,
                        "y": 453
                    },
                    {
                        "x": 867,
                        "y": 464
                    },
                    {
                        "x": 881,
                        "y": 479
                    },
                    {
                        "x": 883,
                        "y": 484
                    },
                    {
                        "x": 884,
                        "y": 497
                    },
                    {
                        "x": 895,
                        "y": 507
                    },
                    {
                        "x": 912,
                        "y": 527
                    },
                    {
                        "x": 936,
                        "y": 560
                    },
                    {
                        "x": 939,
                        "y": 562
                    },
                    {
                        "x": 941,
                        "y": 568
                    },
                    {
                        "x": 940,
                        "y": 574
                    },
                    {
                        "x": 935,
                        "y": 575
                    },
                    {
                        "x": 921,
                        "y": 568
                    },
                    {
                        "x": 910,
                        "y": 558
                    },
                    {
                        "x": 901,
                        "y": 542
                    },
                    {
                        "x": 889,
                        "y": 531
                    },
                    {
                        "x": 878,
                        "y": 523
                    },
                    {
                        "x": 856,
                        "y": 513
                    },
                    {
                        "x": 843,
                        "y": 511
                    },
                    {
                        "x": 833,
                        "y": 515
                    },
                    {
                        "x": 828,
                        "y": 515
                    },
                    {
                        "x": 817,
                        "y": 509
                    },
                    {
                        "x": 772,
                        "y": 509
                    },
                    {
                        "x": 771,
                        "y": 505
                    },
                    {
                        "x": 763,
                        "y": 498
                    },
                    {
                        "x": 754,
                        "y": 498
                    },
                    {
                        "x": 740,
                        "y": 502
                    },
                    {
                        "x": 734,
                        "y": 508
                    },
                    {
                        "x": 729,
                        "y": 507
                    },
                    {
                        "x": 724,
                        "y": 497
                    },
                    {
                        "x": 724,
                        "y": 486
                    },
                    {
                        "x": 727,
                        "y": 483
                    },
                    {
                        "x": 740,
                        "y": 482
                    },
                    {
                        "x": 743,
                        "y": 484
                    },
                    {
                        "x": 747,
                        "y": 479
                    },
                    {
                        "x": 736,
                        "y": 466
                    },
                    {
                        "x": 731,
                        "y": 463
                    },
                    {
                        "x": 719,
                        "y": 451
                    },
                    {
                        "x": 711,
                        "y": 438
                    },
                    {
                        "x": 706,
                        "y": 421
                    },
                    {
                        "x": 707,
                        "y": 396
                    },
                    {
                        "x": 712,
                        "y": 380
                    },
                    {
                        "x": 707,
                        "y": 368
                    },
                    {
                        "x": 707,
                        "y": 363
                    },
                    {
                        "x": 720,
                        "y": 352
                    },
                    {
                        "x": 736,
                        "y": 347
                    },
                    {
                        "x": 751,
                        "y": 347
                    }
                ],
                "type": "POLYGON"
            },
            "labels_to_revisit": []
        },
        {
            "labels": [
                {
                    "probability": 1.0,
                    "name": "bird",
                    "color": "#a4be19ff",
                    "source": {
                        "user_id": "dd725a2c-b183-4616-bcf3-0894843fb6a5"
                    }
                }
            ],
            "shape": {
                "points": [
                    {
                        "x": 435,
                        "y": 330
                    },
                    {
                        "x": 452,
                        "y": 344
                    },
                    {
                        "x": 459,
                        "y": 355
                    },
                    {
                        "x": 462,
                        "y": 355
                    },
                    {
                        "x": 482,
                        "y": 364
                    },
                    {
                        "x": 490,
                        "y": 372
                    },
                    {
                        "x": 491,
                        "y": 378
                    },
                    {
                        "x": 496,
                        "y": 385
                    },
                    {
                        "x": 497,
                        "y": 401
                    },
                    {
                        "x": 494,
                        "y": 423
                    },
                    {
                        "x": 494,
                        "y": 437
                    },
                    {
                        "x": 492,
                        "y": 443
                    },
                    {
                        "x": 491,
                        "y": 458
                    },
                    {
                        "x": 488,
                        "y": 468
                    },
                    {
                        "x": 474,
                        "y": 468
                    },
                    {
                        "x": 468,
                        "y": 470
                    },
                    {
                        "x": 448,
                        "y": 482
                    },
                    {
                        "x": 438,
                        "y": 477
                    },
                    {
                        "x": 435,
                        "y": 473
                    },
                    {
                        "x": 430,
                        "y": 471
                    },
                    {
                        "x": 424,
                        "y": 465
                    },
                    {
                        "x": 424,
                        "y": 463
                    },
                    {
                        "x": 412,
                        "y": 447
                    },
                    {
                        "x": 399,
                        "y": 424
                    },
                    {
                        "x": 394,
                        "y": 405
                    },
                    {
                        "x": 391,
                        "y": 379
                    },
                    {
                        "x": 391,
                        "y": 361
                    },
                    {
                        "x": 394,
                        "y": 349
                    },
                    {
                        "x": 397,
                        "y": 343
                    },
                    {
                        "x": 403,
                        "y": 337
                    },
                    {
                        "x": 409,
                        "y": 333
                    },
                    {
                        "x": 420,
                        "y": 329
                    }
                ],
                "type": "POLYGON"
            },
            "labels_to_revisit": []
        },
        {
            "labels": [
                {
                    "probability": 1.0,
                    "name": "bird",
                    "color": "#a4be19ff",
                    "source": {
                        "user_id": "dd725a2c-b183-4616-bcf3-0894843fb6a5"
                    }
                }
            ],
            "shape": {
                "points": [
                    {
                        "x": 539,
                        "y": 538
                    },
                    {
                        "x": 549,
                        "y": 569
                    },
                    {
                        "x": 562,
                        "y": 598
                    },
                    {
                        "x": 563,
                        "y": 604
                    },
                    {
                        "x": 569,
                        "y": 618
                    },
                    {
                        "x": 569,
                        "y": 635
                    },
                    {
                        "x": 566,
                        "y": 638
                    },
                    {
                        "x": 558,
                        "y": 640
                    },
                    {
                        "x": 538,
                        "y": 651
                    },
                    {
                        "x": 532,
                        "y": 651
                    },
                    {
                        "x": 527,
                        "y": 646
                    },
                    {
                        "x": 518,
                        "y": 599
                    },
                    {
                        "x": 499,
                        "y": 545
                    },
                    {
                        "x": 498,
                        "y": 536
                    },
                    {
                        "x": 501,
                        "y": 532
                    },
                    {
                        "x": 510,
                        "y": 531
                    },
                    {
                        "x": 519,
                        "y": 533
                    },
                    {
                        "x": 533,
                        "y": 531
                    }
                ],
                "type": "POLYGON"
            },
            "labels_to_revisit": []
        },
        {
            "labels": [
                {
                    "probability": 1.0,
                    "name": "seed",
                    "color": "#5182c5ff",
                    "source": {
                        "user_id": "dd725a2c-b183-4616-bcf3-0894843fb6a5"
                    }
                }
            ],
            "shape": {
                "points": [
                    {
                        "x": 609,
                        "y": 379
                    },
                    {
                        "x": 614,
                        "y": 382
                    },
                    {
                        "x": 633,
                        "y": 381
                    },
                    {
                        "x": 638,
                        "y": 383
                    },
                    {
                        "x": 644,
                        "y": 393
                    },
                    {
                        "x": 641,
                        "y": 399
                    },
                    {
                        "x": 641,
                        "y": 404
                    },
                    {
                        "x": 644,
                        "y": 410
                    },
                    {
                        "x": 643,
                        "y": 422
                    },
                    {
                        "x": 645,
                        "y": 431
                    },
                    {
                        "x": 645,
                        "y": 442
                    },
                    {
                        "x": 649,
                        "y": 461
                    },
                    {
                        "x": 652,
                        "y": 466
                    },
                    {
                        "x": 652,
                        "y": 488
                    },
                    {
                        "x": 638,
                        "y": 489
                    },
                    {
                        "x": 627,
                        "y": 486
                    },
                    {
                        "x": 610,
                        "y": 485
                    },
                    {
                        "x": 604,
                        "y": 483
                    },
                    {
                        "x": 596,
                        "y": 484
                    },
                    {
                        "x": 587,
                        "y": 480
                    },
                    {
                        "x": 571,
                        "y": 480
                    },
                    {
                        "x": 567,
                        "y": 478
                    },
                    {
                        "x": 562,
                        "y": 479
                    },
                    {
                        "x": 556,
                        "y": 476
                    },
                    {
                        "x": 549,
                        "y": 475
                    },
                    {
                        "x": 539,
                        "y": 476
                    },
                    {
                        "x": 532,
                        "y": 474
                    },
                    {
                        "x": 524,
                        "y": 479
                    },
                    {
                        "x": 522,
                        "y": 479
                    },
                    {
                        "x": 518,
                        "y": 475
                    },
                    {
                        "x": 513,
                        "y": 478
                    },
                    {
                        "x": 503,
                        "y": 478
                    },
                    {
                        "x": 502,
                        "y": 476
                    },
                    {
                        "x": 504,
                        "y": 473
                    },
                    {
                        "x": 496,
                        "y": 468
                    },
                    {
                        "x": 495,
                        "y": 462
                    },
                    {
                        "x": 498,
                        "y": 456
                    },
                    {
                        "x": 497,
                        "y": 438
                    },
                    {
                        "x": 499,
                        "y": 433
                    },
                    {
                        "x": 499,
                        "y": 419
                    },
                    {
                        "x": 502,
                        "y": 413
                    },
                    {
                        "x": 502,
                        "y": 396
                    },
                    {
                        "x": 514,
                        "y": 395
                    },
                    {
                        "x": 521,
                        "y": 390
                    },
                    {
                        "x": 533,
                        "y": 387
                    },
                    {
                        "x": 536,
                        "y": 384
                    },
                    {
                        "x": 538,
                        "y": 384
                    },
                    {
                        "x": 539,
                        "y": 387
                    },
                    {
                        "x": 542,
                        "y": 389
                    },
                    {
                        "x": 548,
                        "y": 389
                    },
                    {
                        "x": 557,
                        "y": 383
                    },
                    {
                        "x": 566,
                        "y": 384
                    },
                    {
                        "x": 571,
                        "y": 387
                    },
                    {
                        "x": 583,
                        "y": 387
                    },
                    {
                        "x": 589,
                        "y": 380
                    },
                    {
                        "x": 600,
                        "y": 378
                    }
                ],
                "type": "POLYGON"
            },
            "labels_to_revisit": []
        }
    ],
    "kind": "annotation",
    "labels_to_revisit_full_scene": [],
    "annotation_state_per_task": [
        {
            "task_id": "66fd38284dab82982d1a9d04",
            "state": "annotated"
        }
    ]
}