{
    "annotations": [
        {
            "labels": [
                {
                    "probability": 0.5860251769178474,
                    "name": "seed",
                    "color": "#5182c5ff",
                    "source": {
                        "user_id": "dd725a2c-b183-4616-bcf3-0894843fb6a5"
                    }
                }
            ],
            "shape": {
                "points": [
                    {
                        "x": 556,
                        "y": 351
                    },
                    {
                        "x": 556,
                        "y": 359
                    },
                    {
                        "x": 555,
                        "y": 361
                    },
                    {
                        "x": 553,
                        "y": 361
                    },
                    {
                        "x": 553,
                        "y": 367
                    },
                    {
                        "x": 551,
                        "y": 368
                    },
                    {
                        "x": 551,
                        "y": 371
                    },
                    {
                        "x": 549,
                        "y": 372
                    },
                    {
                        "x": 549,
                        "y": 374
                    },
                    {
                        "x": 548,
                        "y": 375
                    },
                    {
                        "x": 544,
                        "y": 376
                    },
                    {
                        "x": 544,
                        "y": 378
                    },
                    {
                        "x": 543,
                        "y": 379
                    },
                    {
                        "x": 539,
                        "y": 380
                    },
                    {
                        "x": 539,
                        "y": 383
                    },
                    {
                        "x": 537,
                        "y": 384
                    },
                    {
                        "x": 537,
                        "y": 387
                    },
                    {
                        "x": 539,
                        "y": 388
                    },
                    {
                        "x": 539,
                        "y": 395
                    },
                    {
                        "x": 541,
                        "y": 395
                    },
                    {
                        "x": 542,
                        "y": 396
                    },
                    {
                        "x": 542,
                        "y": 407
                    },
                    {
                        "x": 541,
                        "y": 408
                    },
                    {
                        "x": 539,
                        "y": 408
                    },
                    {
                        "x": 539,
                        "y": 424
                    },
                    {
                        "x": 541,
                        "y": 424
                    },
                    {
                        "x": 542,
                        "y": 425
                    },
                    {
                        "x": 542,
                        "y": 428
                    },
                    {
                        "x": 544,
                        "y": 429
                    },
                    {
                        "x": 544,
                        "y": 431
                    },
                    {
                        "x": 546,
                        "y": 432
                    },
                    {
                        "x": 546,
                        "y": 433
                    },
                    {
                        "x": 548,
                        "y": 433
                    },
                    {
                        "x": 549,
                        "y": 434
                    },
                    {
                        "x": 549,
                        "y": 441
                    },
                    {
                        "x": 548,
                        "y": 442
                    },
                    {
                        "x": 546,
                        "y": 442
                    },
                    {
                        "x": 546,
                        "y": 447
                    },
                    {
                        "x": 544,
                        "y": 448
                    },
                    {
                        "x": 544,
                        "y": 458
                    },
                    {
                        "x": 546,
                        "y": 459
                    },
                    {
                        "x": 546,
                        "y": 462
                    },
                    {
                        "x": 548,
                        "y": 462
                    },
                    {
                        "x": 549,
                        "y": 463
                    },
                    {
                        "x": 549,
                        "y": 468
                    },
                    {
                        "x": 551,
                        "y": 469
                    },
                    {
                        "x": 551,
                        "y": 472
                    },
                    {
                        "x": 553,
                        "y": 473
                    },
                    {
                        "x": 553,
                        "y": 474
                    },
                    {
                        "x": 555,
                        "y": 474
                    },
                    {
                        "x": 556,
                        "y": 475
                    },
                    {
                        "x": 556,
                        "y": 477
                    },
                    {
                        "x": 559,
                        "y": 477
                    },
                    {
                        "x": 560,
                        "y": 478
                    },
                    {
                        "x": 567,
                        "y": 478
                    },
                    {
                        "x": 568,
                        "y": 477
                    },
                    {
                        "x": 599,
                        "y": 477
                    },
                    {
                        "x": 600,
                        "y": 478
                    },
                    {
                        "x": 609,
                        "y": 478
                    },
                    {
                        "x": 610,
                        "y": 480
                    },
                    {
                        "x": 618,
                        "y": 480
                    },
                    {
                        "x": 619,
                        "y": 481
                    },
                    {
                        "x": 628,
                        "y": 481
                    },
                    {
                        "x": 629,
                        "y": 482
                    },
                    {
                        "x": 652,
                        "y": 482
                    },
                    {
                        "x": 653,
                        "y": 484
                    },
                    {
                        "x": 676,
                        "y": 484
                    },
                    {
                        "x": 677,
                        "y": 485
                    },
                    {
                        "x": 685,
                        "y": 485
                    },
                    {
                        "x": 686,
                        "y": 484
                    },
                    {
                        "x": 690,
                        "y": 484
                    },
                    {
                        "x": 691,
                        "y": 482
                    },
                    {
                        "x": 693,
                        "y": 481
                    },
                    {
                        "x": 699,
                        "y": 481
                    },
                    {
                        "x": 700,
                        "y": 480
                    },
                    {
                        "x": 702,
                        "y": 480
                    },
                    {
                        "x": 702,
                        "y": 471
                    },
                    {
                        "x": 700,
                        "y": 471
                    },
                    {
                        "x": 699,
                        "y": 469
                    },
                    {
                        "x": 697,
                        "y": 468
                    },
                    {
                        "x": 697,
                        "y": 466
                    },
                    {
                        "x": 695,
                        "y": 465
                    },
                    {
                        "x": 695,
                        "y": 463
                    },
                    {
                        "x": 693,
                        "y": 463
                    },
                    {
                        "x": 692,
                        "y": 461
                    },
                    {
                        "x": 690,
                        "y": 460
                    },
                    {
                        "x": 690,
                        "y": 436
                    },
                    {
                        "x": 688,
                        "y": 435
                    },
                    {
                        "x": 688,
                        "y": 430
                    },
                    {
                        "x": 686,
                        "y": 430
                    },
                    {
                        "x": 685,
                        "y": 429
                    },
                    {
                        "x": 685,
                        "y": 426
                    },
                    {
                        "x": 683,
                        "y": 425
                    },
                    {
                        "x": 683,
                        "y": 422
                    },
                    {
                        "x": 681,
                        "y": 422
                    },
                    {
                        "x": 677,
                        "y": 420
                    },
                    {
                        "x": 676,
                        "y": 418
                    },
                    {
                        "x": 674,
                        "y": 418
                    },
                    {
                        "x": 673,
                        "y": 416
                    },
                    {
                        "x": 671,
                        "y": 415
                    },
                    {
                        "x": 671,
                        "y": 413
                    },
                    {
                        "x": 669,
                        "y": 412
                    },
                    {
                        "x": 669,
                        "y": 410
                    },
                    {
                        "x": 667,
                        "y": 410
                    },
                    {
                        "x": 666,
                        "y": 408
                    },
                    {
                        "x": 664,
                        "y": 407
                    },
                    {
                        "x": 664,
                        "y": 405
                    },
                    {
                        "x": 658,
                        "y": 403
                    },
                    {
                        "x": 657,
                        "y": 401
                    },
                    {
                        "x": 655,
                        "y": 400
                    },
                    {
                        "x": 655,
                        "y": 395
                    },
                    {
                        "x": 657,
                        "y": 394
                    },
                    {
                        "x": 658,
                        "y": 392
                    },
                    {
                        "x": 659,
                        "y": 392
                    },
                    {
                        "x": 660,
                        "y": 390
                    },
                    {
                        "x": 662,
                        "y": 390
                    },
                    {
                        "x": 662,
                        "y": 387
                    },
                    {
                        "x": 664,
                        "y": 386
                    },
                    {
                        "x": 664,
                        "y": 384
                    },
                    {
                        "x": 665,
                        "y": 383
                    },
                    {
                        "x": 666,
                        "y": 383
                    },
                    {
                        "x": 666,
                        "y": 380
                    },
                    {
                        "x": 667,
                        "y": 379
                    },
                    {
                        "x": 671,
                        "y": 378
                    },
                    {
                        "x": 671,
                        "y": 376
                    },
                    {
                        "x": 674,
                        "y": 374
                    },
                    {
                        "x": 680,
                        "y": 374
                    },
                    {
                        "x": 681,
                        "y": 372
                    },
                    {
                        "x": 685,
                        "y": 372
                    },
                    {
                        "x": 686,
                        "y": 370
                    },
                    {
                        "x": 688,
                        "y": 370
                    },
                    {
                        "x": 688,
                        "y": 368
                    },
                    {
                        "x": 690,
                        "y": 367
                    },
                    {
                        "x": 690,
                        "y": 365
                    },
                    {
                        "x": 691,
                        "y": 364
                    },
                    {
                        "x": 697,
                        "y": 362
                    },
                    {
                        "x": 697,
                        "y": 359
                    },
                    {
                        "x": 699,
                        "y": 358
                    },
                    {
                        "x": 700,
                        "y": 356
                    },
                    {
                        "x": 702,
                        "y": 356
                    },
                    {
                        "x": 702,
                        "y": 355
                    },
                    {
                        "x": 704,
                        "y": 354
                    },
                    {
                        "x": 705,
                        "y": 352
                    },
                    {
                        "x": 706,
                        "y": 352
                    },
                    {
                        "x": 707,
                        "y": 350
                    },
                    {
                        "x": 709,
                        "y": 350
                    },
                    {
                        "x": 709,
                        "y": 347
                    },
                    {
                        "x": 711,
                        "y": 346
                    },
                    {
                        "x": 711,
                        "y": 341
                    },
                    {
                        "x": 710,
                        "y": 341
                    },
                    {
                        "x": 709,
                        "y": 339
                    },
                    {
                        "x": 707,
                        "y": 339
                    },
                    {
                        "x": 706,
                        "y": 338
                    },
                    {
                        "x": 693,
                        "y": 338
                    },
                    {
                        "x": 692,
                        "y": 339
                    },
                    {
                        "x": 679,
                        "y": 339
                    },
                    {
                        "x": 678,
                        "y": 341
                    },
                    {
                        "x": 667,
                        "y": 341
                    },
                    {
                        "x": 666,
                        "y": 342
                    },
                    {
                        "x": 653,
                        "y": 342
                    },
                    {
                        "x": 650,
                        "y": 340
                    },
                    {
                        "x": 650,
                        "y": 339
                    },
                    {
                        "x": 646,
                        "y": 339
                    },
                    {
                        "x": 645,
                        "y": 338
                    },
                    {
                        "x": 636,
                        "y": 337
                    },
                    {
                        "x": 635,
                        "y": 335
                    },
                    {
                        "x": 598,
                        "y": 335
                    },
                    {
                        "x": 597,
                        "y": 337
                    },
                    {
                        "x": 591,
                        "y": 337
                    },
                    {
                        "x": 590,
                        "y": 338
                    },
                    {
                        "x": 577,
                        "y": 338
                    },
                    {
                        "x": 576,
                        "y": 339
                    },
                    {
                        "x": 572,
                        "y": 339
                    },
                    {
                        "x": 571,
                        "y": 341
                    },
                    {
                        "x": 567,
                        "y": 343
                    },
                    {
                        "x": 565,
                        "y": 343
                    },
                    {
                        "x": 565,
                        "y": 344
                    },
                    {
                        "x": 563,
                        "y": 345
                    },
                    {
                        "x": 562,
                        "y": 347
                    },
                    {
                        "x": 560,
                        "y": 347
                    },
                    {
                        "x": 560,
                        "y": 348
                    },
                    {
                        "x": 558,
                        "y": 349
                    },
                    {
                        "x": 557,
                        "y": 351
                    }
                ],
                "type": "POLYGON"
            },
            "labels_to_revisit": []
        },
        {
            "labels": [
                {
                    "probability": 0.5684895066050109,
                    "name": "bird",
                    "color": "#a4be19ff",
                    "source": {
                        "user_id": "dd725a2c-b183-4616-bcf3-0894843fb6a5"
                    }
                }
            ],
            "shape": {
                "points": [
                    {
                        "x": 497,
                        "y": 373
                    },
                    {
                        "x": 499,
                        "y": 372
                    },
                    {
                        "x": 506,
                        "y": 372
                    },
                    {
                        "x": 511,
                        "y": 373
                    },
                    {
                        "x": 512,
                        "y": 373
                    },
                    {
                        "x": 514,
                        "y": 374
                    },
                    {
                        "x": 518,
                        "y": 376
                    },
                    {
                        "x": 520,
                        "y": 379
                    },
                    {
                        "x": 523,
                        "y": 383
                    },
                    {
                        "x": 524,
                        "y": 385
                    },
                    {
                        "x": 524,
                        "y": 387
                    },
                    {
                        "x": 525,
                        "y": 399
                    },
                    {
                        "x": 524,
                        "y": 400
                    },
                    {
                        "x": 525,
                        "y": 414
                    },
                    {
                        "x": 524,
                        "y": 416
                    },
                    {
                        "x": 524,
                        "y": 419
                    },
                    {
                        "x": 525,
                        "y": 420
                    },
                    {
                        "x": 527,
                        "y": 420
                    },
                    {
                        "x": 527,
                        "y": 478
                    },
                    {
                        "x": 525,
                        "y": 478
                    },
                    {
                        "x": 524,
                        "y": 479
                    },
                    {
                        "x": 524,
                        "y": 484
                    },
                    {
                        "x": 522,
                        "y": 485
                    },
                    {
                        "x": 522,
                        "y": 491
                    },
                    {
                        "x": 522,
                        "y": 514
                    },
                    {
                        "x": 522,
                        "y": 541
                    },
                    {
                        "x": 522,
                        "y": 541
                    },
                    {
                        "x": 522,
                        "y": 545
                    },
                    {
                        "x": 523,
                        "y": 550
                    },
                    {
                        "x": 524,
                        "y": 552
                    },
                    {
                        "x": 525,
                        "y": 555
                    },
                    {
                        "x": 526,
                        "y": 559
                    },
                    {
                        "x": 527,
                        "y": 561
                    },
                    {
                        "x": 528,
                        "y": 563
                    },
                    {
                        "x": 529,
                        "y": 566
                    },
                    {
                        "x": 529,
                        "y": 569
                    },
                    {
                        "x": 530,
                        "y": 570
                    },
                    {
                        "x": 531,
                        "y": 573
                    },
                    {
                        "x": 532,
                        "y": 574
                    },
                    {
                        "x": 532,
                        "y": 576
                    },
                    {
                        "x": 533,
                        "y": 577
                    },
                    {
                        "x": 534,
                        "y": 578
                    },
                    {
                        "x": 534,
                        "y": 583
                    },
                    {
                        "x": 535,
                        "y": 585
                    },
                    {
                        "x": 536,
                        "y": 586
                    },
                    {
                        "x": 537,
                        "y": 588
                    },
                    {
                        "x": 537,
                        "y": 589
                    },
                    {
                        "x": 538,
                        "y": 591
                    },
                    {
                        "x": 538,
                        "y": 593
                    },
                    {
                        "x": 539,
                        "y": 594
                    },
                    {
                        "x": 539,
                        "y": 596
                    },
                    {
                        "x": 540,
                        "y": 597
                    },
                    {
                        "x": 541,
                        "y": 601
                    },
                    {
                        "x": 541,
                        "y": 604
                    },
                    {
                        "x": 542,
                        "y": 606
                    },
                    {
                        "x": 543,
                        "y": 613
                    },
                    {
                        "x": 543,
                        "y": 614
                    },
                    {
                        "x": 543,
                        "y": 623
                    },
                    {
                        "x": 544,
                        "y": 624
                    },
                    {
                        "x": 544,
                        "y": 638
                    },
                    {
                        "x": 544,
                        "y": 641
                    },
                    {
                        "x": 543,
                        "y": 643
                    },
                    {
                        "x": 543,
                        "y": 644
                    },
                    {
                        "x": 540,
                        "y": 649
                    },
                    {
                        "x": 538,
                        "y": 651
                    },
                    {
                        "x": 533,
                        "y": 654
                    },
                    {
                        "x": 532,
                        "y": 654
                    },
                    {
                        "x": 529,
                        "y": 655
                    },
                    {
                        "x": 524,
                        "y": 655
                    },
                    {
                        "x": 520,
                        "y": 655
                    },
                    {
                        "x": 519,
                        "y": 654
                    },
                    {
                        "x": 517,
                        "y": 654
                    },
                    {
                        "x": 513,
                        "y": 651
                    },
                    {
                        "x": 510,
                        "y": 648
                    },
                    {
                        "x": 507,
                        "y": 644
                    },
                    {
                        "x": 506,
                        "y": 640
                    },
                    {
                        "x": 505,
                        "y": 637
                    },
                    {
                        "x": 505,
                        "y": 634
                    },
                    {
                        "x": 505,
                        "y": 626
                    },
                    {
                        "x": 504,
                        "y": 625
                    },
                    {
                        "x": 504,
                        "y": 624
                    },
                    {
                        "x": 502,
                        "y": 620
                    },
                    {
                        "x": 501,
                        "y": 617
                    },
                    {
                        "x": 500,
                        "y": 613
                    },
                    {
                        "x": 499,
                        "y": 611
                    },
                    {
                        "x": 498,
                        "y": 608
                    },
                    {
                        "x": 496,
                        "y": 601
                    },
                    {
                        "x": 496,
                        "y": 597
                    },
                    {
                        "x": 494,
                        "y": 593
                    },
                    {
                        "x": 491,
                        "y": 588
                    },
                    {
                        "x": 491,
                        "y": 587
                    },
                    {
                        "x": 489,
                        "y": 582
                    },
                    {
                        "x": 485,
                        "y": 573
                    },
                    {
                        "x": 483,
                        "y": 568
                    },
                    {
                        "x": 479,
                        "y": 563
                    },
                    {
                        "x": 478,
                        "y": 561
                    },
                    {
                        "x": 478,
                        "y": 560
                    },
                    {
                        "x": 477,
                        "y": 557
                    },
                    {
                        "x": 473,
                        "y": 552
                    },
                    {
                        "x": 472,
                        "y": 550
                    },
                    {
                        "x": 471,
                        "y": 550
                    },
                    {
                        "x": 471,
                        "y": 548
                    },
                    {
                        "x": 469,
                        "y": 547
                    },
                    {
                        "x": 469,
                        "y": 545
                    },
                    {
                        "x": 467,
                        "y": 541
                    },
                    {
                        "x": 465,
                        "y": 537
                    },
                    {
                        "x": 463,
                        "y": 534
                    },
                    {
                        "x": 461,
                        "y": 530
                    },
                    {
                        "x": 460,
                        "y": 529
                    },
                    {
                        "x": 460,
                        "y": 527
                    },
                    {
                        "x": 459,
                        "y": 527
                    },
                    {
                        "x": 459,
                        "y": 526
                    },
                    {
                        "x": 457,
                        "y": 522
                    },
                    {
                        "x": 454,
                        "y": 519
                    },
                    {
                        "x": 453,
                        "y": 517
                    },
                    {
                        "x": 448,
                        "y": 512
                    },
                    {
                        "x": 447,
                        "y": 510
                    },
                    {
                        "x": 445,
                        "y": 508
                    },
                    {
                        "x": 443,
                        "y": 504
                    },
                    {
                        "x": 442,
                        "y": 503
                    },
                    {
                        "x": 439,
                        "y": 499
                    },
                    {
                        "x": 438,
                        "y": 497
                    },
                    {
                        "x": 437,
                        "y": 494
                    },
                    {
                        "x": 437,
                        "y": 491
                    },
                    {
                        "x": 436,
                        "y": 490
                    },
                    {
                        "x": 436,
                        "y": 487
                    },
                    {
                        "x": 435,
                        "y": 483
                    },
                    {
                        "x": 435,
                        "y": 482
                    },
                    {
                        "x": 435,
                        "y": 440
                    },
                    {
                        "x": 436,
                        "y": 437
                    },
                    {
                        "x": 436,
                        "y": 433
                    },
                    {
                        "x": 437,
                        "y": 429
                    },
                    {
                        "x": 437,
                        "y": 428
                    },
                    {
                        "x": 438,
                        "y": 425
                    },
                    {
                        "x": 438,
                        "y": 419
                    },
                    {
                        "x": 439,
                        "y": 419
                    },
                    {
                        "x": 439,
                        "y": 417
                    },
                    {
                        "x": 440,
                        "y": 412
                    },
                    {
                        "x": 442,
                        "y": 410
                    },
                    {
                        "x": 444,
                        "y": 407
                    },
                    {
                        "x": 444,
                        "y": 405
                    },
                    {
                        "x": 447,
                        "y": 400
                    },
                    {
                        "x": 448,
                        "y": 399
                    },
                    {
                        "x": 450,
                        "y": 396
                    },
                    {
                        "x": 450,
                        "y": 395
                    },
                    {
                        "x": 452,
                        "y": 394
                    },
                    {
                        "x": 452,
                        "y": 391
                    },
                    {
                        "x": 454,
                        "y": 391
                    },
                    {
                        "x": 455,
                        "y": 390
                    },
                    {
                        "x": 455,
                        "y": 388
                    },
                    {
                        "x": 457,
                        "y": 387
                    },
                    {
                        "x": 457,
                        "y": 385
                    },
                    {
                        "x": 461,
                        "y": 385
                    },
                    {
                        "x": 465,
                        "y": 383
                    },
                    {
                        "x": 466,
                        "y": 381
                    },
                    {
                        "x": 468,
                        "y": 381
                    },
                    {
                        "x": 473,
                        "y": 378
                    },
                    {
                        "x": 473,
                        "y": 376
                    },
                    {
                        "x": 477,
                        "y": 375
                    },
                    {
                        "x": 478,
                        "y": 373
                    },
                    {
                        "x": 489,
                        "y": 373
                    },
                    {
                        "x": 490,
                        "y": 372
                    },
                    {
                        "x": 496,
                        "y": 372
                    }
                ],
                "type": "POLYGON"
            },
            "labels_to_revisit": []
        }
    ],
    "kind": "annotation",
    "labels_to_revisit_full_scene": [],
    "annotation_state_per_task": [
        {
            "task_id": "66fd38284dab82982d1a9d04",
            "state": "annotated"
        }
    ]
}