{
    "annotations": [
        {
            "labels": [
                {
                    "probability": 1.0,
                    "name": "bird",
                    "color": "#a4be19ff",
                    "source": {
                        "user_id": "dd725a2c-b183-4616-bcf3-0894843fb6a5"
                    }
                }
            ],
            "shape": {
                "points": [
                    {
                        "x": 526,
                        "y": 367
                    },
                    {
                        "x": 540,
                        "y": 372
                    },
                    {
                        "x": 549,
                        "y": 384
                    },
                    {
                        "x": 551,
                        "y": 395
                    },
                    {
                        "x": 550,
                        "y": 406
                    },
                    {
                        "x": 544,
                        "y": 417
                    },
                    {
                        "x": 545,
                        "y": 460
                    },
                    {
                        "x": 541,
                        "y": 487
                    },
                    {
                        "x": 526,
                        "y": 508
                    },
                    {
                        "x": 514,
                        "y": 520
                    },
                    {
                        "x": 498,
                        "y": 532
                    },
                    {
                        "x": 493,
                        "y": 541
                    },
                    {
                        "x": 489,
                        "y": 544
                    },
                    {
                        "x": 489,
                        "y": 546
                    },
                    {
                        "x": 478,
                        "y": 559
                    },
                    {
                        "x": 474,
                        "y": 559
                    },
                    {
                        "x": 468,
                        "y": 562
                    },
                    {
                        "x": 461,
                        "y": 559
                    },
                    {
                        "x": 452,
                        "y": 559
                    },
                    {
                        "x": 441,
                        "y": 562
                    },
                    {
                        "x": 432,
                        "y": 570
                    },
                    {
                        "x": 429,
                        "y": 576
                    },
                    {
                        "x": 424,
                        "y": 581
                    },
                    {
                        "x": 419,
                        "y": 590
                    },
                    {
                        "x": 417,
                        "y": 598
                    },
                    {
                        "x": 413,
                        "y": 638
                    },
                    {
                        "x": 409,
                        "y": 655
                    },
                    {
                        "x": 407,
                        "y": 691
                    },
                    {
                        "x": 404,
                        "y": 698
                    },
                    {
                        "x": 400,
                        "y": 699
                    },
                    {
                        "x": 397,
                        "y": 704
                    },
                    {
                        "x": 392,
                        "y": 705
                    },
                    {
                        "x": 389,
                        "y": 703
                    },
                    {
                        "x": 387,
                        "y": 698
                    },
                    {
                        "x": 387,
                        "y": 687
                    },
                    {
                        "x": 390,
                        "y": 665
                    },
                    {
                        "x": 390,
                        "y": 636
                    },
                    {
                        "x": 395,
                        "y": 594
                    },
                    {
                        "x": 394,
                        "y": 572
                    },
                    {
                        "x": 392,
                        "y": 566
                    },
                    {
                        "x": 387,
                        "y": 562
                    },
                    {
                        "x": 373,
                        "y": 569
                    },
                    {
                        "x": 368,
                        "y": 568
                    },
                    {
                        "x": 367,
                        "y": 559
                    },
                    {
                        "x": 371,
                        "y": 556
                    },
                    {
                        "x": 377,
                        "y": 556
                    },
                    {
                        "x": 381,
                        "y": 552
                    },
                    {
                        "x": 378,
                        "y": 549
                    },
                    {
                        "x": 378,
                        "y": 546
                    },
                    {
                        "x": 380,
                        "y": 544
                    },
                    {
                        "x": 393,
                        "y": 512
                    },
                    {
                        "x": 407,
                        "y": 488
                    },
                    {
                        "x": 417,
                        "y": 477
                    },
                    {
                        "x": 438,
                        "y": 447
                    },
                    {
                        "x": 442,
                        "y": 444
                    },
                    {
                        "x": 467,
                        "y": 411
                    },
                    {
                        "x": 472,
                        "y": 408
                    },
                    {
                        "x": 483,
                        "y": 397
                    },
                    {
                        "x": 489,
                        "y": 383
                    },
                    {
                        "x": 494,
                        "y": 376
                    },
                    {
                        "x": 507,
                        "y": 368
                    },
                    {
                        "x": 515,
                        "y": 366
                    }
                ],
                "type": "POLYGON"
            },
            "labels_to_revisit": []
        },
        {
            "labels": [
                {
                    "probability": 1.0,
                    "name": "seed",
                    "color": "#5182c5ff",
                    "source": {
                        "user_id": "dd725a2c-b183-4616-bcf3-0894843fb6a5"
                    }
                }
            ],
            "shape": {
                "points": [
                    {
                        "x": 669,
                        "y": 335
                    },
                    {
                        "x": 676,
                        "y": 335
                    },
                    {
                        "x": 681,
                        "y": 332
                    },
                    {
                        "x": 689,
                        "y": 332
                    },
                    {
                        "x": 695,
                        "y": 334
                    },
                    {
                        "x": 700,
                        "y": 332
                    },
                    {
                        "x": 713,
                        "y": 332
                    },
                    {
                        "x": 726,
                        "y": 335
                    },
                    {
                        "x": 736,
                        "y": 340
                    },
                    {
                        "x": 740,
                        "y": 348
                    },
                    {
                        "x": 740,
                        "y": 371
                    },
                    {
                        "x": 737,
                        "y": 383
                    },
                    {
                        "x": 722,
                        "y": 394
                    },
                    {
                        "x": 708,
                        "y": 418
                    },
                    {
                        "x": 703,
                        "y": 424
                    },
                    {
                        "x": 699,
                        "y": 437
                    },
                    {
                        "x": 699,
                        "y": 452
                    },
                    {
                        "x": 702,
                        "y": 463
                    },
                    {
                        "x": 703,
                        "y": 475
                    },
                    {
                        "x": 710,
                        "y": 489
                    },
                    {
                        "x": 713,
                        "y": 507
                    },
                    {
                        "x": 716,
                        "y": 514
                    },
                    {
                        "x": 715,
                        "y": 527
                    },
                    {
                        "x": 710,
                        "y": 531
                    },
                    {
                        "x": 663,
                        "y": 529
                    },
                    {
                        "x": 654,
                        "y": 527
                    },
                    {
                        "x": 639,
                        "y": 528
                    },
                    {
                        "x": 628,
                        "y": 525
                    },
                    {
                        "x": 600,
                        "y": 525
                    },
                    {
                        "x": 588,
                        "y": 528
                    },
                    {
                        "x": 581,
                        "y": 533
                    },
                    {
                        "x": 573,
                        "y": 536
                    },
                    {
                        "x": 559,
                        "y": 536
                    },
                    {
                        "x": 552,
                        "y": 524
                    },
                    {
                        "x": 552,
                        "y": 510
                    },
                    {
                        "x": 550,
                        "y": 499
                    },
                    {
                        "x": 551,
                        "y": 476
                    },
                    {
                        "x": 554,
                        "y": 468
                    },
                    {
                        "x": 553,
                        "y": 462
                    },
                    {
                        "x": 556,
                        "y": 456
                    },
                    {
                        "x": 556,
                        "y": 426
                    },
                    {
                        "x": 554,
                        "y": 419
                    },
                    {
                        "x": 553,
                        "y": 380
                    },
                    {
                        "x": 554,
                        "y": 361
                    },
                    {
                        "x": 556,
                        "y": 358
                    },
                    {
                        "x": 556,
                        "y": 350
                    },
                    {
                        "x": 558,
                        "y": 344
                    },
                    {
                        "x": 562,
                        "y": 341
                    },
                    {
                        "x": 573,
                        "y": 341
                    },
                    {
                        "x": 588,
                        "y": 337
                    },
                    {
                        "x": 620,
                        "y": 334
                    },
                    {
                        "x": 642,
                        "y": 335
                    },
                    {
                        "x": 651,
                        "y": 331
                    },
                    {
                        "x": 659,
                        "y": 331
                    }
                ],
                "type": "POLYGON"
            },
            "labels_to_revisit": []
        }
    ],
    "kind": "annotation",
    "labels_to_revisit_full_scene": [],
    "annotation_state_per_task": [
        {
            "task_id": "66fd38284dab82982d1a9d04",
            "state": "annotated"
        }
    ]
}