{
    "annotations": [
        {
            "labels": [
                {
                    "probability": 1.0,
                    "name": "seed",
                    "color": "#5182c5ff",
                    "source": {
                        "user_id": "dd725a2c-b183-4616-bcf3-0894843fb6a5"
                    }
                }
            ],
            "shape": {
                "points": [
                    {
                        "x": 649,
                        "y": 348
                    },
                    {
                        "x": 649,
                        "y": 352
                    },
                    {
                        "x": 656,
                        "y": 358
                    },
                    {
                        "x": 659,
                        "y": 358
                    },
                    {
                        "x": 661,
                        "y": 356
                    },
                    {
                        "x": 661,
                        "y": 352
                    },
                    {
                        "x": 665,
                        "y": 352
                    },
                    {
                        "x": 673,
                        "y": 359
                    },
                    {
                        "x": 684,
                        "y": 357
                    },
                    {
                        "x": 696,
                        "y": 361
                    },
                    {
                        "x": 696,
                        "y": 364
                    },
                    {
                        "x": 693,
                        "y": 368
                    },
                    {
                        "x": 693,
                        "y": 376
                    },
                    {
                        "x": 697,
                        "y": 380
                    },
                    {
                        "x": 700,
                        "y": 378
                    },
                    {
                        "x": 700,
                        "y": 362
                    },
                    {
                        "x": 703,
                        "y": 361
                    },
                    {
                        "x": 708,
                        "y": 364
                    },
                    {
                        "x": 711,
                        "y": 372
                    },
                    {
                        "x": 711,
                        "y": 377
                    },
                    {
                        "x": 715,
                        "y": 381
                    },
                    {
                        "x": 715,
                        "y": 385
                    },
                    {
                        "x": 712,
                        "y": 391
                    },
                    {
                        "x": 712,
                        "y": 412
                    },
                    {
                        "x": 714,
                        "y": 418
                    },
                    {
                        "x": 704,
                        "y": 427
                    },
                    {
                        "x": 709,
                        "y": 433
                    },
                    {
                        "x": 698,
                        "y": 437
                    },
                    {
                        "x": 713,
                        "y": 441
                    },
                    {
                        "x": 715,
                        "y": 443
                    },
                    {
                        "x": 710,
                        "y": 457
                    },
                    {
                        "x": 716,
                        "y": 462
                    },
                    {
                        "x": 716,
                        "y": 465
                    },
                    {
                        "x": 711,
                        "y": 476
                    },
                    {
                        "x": 711,
                        "y": 488
                    },
                    {
                        "x": 708,
                        "y": 495
                    },
                    {
                        "x": 703,
                        "y": 499
                    },
                    {
                        "x": 701,
                        "y": 498
                    },
                    {
                        "x": 701,
                        "y": 495
                    },
                    {
                        "x": 698,
                        "y": 492
                    },
                    {
                        "x": 694,
                        "y": 492
                    },
                    {
                        "x": 693,
                        "y": 497
                    },
                    {
                        "x": 690,
                        "y": 499
                    },
                    {
                        "x": 691,
                        "y": 504
                    },
                    {
                        "x": 688,
                        "y": 507
                    },
                    {
                        "x": 661,
                        "y": 507
                    },
                    {
                        "x": 657,
                        "y": 504
                    },
                    {
                        "x": 657,
                        "y": 502
                    },
                    {
                        "x": 690,
                        "y": 499
                    },
                    {
                        "x": 691,
                        "y": 497
                    },
                    {
                        "x": 686,
                        "y": 496
                    },
                    {
                        "x": 676,
                        "y": 490
                    },
                    {
                        "x": 662,
                        "y": 491
                    },
                    {
                        "x": 656,
                        "y": 487
                    },
                    {
                        "x": 652,
                        "y": 487
                    },
                    {
                        "x": 649,
                        "y": 491
                    },
                    {
                        "x": 642,
                        "y": 490
                    },
                    {
                        "x": 634,
                        "y": 494
                    },
                    {
                        "x": 634,
                        "y": 497
                    },
                    {
                        "x": 638,
                        "y": 500
                    },
                    {
                        "x": 643,
                        "y": 500
                    },
                    {
                        "x": 646,
                        "y": 497
                    },
                    {
                        "x": 648,
                        "y": 497
                    },
                    {
                        "x": 651,
                        "y": 502
                    },
                    {
                        "x": 651,
                        "y": 507
                    },
                    {
                        "x": 648,
                        "y": 509
                    },
                    {
                        "x": 621,
                        "y": 509
                    },
                    {
                        "x": 619,
                        "y": 511
                    },
                    {
                        "x": 616,
                        "y": 511
                    },
                    {
                        "x": 614,
                        "y": 509
                    },
                    {
                        "x": 611,
                        "y": 509
                    },
                    {
                        "x": 607,
                        "y": 511
                    },
                    {
                        "x": 601,
                        "y": 511
                    },
                    {
                        "x": 598,
                        "y": 513
                    },
                    {
                        "x": 594,
                        "y": 510
                    },
                    {
                        "x": 578,
                        "y": 511
                    },
                    {
                        "x": 574,
                        "y": 513
                    },
                    {
                        "x": 557,
                        "y": 513
                    },
                    {
                        "x": 552,
                        "y": 508
                    },
                    {
                        "x": 547,
                        "y": 507
                    },
                    {
                        "x": 544,
                        "y": 504
                    },
                    {
                        "x": 544,
                        "y": 502
                    },
                    {
                        "x": 562,
                        "y": 498
                    },
                    {
                        "x": 564,
                        "y": 496
                    },
                    {
                        "x": 561,
                        "y": 493
                    },
                    {
                        "x": 555,
                        "y": 492
                    },
                    {
                        "x": 545,
                        "y": 487
                    },
                    {
                        "x": 542,
                        "y": 487
                    },
                    {
                        "x": 538,
                        "y": 490
                    },
                    {
                        "x": 533,
                        "y": 489
                    },
                    {
                        "x": 527,
                        "y": 491
                    },
                    {
                        "x": 526,
                        "y": 473
                    },
                    {
                        "x": 524,
                        "y": 467
                    },
                    {
                        "x": 524,
                        "y": 440
                    },
                    {
                        "x": 526,
                        "y": 417
                    },
                    {
                        "x": 525,
                        "y": 401
                    },
                    {
                        "x": 527,
                        "y": 394
                    },
                    {
                        "x": 526,
                        "y": 381
                    },
                    {
                        "x": 529,
                        "y": 366
                    },
                    {
                        "x": 532,
                        "y": 361
                    },
                    {
                        "x": 539,
                        "y": 360
                    },
                    {
                        "x": 543,
                        "y": 365
                    },
                    {
                        "x": 559,
                        "y": 357
                    },
                    {
                        "x": 568,
                        "y": 357
                    },
                    {
                        "x": 571,
                        "y": 359
                    },
                    {
                        "x": 578,
                        "y": 358
                    },
                    {
                        "x": 579,
                        "y": 356
                    },
                    {
                        "x": 577,
                        "y": 353
                    },
                    {
                        "x": 615,
                        "y": 352
                    },
                    {
                        "x": 631,
                        "y": 350
                    },
                    {
                        "x": 634,
                        "y": 354
                    },
                    {
                        "x": 638,
                        "y": 351
                    },
                    {
                        "x": 640,
                        "y": 347
                    },
                    {
                        "x": 647,
                        "y": 347
                    }
                ],
                "type": "POLYGON"
            },
            "labels_to_revisit": []
        }
    ],
    "kind": "annotation",
    "labels_to_revisit_full_scene": [],
    "annotation_state_per_task": [
        {
            "task_id": "66fd38284dab82982d1a9d04",
            "state": "annotated"
        }
    ]
}