{
    "annotations": [
        {
            "labels": [
                {
                    "probability": 1.0,
                    "name": "seed",
                    "color": "#5182c5ff",
                    "source": {
                        "user_id": "dd725a2c-b183-4616-bcf3-0894843fb6a5"
                    }
                }
            ],
            "shape": {
                "points": [
                    {
                        "x": 668,
                        "y": 332
                    },
                    {
                        "x": 684,
                        "y": 330
                    },
                    {
                        "x": 693,
                        "y": 334
                    },
                    {
                        "x": 698,
                        "y": 331
                    },
                    {
                        "x": 704,
                        "y": 330
                    },
                    {
                        "x": 719,
                        "y": 333
                    },
                    {
                        "x": 735,
                        "y": 341
                    },
                    {
                        "x": 737,
                        "y": 344
                    },
                    {
                        "x": 738,
                        "y": 353
                    },
                    {
                        "x": 738,
                        "y": 380
                    },
                    {
                        "x": 732,
                        "y": 386
                    },
                    {
                        "x": 725,
                        "y": 389
                    },
                    {
                        "x": 706,
                        "y": 409
                    },
                    {
                        "x": 695,
                        "y": 428
                    },
                    {
                        "x": 686,
                        "y": 439
                    },
                    {
                        "x": 687,
                        "y": 447
                    },
                    {
                        "x": 696,
                        "y": 459
                    },
                    {
                        "x": 702,
                        "y": 482
                    },
                    {
                        "x": 708,
                        "y": 493
                    },
                    {
                        "x": 712,
                        "y": 514
                    },
                    {
                        "x": 711,
                        "y": 522
                    },
                    {
                        "x": 706,
                        "y": 526
                    },
                    {
                        "x": 696,
                        "y": 528
                    },
                    {
                        "x": 689,
                        "y": 526
                    },
                    {
                        "x": 672,
                        "y": 526
                    },
                    {
                        "x": 652,
                        "y": 522
                    },
                    {
                        "x": 628,
                        "y": 523
                    },
                    {
                        "x": 618,
                        "y": 521
                    },
                    {
                        "x": 598,
                        "y": 521
                    },
                    {
                        "x": 590,
                        "y": 519
                    },
                    {
                        "x": 580,
                        "y": 522
                    },
                    {
                        "x": 574,
                        "y": 529
                    },
                    {
                        "x": 569,
                        "y": 531
                    },
                    {
                        "x": 561,
                        "y": 532
                    },
                    {
                        "x": 556,
                        "y": 530
                    },
                    {
                        "x": 552,
                        "y": 524
                    },
                    {
                        "x": 554,
                        "y": 499
                    },
                    {
                        "x": 554,
                        "y": 445
                    },
                    {
                        "x": 552,
                        "y": 425
                    },
                    {
                        "x": 549,
                        "y": 419
                    },
                    {
                        "x": 549,
                        "y": 407
                    },
                    {
                        "x": 551,
                        "y": 397
                    },
                    {
                        "x": 552,
                        "y": 362
                    },
                    {
                        "x": 555,
                        "y": 358
                    },
                    {
                        "x": 556,
                        "y": 342
                    },
                    {
                        "x": 563,
                        "y": 339
                    },
                    {
                        "x": 572,
                        "y": 339
                    },
                    {
                        "x": 588,
                        "y": 335
                    },
                    {
                        "x": 599,
                        "y": 335
                    },
                    {
                        "x": 609,
                        "y": 333
                    },
                    {
                        "x": 638,
                        "y": 333
                    },
                    {
                        "x": 646,
                        "y": 329
                    },
                    {
                        "x": 656,
                        "y": 329
                    }
                ],
                "type": "POLYGON"
            },
            "labels_to_revisit": []
        },
        {
            "labels": [
                {
                    "probability": 1.0,
                    "name": "bird",
                    "color": "#a4be19ff",
                    "source": {
                        "user_id": "dd725a2c-b183-4616-bcf3-0894843fb6a5"
                    }
                }
            ],
            "shape": {
                "points": [
                    {
                        "x": 511,
                        "y": 376
                    },
                    {
                        "x": 523,
                        "y": 380
                    },
                    {
                        "x": 527,
                        "y": 383
                    },
                    {
                        "x": 542,
                        "y": 404
                    },
                    {
                        "x": 541,
                        "y": 411
                    },
                    {
                        "x": 536,
                        "y": 413
                    },
                    {
                        "x": 531,
                        "y": 418
                    },
                    {
                        "x": 528,
                        "y": 438
                    },
                    {
                        "x": 532,
                        "y": 443
                    },
                    {
                        "x": 536,
                        "y": 457
                    },
                    {
                        "x": 535,
                        "y": 479
                    },
                    {
                        "x": 531,
                        "y": 488
                    },
                    {
                        "x": 517,
                        "y": 510
                    },
                    {
                        "x": 505,
                        "y": 523
                    },
                    {
                        "x": 495,
                        "y": 538
                    },
                    {
                        "x": 497,
                        "y": 542
                    },
                    {
                        "x": 497,
                        "y": 549
                    },
                    {
                        "x": 487,
                        "y": 558
                    },
                    {
                        "x": 480,
                        "y": 560
                    },
                    {
                        "x": 461,
                        "y": 570
                    },
                    {
                        "x": 438,
                        "y": 576
                    },
                    {
                        "x": 432,
                        "y": 582
                    },
                    {
                        "x": 425,
                        "y": 601
                    },
                    {
                        "x": 423,
                        "y": 617
                    },
                    {
                        "x": 422,
                        "y": 700
                    },
                    {
                        "x": 420,
                        "y": 711
                    },
                    {
                        "x": 418,
                        "y": 716
                    },
                    {
                        "x": 406,
                        "y": 719
                    },
                    {
                        "x": 401,
                        "y": 716
                    },
                    {
                        "x": 399,
                        "y": 702
                    },
                    {
                        "x": 400,
                        "y": 657
                    },
                    {
                        "x": 398,
                        "y": 639
                    },
                    {
                        "x": 398,
                        "y": 610
                    },
                    {
                        "x": 394,
                        "y": 585
                    },
                    {
                        "x": 387,
                        "y": 579
                    },
                    {
                        "x": 375,
                        "y": 588
                    },
                    {
                        "x": 366,
                        "y": 587
                    },
                    {
                        "x": 364,
                        "y": 581
                    },
                    {
                        "x": 371,
                        "y": 566
                    },
                    {
                        "x": 381,
                        "y": 552
                    },
                    {
                        "x": 385,
                        "y": 532
                    },
                    {
                        "x": 392,
                        "y": 519
                    },
                    {
                        "x": 398,
                        "y": 503
                    },
                    {
                        "x": 406,
                        "y": 488
                    },
                    {
                        "x": 411,
                        "y": 482
                    },
                    {
                        "x": 426,
                        "y": 451
                    },
                    {
                        "x": 455,
                        "y": 414
                    },
                    {
                        "x": 458,
                        "y": 406
                    },
                    {
                        "x": 462,
                        "y": 401
                    },
                    {
                        "x": 466,
                        "y": 388
                    },
                    {
                        "x": 475,
                        "y": 380
                    },
                    {
                        "x": 486,
                        "y": 374
                    }
                ],
                "type": "POLYGON"
            },
            "labels_to_revisit": []
        },
        {
            "labels": [
                {
                    "probability": 1.0,
                    "name": "bird",
                    "color": "#a4be19ff",
                    "source": {
                        "user_id": "dd725a2c-b183-4616-bcf3-0894843fb6a5"
                    }
                }
            ],
            "shape": {
                "points": [
                    {
                        "x": 814,
                        "y": 382
                    },
                    {
                        "x": 818,
                        "y": 384
                    },
                    {
                        "x": 829,
                        "y": 385
                    },
                    {
                        "x": 853,
                        "y": 397
                    },
                    {
                        "x": 883,
                        "y": 419
                    },
                    {
                        "x": 910,
                        "y": 449
                    },
                    {
                        "x": 929,
                        "y": 466
                    },
                    {
                        "x": 943,
                        "y": 482
                    },
                    {
                        "x": 961,
                        "y": 507
                    },
                    {
                        "x": 962,
                        "y": 515
                    },
                    {
                        "x": 960,
                        "y": 525
                    },
                    {
                        "x": 964,
                        "y": 536
                    },
                    {
                        "x": 980,
                        "y": 555
                    },
                    {
                        "x": 994,
                        "y": 577
                    },
                    {
                        "x": 1004,
                        "y": 586
                    },
                    {
                        "x": 1022,
                        "y": 608
                    },
                    {
                        "x": 1028,
                        "y": 618
                    },
                    {
                        "x": 1042,
                        "y": 633
                    },
                    {
                        "x": 1045,
                        "y": 644
                    },
                    {
                        "x": 1042,
                        "y": 646
                    },
                    {
                        "x": 1027,
                        "y": 641
                    },
                    {
                        "x": 1009,
                        "y": 619
                    },
                    {
                        "x": 1006,
                        "y": 613
                    },
                    {
                        "x": 992,
                        "y": 602
                    },
                    {
                        "x": 987,
                        "y": 594
                    },
                    {
                        "x": 980,
                        "y": 589
                    },
                    {
                        "x": 973,
                        "y": 581
                    },
                    {
                        "x": 962,
                        "y": 573
                    },
                    {
                        "x": 953,
                        "y": 570
                    },
                    {
                        "x": 939,
                        "y": 558
                    },
                    {
                        "x": 922,
                        "y": 547
                    },
                    {
                        "x": 915,
                        "y": 545
                    },
                    {
                        "x": 888,
                        "y": 544
                    },
                    {
                        "x": 881,
                        "y": 547
                    },
                    {
                        "x": 871,
                        "y": 547
                    },
                    {
                        "x": 859,
                        "y": 540
                    },
                    {
                        "x": 842,
                        "y": 538
                    },
                    {
                        "x": 831,
                        "y": 531
                    },
                    {
                        "x": 807,
                        "y": 528
                    },
                    {
                        "x": 801,
                        "y": 515
                    },
                    {
                        "x": 800,
                        "y": 503
                    },
                    {
                        "x": 797,
                        "y": 497
                    },
                    {
                        "x": 786,
                        "y": 486
                    },
                    {
                        "x": 779,
                        "y": 476
                    },
                    {
                        "x": 767,
                        "y": 450
                    },
                    {
                        "x": 759,
                        "y": 438
                    },
                    {
                        "x": 757,
                        "y": 422
                    },
                    {
                        "x": 755,
                        "y": 418
                    },
                    {
                        "x": 757,
                        "y": 408
                    },
                    {
                        "x": 757,
                        "y": 397
                    },
                    {
                        "x": 755,
                        "y": 395
                    },
                    {
                        "x": 755,
                        "y": 391
                    },
                    {
                        "x": 757,
                        "y": 388
                    },
                    {
                        "x": 775,
                        "y": 381
                    },
                    {
                        "x": 785,
                        "y": 379
                    },
                    {
                        "x": 797,
                        "y": 379
                    }
                ],
                "type": "POLYGON"
            },
            "labels_to_revisit": []
        }
    ],
    "kind": "annotation",
    "labels_to_revisit_full_scene": [],
    "annotation_state_per_task": [
        {
            "task_id": "66fd38284dab82982d1a9d04",
            "state": "annotated"
        }
    ]
}