{
    "annotations": [
        {
            "labels": [
                {
                    "probability": 1.0,
                    "name": "bird",
                    "color": "#a4be19ff",
                    "source": {
                        "user_id": "dd725a2c-b183-4616-bcf3-0894843fb6a5"
                    }
                }
            ],
            "shape": {
                "points": [
                    {
                        "x": 538,
                        "y": 353
                    },
                    {
                        "x": 542,
                        "y": 356
                    },
                    {
                        "x": 543,
                        "y": 369
                    },
                    {
                        "x": 541,
                        "y": 377
                    },
                    {
                        "x": 541,
                        "y": 393
                    },
                    {
                        "x": 545,
                        "y": 408
                    },
                    {
                        "x": 545,
                        "y": 417
                    },
                    {
                        "x": 548,
                        "y": 425
                    },
                    {
                        "x": 548,
                        "y": 449
                    },
                    {
                        "x": 545,
                        "y": 458
                    },
                    {
                        "x": 522,
                        "y": 479
                    },
                    {
                        "x": 497,
                        "y": 495
                    },
                    {
                        "x": 485,
                        "y": 497
                    },
                    {
                        "x": 473,
                        "y": 505
                    },
                    {
                        "x": 463,
                        "y": 507
                    },
                    {
                        "x": 453,
                        "y": 514
                    },
                    {
                        "x": 445,
                        "y": 517
                    },
                    {
                        "x": 426,
                        "y": 514
                    },
                    {
                        "x": 407,
                        "y": 517
                    },
                    {
                        "x": 390,
                        "y": 522
                    },
                    {
                        "x": 375,
                        "y": 530
                    },
                    {
                        "x": 363,
                        "y": 539
                    },
                    {
                        "x": 357,
                        "y": 540
                    },
                    {
                        "x": 349,
                        "y": 548
                    },
                    {
                        "x": 340,
                        "y": 553
                    },
                    {
                        "x": 335,
                        "y": 558
                    },
                    {
                        "x": 325,
                        "y": 561
                    },
                    {
                        "x": 315,
                        "y": 560
                    },
                    {
                        "x": 317,
                        "y": 554
                    },
                    {
                        "x": 356,
                        "y": 508
                    },
                    {
                        "x": 357,
                        "y": 503
                    },
                    {
                        "x": 354,
                        "y": 501
                    },
                    {
                        "x": 341,
                        "y": 502
                    },
                    {
                        "x": 335,
                        "y": 499
                    },
                    {
                        "x": 337,
                        "y": 492
                    },
                    {
                        "x": 343,
                        "y": 486
                    },
                    {
                        "x": 356,
                        "y": 478
                    },
                    {
                        "x": 387,
                        "y": 447
                    },
                    {
                        "x": 404,
                        "y": 436
                    },
                    {
                        "x": 429,
                        "y": 414
                    },
                    {
                        "x": 454,
                        "y": 398
                    },
                    {
                        "x": 477,
                        "y": 380
                    },
                    {
                        "x": 482,
                        "y": 378
                    },
                    {
                        "x": 491,
                        "y": 365
                    },
                    {
                        "x": 506,
                        "y": 355
                    },
                    {
                        "x": 519,
                        "y": 351
                    },
                    {
                        "x": 527,
                        "y": 351
                    }
                ],
                "type": "POLYGON"
            },
            "labels_to_revisit": []
        },
        {
            "labels": [
                {
                    "probability": 1.0,
                    "name": "seed",
                    "color": "#5182c5ff",
                    "source": {
                        "user_id": "dd725a2c-b183-4616-bcf3-0894843fb6a5"
                    }
                }
            ],
            "shape": {
                "points": [
                    {
                        "x": 697,
                        "y": 341
                    },
                    {
                        "x": 704,
                        "y": 354
                    },
                    {
                        "x": 693,
                        "y": 376
                    },
                    {
                        "x": 691,
                        "y": 384
                    },
                    {
                        "x": 691,
                        "y": 395
                    },
                    {
                        "x": 695,
                        "y": 404
                    },
                    {
                        "x": 697,
                        "y": 423
                    },
                    {
                        "x": 702,
                        "y": 432
                    },
                    {
                        "x": 708,
                        "y": 455
                    },
                    {
                        "x": 708,
                        "y": 477
                    },
                    {
                        "x": 702,
                        "y": 478
                    },
                    {
                        "x": 682,
                        "y": 474
                    },
                    {
                        "x": 674,
                        "y": 475
                    },
                    {
                        "x": 599,
                        "y": 470
                    },
                    {
                        "x": 591,
                        "y": 471
                    },
                    {
                        "x": 584,
                        "y": 474
                    },
                    {
                        "x": 573,
                        "y": 483
                    },
                    {
                        "x": 566,
                        "y": 484
                    },
                    {
                        "x": 560,
                        "y": 482
                    },
                    {
                        "x": 557,
                        "y": 478
                    },
                    {
                        "x": 555,
                        "y": 463
                    },
                    {
                        "x": 557,
                        "y": 454
                    },
                    {
                        "x": 557,
                        "y": 429
                    },
                    {
                        "x": 554,
                        "y": 400
                    },
                    {
                        "x": 554,
                        "y": 364
                    },
                    {
                        "x": 561,
                        "y": 359
                    },
                    {
                        "x": 569,
                        "y": 359
                    },
                    {
                        "x": 580,
                        "y": 363
                    },
                    {
                        "x": 606,
                        "y": 360
                    },
                    {
                        "x": 639,
                        "y": 346
                    },
                    {
                        "x": 678,
                        "y": 346
                    },
                    {
                        "x": 687,
                        "y": 338
                    },
                    {
                        "x": 693,
                        "y": 338
                    }
                ],
                "type": "POLYGON"
            },
            "labels_to_revisit": []
        }
    ],
    "kind": "annotation",
    "labels_to_revisit_full_scene": [],
    "annotation_state_per_task": [
        {
            "task_id": "66fd38284dab82982d1a9d04",
            "state": "annotated"
        }
    ]
}