{
    "annotations": [
        {
            "labels": [
                {
                    "probability": 1.0,
                    "name": "bird",
                    "color": "#a4be19ff",
                    "source": {
                        "user_id": "dd725a2c-b183-4616-bcf3-0894843fb6a5"
                    }
                }
            ],
            "shape": {
                "points": [
                    {
                        "x": 738,
                        "y": 333
                    },
                    {
                        "x": 751,
                        "y": 344
                    },
                    {
                        "x": 785,
                        "y": 378
                    },
                    {
                        "x": 804,
                        "y": 393
                    },
                    {
                        "x": 809,
                        "y": 404
                    },
                    {
                        "x": 835,
                        "y": 433
                    },
                    {
                        "x": 846,
                        "y": 449
                    },
                    {
                        "x": 857,
                        "y": 474
                    },
                    {
                        "x": 873,
                        "y": 492
                    },
                    {
                        "x": 872,
                        "y": 498
                    },
                    {
                        "x": 864,
                        "y": 497
                    },
                    {
                        "x": 858,
                        "y": 493
                    },
                    {
                        "x": 849,
                        "y": 490
                    },
                    {
                        "x": 845,
                        "y": 492
                    },
                    {
                        "x": 843,
                        "y": 503
                    },
                    {
                        "x": 839,
                        "y": 511
                    },
                    {
                        "x": 836,
                        "y": 527
                    },
                    {
                        "x": 832,
                        "y": 538
                    },
                    {
                        "x": 827,
                        "y": 631
                    },
                    {
                        "x": 824,
                        "y": 640
                    },
                    {
                        "x": 820,
                        "y": 640
                    },
                    {
                        "x": 817,
                        "y": 638
                    },
                    {
                        "x": 813,
                        "y": 643
                    },
                    {
                        "x": 811,
                        "y": 643
                    },
                    {
                        "x": 803,
                        "y": 637
                    },
                    {
                        "x": 801,
                        "y": 630
                    },
                    {
                        "x": 799,
                        "y": 628
                    },
                    {
                        "x": 799,
                        "y": 623
                    },
                    {
                        "x": 802,
                        "y": 618
                    },
                    {
                        "x": 801,
                        "y": 609
                    },
                    {
                        "x": 805,
                        "y": 600
                    },
                    {
                        "x": 806,
                        "y": 585
                    },
                    {
                        "x": 809,
                        "y": 578
                    },
                    {
                        "x": 809,
                        "y": 542
                    },
                    {
                        "x": 803,
                        "y": 519
                    },
                    {
                        "x": 794,
                        "y": 510
                    },
                    {
                        "x": 783,
                        "y": 502
                    },
                    {
                        "x": 777,
                        "y": 501
                    },
                    {
                        "x": 763,
                        "y": 503
                    },
                    {
                        "x": 756,
                        "y": 494
                    },
                    {
                        "x": 751,
                        "y": 494
                    },
                    {
                        "x": 742,
                        "y": 491
                    },
                    {
                        "x": 720,
                        "y": 478
                    },
                    {
                        "x": 705,
                        "y": 462
                    },
                    {
                        "x": 693,
                        "y": 443
                    },
                    {
                        "x": 687,
                        "y": 430
                    },
                    {
                        "x": 686,
                        "y": 385
                    },
                    {
                        "x": 689,
                        "y": 372
                    },
                    {
                        "x": 688,
                        "y": 347
                    },
                    {
                        "x": 691,
                        "y": 340
                    },
                    {
                        "x": 698,
                        "y": 332
                    },
                    {
                        "x": 710,
                        "y": 328
                    },
                    {
                        "x": 724,
                        "y": 328
                    }
                ],
                "type": "POLYGON"
            },
            "labels_to_revisit": []
        },
        {
            "labels": [
                {
                    "probability": 1.0,
                    "name": "seed",
                    "color": "#5182c5ff",
                    "source": {
                        "user_id": "dd725a2c-b183-4616-bcf3-0894843fb6a5"
                    }
                }
            ],
            "shape": {
                "points": [
                    {
                        "x": 573,
                        "y": 382
                    },
                    {
                        "x": 577,
                        "y": 389
                    },
                    {
                        "x": 581,
                        "y": 392
                    },
                    {
                        "x": 590,
                        "y": 392
                    },
                    {
                        "x": 600,
                        "y": 396
                    },
                    {
                        "x": 616,
                        "y": 408
                    },
                    {
                        "x": 622,
                        "y": 410
                    },
                    {
                        "x": 628,
                        "y": 419
                    },
                    {
                        "x": 636,
                        "y": 460
                    },
                    {
                        "x": 637,
                        "y": 489
                    },
                    {
                        "x": 635,
                        "y": 491
                    },
                    {
                        "x": 625,
                        "y": 491
                    },
                    {
                        "x": 611,
                        "y": 487
                    },
                    {
                        "x": 599,
                        "y": 487
                    },
                    {
                        "x": 584,
                        "y": 481
                    },
                    {
                        "x": 562,
                        "y": 479
                    },
                    {
                        "x": 540,
                        "y": 472
                    },
                    {
                        "x": 525,
                        "y": 470
                    },
                    {
                        "x": 509,
                        "y": 470
                    },
                    {
                        "x": 498,
                        "y": 473
                    },
                    {
                        "x": 485,
                        "y": 473
                    },
                    {
                        "x": 481,
                        "y": 469
                    },
                    {
                        "x": 481,
                        "y": 445
                    },
                    {
                        "x": 483,
                        "y": 424
                    },
                    {
                        "x": 487,
                        "y": 415
                    },
                    {
                        "x": 488,
                        "y": 401
                    },
                    {
                        "x": 494,
                        "y": 397
                    },
                    {
                        "x": 498,
                        "y": 392
                    },
                    {
                        "x": 508,
                        "y": 388
                    },
                    {
                        "x": 539,
                        "y": 389
                    },
                    {
                        "x": 547,
                        "y": 395
                    },
                    {
                        "x": 552,
                        "y": 395
                    },
                    {
                        "x": 557,
                        "y": 390
                    },
                    {
                        "x": 562,
                        "y": 381
                    }
                ],
                "type": "POLYGON"
            },
            "labels_to_revisit": []
        }
    ],
    "kind": "annotation",
    "labels_to_revisit_full_scene": [],
    "annotation_state_per_task": [
        {
            "task_id": "66fd38284dab82982d1a9d04",
            "state": "annotated"
        }
    ]
}