{
    "annotations": [
        {
            "labels": [
                {
                    "probability": 0.5957951755163509,
                    "name": "seed",
                    "color": "#5182c5ff",
                    "source": {
                        "user_id": "dd725a2c-b183-4616-bcf3-0894843fb6a5"
                    }
                }
            ],
            "shape": {
                "points": [
                    {
                        "x": 556,
                        "y": 363
                    },
                    {
                        "x": 556,
                        "y": 366
                    },
                    {
                        "x": 555,
                        "y": 367
                    },
                    {
                        "x": 553,
                        "y": 367
                    },
                    {
                        "x": 553,
                        "y": 370
                    },
                    {
                        "x": 551,
                        "y": 371
                    },
                    {
                        "x": 550,
                        "y": 373
                    },
                    {
                        "x": 549,
                        "y": 373
                    },
                    {
                        "x": 549,
                        "y": 379
                    },
                    {
                        "x": 551,
                        "y": 380
                    },
                    {
                        "x": 551,
                        "y": 383
                    },
                    {
                        "x": 553,
                        "y": 384
                    },
                    {
                        "x": 553,
                        "y": 407
                    },
                    {
                        "x": 555,
                        "y": 407
                    },
                    {
                        "x": 556,
                        "y": 409
                    },
                    {
                        "x": 558,
                        "y": 410
                    },
                    {
                        "x": 558,
                        "y": 421
                    },
                    {
                        "x": 560,
                        "y": 422
                    },
                    {
                        "x": 560,
                        "y": 432
                    },
                    {
                        "x": 562,
                        "y": 432
                    },
                    {
                        "x": 563,
                        "y": 433
                    },
                    {
                        "x": 563,
                        "y": 443
                    },
                    {
                        "x": 562,
                        "y": 444
                    },
                    {
                        "x": 560,
                        "y": 444
                    },
                    {
                        "x": 560,
                        "y": 445
                    },
                    {
                        "x": 558,
                        "y": 446
                    },
                    {
                        "x": 558,
                        "y": 452
                    },
                    {
                        "x": 556,
                        "y": 453
                    },
                    {
                        "x": 556,
                        "y": 457
                    },
                    {
                        "x": 555,
                        "y": 458
                    },
                    {
                        "x": 553,
                        "y": 458
                    },
                    {
                        "x": 553,
                        "y": 476
                    },
                    {
                        "x": 555,
                        "y": 476
                    },
                    {
                        "x": 556,
                        "y": 478
                    },
                    {
                        "x": 558,
                        "y": 479
                    },
                    {
                        "x": 558,
                        "y": 481
                    },
                    {
                        "x": 560,
                        "y": 482
                    },
                    {
                        "x": 567,
                        "y": 482
                    },
                    {
                        "x": 568,
                        "y": 484
                    },
                    {
                        "x": 571,
                        "y": 484
                    },
                    {
                        "x": 572,
                        "y": 485
                    },
                    {
                        "x": 592,
                        "y": 485
                    },
                    {
                        "x": 593,
                        "y": 484
                    },
                    {
                        "x": 599,
                        "y": 484
                    },
                    {
                        "x": 600,
                        "y": 482
                    },
                    {
                        "x": 604,
                        "y": 482
                    },
                    {
                        "x": 605,
                        "y": 481
                    },
                    {
                        "x": 621,
                        "y": 481
                    },
                    {
                        "x": 622,
                        "y": 480
                    },
                    {
                        "x": 652,
                        "y": 480
                    },
                    {
                        "x": 653,
                        "y": 481
                    },
                    {
                        "x": 673,
                        "y": 481
                    },
                    {
                        "x": 674,
                        "y": 482
                    },
                    {
                        "x": 680,
                        "y": 482
                    },
                    {
                        "x": 681,
                        "y": 484
                    },
                    {
                        "x": 685,
                        "y": 484
                    },
                    {
                        "x": 686,
                        "y": 482
                    },
                    {
                        "x": 704,
                        "y": 482
                    },
                    {
                        "x": 707,
                        "y": 480
                    },
                    {
                        "x": 709,
                        "y": 480
                    },
                    {
                        "x": 709,
                        "y": 466
                    },
                    {
                        "x": 707,
                        "y": 466
                    },
                    {
                        "x": 706,
                        "y": 465
                    },
                    {
                        "x": 706,
                        "y": 462
                    },
                    {
                        "x": 704,
                        "y": 461
                    },
                    {
                        "x": 704,
                        "y": 457
                    },
                    {
                        "x": 702,
                        "y": 456
                    },
                    {
                        "x": 702,
                        "y": 453
                    },
                    {
                        "x": 700,
                        "y": 453
                    },
                    {
                        "x": 699,
                        "y": 452
                    },
                    {
                        "x": 699,
                        "y": 448
                    },
                    {
                        "x": 697,
                        "y": 447
                    },
                    {
                        "x": 697,
                        "y": 438
                    },
                    {
                        "x": 695,
                        "y": 437
                    },
                    {
                        "x": 695,
                        "y": 430
                    },
                    {
                        "x": 693,
                        "y": 430
                    },
                    {
                        "x": 692,
                        "y": 429
                    },
                    {
                        "x": 692,
                        "y": 422
                    },
                    {
                        "x": 690,
                        "y": 421
                    },
                    {
                        "x": 690,
                        "y": 417
                    },
                    {
                        "x": 688,
                        "y": 416
                    },
                    {
                        "x": 688,
                        "y": 413
                    },
                    {
                        "x": 686,
                        "y": 413
                    },
                    {
                        "x": 685,
                        "y": 412
                    },
                    {
                        "x": 685,
                        "y": 406
                    },
                    {
                        "x": 684,
                        "y": 406
                    },
                    {
                        "x": 683,
                        "y": 404
                    },
                    {
                        "x": 681,
                        "y": 404
                    },
                    {
                        "x": 680,
                        "y": 403
                    },
                    {
                        "x": 680,
                        "y": 401
                    },
                    {
                        "x": 678,
                        "y": 400
                    },
                    {
                        "x": 678,
                        "y": 397
                    },
                    {
                        "x": 676,
                        "y": 396
                    },
                    {
                        "x": 678,
                        "y": 395
                    },
                    {
                        "x": 678,
                        "y": 393
                    },
                    {
                        "x": 680,
                        "y": 392
                    },
                    {
                        "x": 681,
                        "y": 390
                    },
                    {
                        "x": 683,
                        "y": 390
                    },
                    {
                        "x": 683,
                        "y": 388
                    },
                    {
                        "x": 685,
                        "y": 387
                    },
                    {
                        "x": 685,
                        "y": 385
                    },
                    {
                        "x": 686,
                        "y": 384
                    },
                    {
                        "x": 688,
                        "y": 384
                    },
                    {
                        "x": 688,
                        "y": 381
                    },
                    {
                        "x": 690,
                        "y": 380
                    },
                    {
                        "x": 691,
                        "y": 378
                    },
                    {
                        "x": 692,
                        "y": 378
                    },
                    {
                        "x": 693,
                        "y": 376
                    },
                    {
                        "x": 695,
                        "y": 376
                    },
                    {
                        "x": 699,
                        "y": 374
                    },
                    {
                        "x": 699,
                        "y": 368
                    },
                    {
                        "x": 700,
                        "y": 367
                    },
                    {
                        "x": 702,
                        "y": 367
                    },
                    {
                        "x": 702,
                        "y": 361
                    },
                    {
                        "x": 704,
                        "y": 359
                    },
                    {
                        "x": 704,
                        "y": 357
                    },
                    {
                        "x": 702,
                        "y": 356
                    },
                    {
                        "x": 702,
                        "y": 354
                    },
                    {
                        "x": 696,
                        "y": 353
                    },
                    {
                        "x": 695,
                        "y": 351
                    },
                    {
                        "x": 679,
                        "y": 351
                    },
                    {
                        "x": 679,
                        "y": 352
                    },
                    {
                        "x": 676,
                        "y": 354
                    },
                    {
                        "x": 672,
                        "y": 354
                    },
                    {
                        "x": 671,
                        "y": 353
                    },
                    {
                        "x": 665,
                        "y": 353
                    },
                    {
                        "x": 664,
                        "y": 351
                    },
                    {
                        "x": 658,
                        "y": 349
                    },
                    {
                        "x": 657,
                        "y": 347
                    },
                    {
                        "x": 653,
                        "y": 347
                    },
                    {
                        "x": 650,
                        "y": 345
                    },
                    {
                        "x": 646,
                        "y": 345
                    },
                    {
                        "x": 645,
                        "y": 343
                    },
                    {
                        "x": 638,
                        "y": 343
                    },
                    {
                        "x": 637,
                        "y": 342
                    },
                    {
                        "x": 624,
                        "y": 342
                    },
                    {
                        "x": 623,
                        "y": 343
                    },
                    {
                        "x": 615,
                        "y": 343
                    },
                    {
                        "x": 614,
                        "y": 345
                    },
                    {
                        "x": 610,
                        "y": 345
                    },
                    {
                        "x": 609,
                        "y": 346
                    },
                    {
                        "x": 598,
                        "y": 346
                    },
                    {
                        "x": 597,
                        "y": 347
                    },
                    {
                        "x": 593,
                        "y": 347
                    },
                    {
                        "x": 592,
                        "y": 349
                    },
                    {
                        "x": 590,
                        "y": 350
                    },
                    {
                        "x": 586,
                        "y": 350
                    },
                    {
                        "x": 585,
                        "y": 351
                    },
                    {
                        "x": 579,
                        "y": 351
                    },
                    {
                        "x": 578,
                        "y": 353
                    },
                    {
                        "x": 572,
                        "y": 354
                    },
                    {
                        "x": 570,
                        "y": 355
                    },
                    {
                        "x": 569,
                        "y": 357
                    },
                    {
                        "x": 565,
                        "y": 357
                    },
                    {
                        "x": 562,
                        "y": 359
                    },
                    {
                        "x": 558,
                        "y": 361
                    },
                    {
                        "x": 557,
                        "y": 363
                    }
                ],
                "type": "POLYGON"
            },
            "labels_to_revisit": []
        }
    ],
    "kind": "annotation",
    "labels_to_revisit_full_scene": [],
    "annotation_state_per_task": [
        {
            "task_id": "66fd38284dab82982d1a9d04",
            "state": "annotated"
        }
    ]
}