{
    "annotations": [
        {
            "labels": [
                {
                    "probability": 1.0,
                    "name": "seed",
                    "color": "#5182c5ff",
                    "source": {
                        "user_id": "dd725a2c-b183-4616-bcf3-0894843fb6a5"
                    }
                }
            ],
            "shape": {
                "points": [
                    {
                        "x": 665,
                        "y": 347
                    },
                    {
                        "x": 672,
                        "y": 353
                    },
                    {
                        "x": 677,
                        "y": 361
                    },
                    {
                        "x": 677,
                        "y": 364
                    },
                    {
                        "x": 669,
                        "y": 383
                    },
                    {
                        "x": 661,
                        "y": 394
                    },
                    {
                        "x": 660,
                        "y": 408
                    },
                    {
                        "x": 662,
                        "y": 415
                    },
                    {
                        "x": 662,
                        "y": 429
                    },
                    {
                        "x": 673,
                        "y": 452
                    },
                    {
                        "x": 676,
                        "y": 465
                    },
                    {
                        "x": 677,
                        "y": 479
                    },
                    {
                        "x": 673,
                        "y": 484
                    },
                    {
                        "x": 666,
                        "y": 485
                    },
                    {
                        "x": 648,
                        "y": 482
                    },
                    {
                        "x": 600,
                        "y": 478
                    },
                    {
                        "x": 584,
                        "y": 473
                    },
                    {
                        "x": 565,
                        "y": 470
                    },
                    {
                        "x": 552,
                        "y": 471
                    },
                    {
                        "x": 537,
                        "y": 482
                    },
                    {
                        "x": 526,
                        "y": 482
                    },
                    {
                        "x": 522,
                        "y": 480
                    },
                    {
                        "x": 520,
                        "y": 469
                    },
                    {
                        "x": 522,
                        "y": 375
                    },
                    {
                        "x": 524,
                        "y": 367
                    },
                    {
                        "x": 523,
                        "y": 362
                    },
                    {
                        "x": 531,
                        "y": 354
                    },
                    {
                        "x": 541,
                        "y": 356
                    },
                    {
                        "x": 548,
                        "y": 363
                    },
                    {
                        "x": 554,
                        "y": 363
                    },
                    {
                        "x": 562,
                        "y": 360
                    },
                    {
                        "x": 583,
                        "y": 358
                    },
                    {
                        "x": 594,
                        "y": 354
                    },
                    {
                        "x": 616,
                        "y": 354
                    },
                    {
                        "x": 622,
                        "y": 351
                    },
                    {
                        "x": 633,
                        "y": 351
                    },
                    {
                        "x": 648,
                        "y": 355
                    },
                    {
                        "x": 653,
                        "y": 350
                    },
                    {
                        "x": 661,
                        "y": 346
                    }
                ],
                "type": "POLYGON"
            },
            "labels_to_revisit": []
        }
    ],
    "kind": "annotation",
    "labels_to_revisit_full_scene": [],
    "annotation_state_per_task": [
        {
            "task_id": "66fd38284dab82982d1a9d04",
            "state": "annotated"
        }
    ]
}