{
    "annotations": [
        {
            "labels": [
                {
                    "probability": 1.0,
                    "name": "bird",
                    "color": "#a4be19ff",
                    "source": {
                        "user_id": "dd725a2c-b183-4616-bcf3-0894843fb6a5"
                    }
                }
            ],
            "shape": {
                "points": [
                    {
                        "x": 852,
                        "y": 295
                    },
                    {
                        "x": 870,
                        "y": 307
                    },
                    {
                        "x": 870,
                        "y": 310
                    },
                    {
                        "x": 866,
                        "y": 316
                    },
                    {
                        "x": 869,
                        "y": 328
                    },
                    {
                        "x": 863,
                        "y": 330
                    },
                    {
                        "x": 851,
                        "y": 338
                    },
                    {
                        "x": 845,
                        "y": 345
                    },
                    {
                        "x": 843,
                        "y": 352
                    },
                    {
                        "x": 843,
                        "y": 362
                    },
                    {
                        "x": 846,
                        "y": 371
                    },
                    {
                        "x": 848,
                        "y": 385
                    },
                    {
                        "x": 848,
                        "y": 409
                    },
                    {
                        "x": 846,
                        "y": 418
                    },
                    {
                        "x": 834,
                        "y": 438
                    },
                    {
                        "x": 814,
                        "y": 458
                    },
                    {
                        "x": 809,
                        "y": 468
                    },
                    {
                        "x": 810,
                        "y": 471
                    },
                    {
                        "x": 816,
                        "y": 477
                    },
                    {
                        "x": 828,
                        "y": 482
                    },
                    {
                        "x": 827,
                        "y": 490
                    },
                    {
                        "x": 811,
                        "y": 491
                    },
                    {
                        "x": 806,
                        "y": 489
                    },
                    {
                        "x": 787,
                        "y": 489
                    },
                    {
                        "x": 782,
                        "y": 485
                    },
                    {
                        "x": 769,
                        "y": 483
                    },
                    {
                        "x": 752,
                        "y": 496
                    },
                    {
                        "x": 746,
                        "y": 496
                    },
                    {
                        "x": 742,
                        "y": 493
                    },
                    {
                        "x": 737,
                        "y": 492
                    },
                    {
                        "x": 734,
                        "y": 495
                    },
                    {
                        "x": 730,
                        "y": 496
                    },
                    {
                        "x": 727,
                        "y": 491
                    },
                    {
                        "x": 725,
                        "y": 492
                    },
                    {
                        "x": 724,
                        "y": 504
                    },
                    {
                        "x": 722,
                        "y": 507
                    },
                    {
                        "x": 723,
                        "y": 493
                    },
                    {
                        "x": 719,
                        "y": 489
                    },
                    {
                        "x": 712,
                        "y": 489
                    },
                    {
                        "x": 702,
                        "y": 493
                    },
                    {
                        "x": 694,
                        "y": 494
                    },
                    {
                        "x": 684,
                        "y": 500
                    },
                    {
                        "x": 679,
                        "y": 501
                    },
                    {
                        "x": 662,
                        "y": 516
                    },
                    {
                        "x": 653,
                        "y": 528
                    },
                    {
                        "x": 637,
                        "y": 542
                    },
                    {
                        "x": 629,
                        "y": 547
                    },
                    {
                        "x": 623,
                        "y": 549
                    },
                    {
                        "x": 618,
                        "y": 548
                    },
                    {
                        "x": 614,
                        "y": 550
                    },
                    {
                        "x": 602,
                        "y": 548
                    },
                    {
                        "x": 602,
                        "y": 544
                    },
                    {
                        "x": 606,
                        "y": 542
                    },
                    {
                        "x": 607,
                        "y": 536
                    },
                    {
                        "x": 617,
                        "y": 529
                    },
                    {
                        "x": 625,
                        "y": 519
                    },
                    {
                        "x": 636,
                        "y": 509
                    },
                    {
                        "x": 638,
                        "y": 505
                    },
                    {
                        "x": 672,
                        "y": 471
                    },
                    {
                        "x": 676,
                        "y": 462
                    },
                    {
                        "x": 676,
                        "y": 449
                    },
                    {
                        "x": 678,
                        "y": 443
                    },
                    {
                        "x": 695,
                        "y": 426
                    },
                    {
                        "x": 697,
                        "y": 421
                    },
                    {
                        "x": 726,
                        "y": 391
                    },
                    {
                        "x": 731,
                        "y": 388
                    },
                    {
                        "x": 741,
                        "y": 377
                    },
                    {
                        "x": 761,
                        "y": 362
                    },
                    {
                        "x": 771,
                        "y": 351
                    },
                    {
                        "x": 783,
                        "y": 320
                    },
                    {
                        "x": 788,
                        "y": 311
                    },
                    {
                        "x": 797,
                        "y": 301
                    },
                    {
                        "x": 813,
                        "y": 292
                    },
                    {
                        "x": 836,
                        "y": 291
                    }
                ],
                "type": "POLYGON"
            },
            "labels_to_revisit": []
        },
        {
            "labels": [
                {
                    "probability": 1.0,
                    "name": "bird",
                    "color": "#a4be19ff",
                    "source": {
                        "user_id": "dd725a2c-b183-4616-bcf3-0894843fb6a5"
                    }
                }
            ],
            "shape": {
                "points": [
                    {
                        "x": 528,
                        "y": 318
                    },
                    {
                        "x": 529,
                        "y": 339
                    },
                    {
                        "x": 527,
                        "y": 357
                    },
                    {
                        "x": 522,
                        "y": 364
                    },
                    {
                        "x": 519,
                        "y": 375
                    },
                    {
                        "x": 519,
                        "y": 431
                    },
                    {
                        "x": 507,
                        "y": 453
                    },
                    {
                        "x": 482,
                        "y": 481
                    },
                    {
                        "x": 471,
                        "y": 488
                    },
                    {
                        "x": 461,
                        "y": 492
                    },
                    {
                        "x": 458,
                        "y": 495
                    },
                    {
                        "x": 456,
                        "y": 503
                    },
                    {
                        "x": 453,
                        "y": 507
                    },
                    {
                        "x": 449,
                        "y": 509
                    },
                    {
                        "x": 430,
                        "y": 507
                    },
                    {
                        "x": 422,
                        "y": 509
                    },
                    {
                        "x": 412,
                        "y": 514
                    },
                    {
                        "x": 403,
                        "y": 524
                    },
                    {
                        "x": 397,
                        "y": 537
                    },
                    {
                        "x": 394,
                        "y": 557
                    },
                    {
                        "x": 389,
                        "y": 574
                    },
                    {
                        "x": 386,
                        "y": 597
                    },
                    {
                        "x": 382,
                        "y": 613
                    },
                    {
                        "x": 381,
                        "y": 634
                    },
                    {
                        "x": 378,
                        "y": 648
                    },
                    {
                        "x": 373,
                        "y": 651
                    },
                    {
                        "x": 359,
                        "y": 651
                    },
                    {
                        "x": 357,
                        "y": 650
                    },
                    {
                        "x": 354,
                        "y": 642
                    },
                    {
                        "x": 354,
                        "y": 631
                    },
                    {
                        "x": 366,
                        "y": 583
                    },
                    {
                        "x": 370,
                        "y": 550
                    },
                    {
                        "x": 370,
                        "y": 513
                    },
                    {
                        "x": 368,
                        "y": 510
                    },
                    {
                        "x": 365,
                        "y": 510
                    },
                    {
                        "x": 353,
                        "y": 517
                    },
                    {
                        "x": 346,
                        "y": 517
                    },
                    {
                        "x": 346,
                        "y": 511
                    },
                    {
                        "x": 363,
                        "y": 489
                    },
                    {
                        "x": 368,
                        "y": 473
                    },
                    {
                        "x": 388,
                        "y": 438
                    },
                    {
                        "x": 402,
                        "y": 421
                    },
                    {
                        "x": 425,
                        "y": 388
                    },
                    {
                        "x": 442,
                        "y": 373
                    },
                    {
                        "x": 454,
                        "y": 357
                    },
                    {
                        "x": 458,
                        "y": 344
                    },
                    {
                        "x": 467,
                        "y": 336
                    },
                    {
                        "x": 468,
                        "y": 333
                    },
                    {
                        "x": 479,
                        "y": 321
                    },
                    {
                        "x": 491,
                        "y": 314
                    },
                    {
                        "x": 521,
                        "y": 314
                    }
                ],
                "type": "POLYGON"
            },
            "labels_to_revisit": []
        },
        {
            "labels": [
                {
                    "probability": 1.0,
                    "name": "seed",
                    "color": "#5182c5ff",
                    "source": {
                        "user_id": "dd725a2c-b183-4616-bcf3-0894843fb6a5"
                    }
                }
            ],
            "shape": {
                "points": [
                    {
                        "x": 647,
                        "y": 342
                    },
                    {
                        "x": 653,
                        "y": 341
                    },
                    {
                        "x": 662,
                        "y": 343
                    },
                    {
                        "x": 668,
                        "y": 346
                    },
                    {
                        "x": 682,
                        "y": 345
                    },
                    {
                        "x": 685,
                        "y": 347
                    },
                    {
                        "x": 686,
                        "y": 359
                    },
                    {
                        "x": 683,
                        "y": 363
                    },
                    {
                        "x": 678,
                        "y": 380
                    },
                    {
                        "x": 674,
                        "y": 388
                    },
                    {
                        "x": 669,
                        "y": 389
                    },
                    {
                        "x": 665,
                        "y": 393
                    },
                    {
                        "x": 664,
                        "y": 397
                    },
                    {
                        "x": 668,
                        "y": 412
                    },
                    {
                        "x": 669,
                        "y": 430
                    },
                    {
                        "x": 673,
                        "y": 447
                    },
                    {
                        "x": 673,
                        "y": 464
                    },
                    {
                        "x": 672,
                        "y": 468
                    },
                    {
                        "x": 662,
                        "y": 481
                    },
                    {
                        "x": 656,
                        "y": 483
                    },
                    {
                        "x": 646,
                        "y": 483
                    },
                    {
                        "x": 630,
                        "y": 480
                    },
                    {
                        "x": 601,
                        "y": 480
                    },
                    {
                        "x": 592,
                        "y": 477
                    },
                    {
                        "x": 574,
                        "y": 476
                    },
                    {
                        "x": 567,
                        "y": 479
                    },
                    {
                        "x": 557,
                        "y": 479
                    },
                    {
                        "x": 548,
                        "y": 483
                    },
                    {
                        "x": 542,
                        "y": 483
                    },
                    {
                        "x": 539,
                        "y": 486
                    },
                    {
                        "x": 533,
                        "y": 484
                    },
                    {
                        "x": 532,
                        "y": 460
                    },
                    {
                        "x": 536,
                        "y": 456
                    },
                    {
                        "x": 531,
                        "y": 445
                    },
                    {
                        "x": 531,
                        "y": 438
                    },
                    {
                        "x": 533,
                        "y": 432
                    },
                    {
                        "x": 531,
                        "y": 429
                    },
                    {
                        "x": 530,
                        "y": 422
                    },
                    {
                        "x": 533,
                        "y": 418
                    },
                    {
                        "x": 537,
                        "y": 417
                    },
                    {
                        "x": 537,
                        "y": 414
                    },
                    {
                        "x": 532,
                        "y": 405
                    },
                    {
                        "x": 532,
                        "y": 401
                    },
                    {
                        "x": 537,
                        "y": 397
                    },
                    {
                        "x": 537,
                        "y": 389
                    },
                    {
                        "x": 532,
                        "y": 386
                    },
                    {
                        "x": 531,
                        "y": 381
                    },
                    {
                        "x": 532,
                        "y": 371
                    },
                    {
                        "x": 534,
                        "y": 367
                    },
                    {
                        "x": 533,
                        "y": 362
                    },
                    {
                        "x": 539,
                        "y": 358
                    },
                    {
                        "x": 539,
                        "y": 353
                    },
                    {
                        "x": 543,
                        "y": 340
                    },
                    {
                        "x": 549,
                        "y": 340
                    },
                    {
                        "x": 558,
                        "y": 343
                    },
                    {
                        "x": 576,
                        "y": 343
                    },
                    {
                        "x": 602,
                        "y": 339
                    },
                    {
                        "x": 637,
                        "y": 339
                    }
                ],
                "type": "POLYGON"
            },
            "labels_to_revisit": []
        }
    ],
    "kind": "annotation",
    "labels_to_revisit_full_scene": [],
    "annotation_state_per_task": [
        {
            "task_id": "66fd38284dab82982d1a9d04",
            "state": "annotated"
        }
    ]
}