{
    "annotations": [
        {
            "labels": [
                {
                    "probability": 1.0,
                    "name": "seed",
                    "color": "#5182c5ff",
                    "source": {
                        "user_id": "dd725a2c-b183-4616-bcf3-0894843fb6a5"
                    }
                }
            ],
            "shape": {
                "points": [
                    {
                        "x": 627,
                        "y": 342
                    },
                    {
                        "x": 640,
                        "y": 340
                    },
                    {
                        "x": 655,
                        "y": 340
                    },
                    {
                        "x": 662,
                        "y": 342
                    },
                    {
                        "x": 666,
                        "y": 345
                    },
                    {
                        "x": 693,
                        "y": 341
                    },
                    {
                        "x": 699,
                        "y": 345
                    },
                    {
                        "x": 699,
                        "y": 349
                    },
                    {
                        "x": 690,
                        "y": 355
                    },
                    {
                        "x": 682,
                        "y": 363
                    },
                    {
                        "x": 668,
                        "y": 395
                    },
                    {
                        "x": 660,
                        "y": 403
                    },
                    {
                        "x": 660,
                        "y": 427
                    },
                    {
                        "x": 663,
                        "y": 448
                    },
                    {
                        "x": 672,
                        "y": 477
                    },
                    {
                        "x": 671,
                        "y": 486
                    },
                    {
                        "x": 669,
                        "y": 488
                    },
                    {
                        "x": 643,
                        "y": 487
                    },
                    {
                        "x": 625,
                        "y": 482
                    },
                    {
                        "x": 601,
                        "y": 482
                    },
                    {
                        "x": 580,
                        "y": 477
                    },
                    {
                        "x": 564,
                        "y": 477
                    },
                    {
                        "x": 539,
                        "y": 488
                    },
                    {
                        "x": 530,
                        "y": 487
                    },
                    {
                        "x": 527,
                        "y": 485
                    },
                    {
                        "x": 524,
                        "y": 475
                    },
                    {
                        "x": 526,
                        "y": 365
                    },
                    {
                        "x": 533,
                        "y": 349
                    },
                    {
                        "x": 536,
                        "y": 346
                    },
                    {
                        "x": 545,
                        "y": 344
                    },
                    {
                        "x": 555,
                        "y": 344
                    },
                    {
                        "x": 562,
                        "y": 341
                    },
                    {
                        "x": 594,
                        "y": 339
                    },
                    {
                        "x": 619,
                        "y": 339
                    }
                ],
                "type": "POLYGON"
            },
            "labels_to_revisit": []
        }
    ],
    "kind": "annotation",
    "labels_to_revisit_full_scene": [],
    "annotation_state_per_task": [
        {
            "task_id": "66fd38284dab82982d1a9d04",
            "state": "annotated"
        }
    ]
}