{
    "annotations": [
        {
            "labels": [
                {
                    "probability": 1.0,
                    "name": "seed",
                    "color": "#5182c5ff",
                    "source": {
                        "user_id": "dd725a2c-b183-4616-bcf3-0894843fb6a5"
                    }
                }
            ],
            "shape": {
                "points": [
                    {
                        "x": 571,
                        "y": 335
                    },
                    {
                        "x": 589,
                        "y": 338
                    },
                    {
                        "x": 622,
                        "y": 336
                    },
                    {
                        "x": 627,
                        "y": 338
                    },
                    {
                        "x": 646,
                        "y": 338
                    },
                    {
                        "x": 656,
                        "y": 341
                    },
                    {
                        "x": 673,
                        "y": 340
                    },
                    {
                        "x": 684,
                        "y": 343
                    },
                    {
                        "x": 697,
                        "y": 353
                    },
                    {
                        "x": 700,
                        "y": 359
                    },
                    {
                        "x": 701,
                        "y": 369
                    },
                    {
                        "x": 699,
                        "y": 394
                    },
                    {
                        "x": 694,
                        "y": 398
                    },
                    {
                        "x": 682,
                        "y": 401
                    },
                    {
                        "x": 676,
                        "y": 407
                    },
                    {
                        "x": 669,
                        "y": 418
                    },
                    {
                        "x": 663,
                        "y": 424
                    },
                    {
                        "x": 657,
                        "y": 438
                    },
                    {
                        "x": 652,
                        "y": 443
                    },
                    {
                        "x": 649,
                        "y": 450
                    },
                    {
                        "x": 648,
                        "y": 457
                    },
                    {
                        "x": 650,
                        "y": 467
                    },
                    {
                        "x": 655,
                        "y": 477
                    },
                    {
                        "x": 661,
                        "y": 496
                    },
                    {
                        "x": 661,
                        "y": 537
                    },
                    {
                        "x": 654,
                        "y": 538
                    },
                    {
                        "x": 630,
                        "y": 536
                    },
                    {
                        "x": 611,
                        "y": 531
                    },
                    {
                        "x": 581,
                        "y": 528
                    },
                    {
                        "x": 568,
                        "y": 523
                    },
                    {
                        "x": 532,
                        "y": 523
                    },
                    {
                        "x": 524,
                        "y": 528
                    },
                    {
                        "x": 510,
                        "y": 529
                    },
                    {
                        "x": 507,
                        "y": 527
                    },
                    {
                        "x": 505,
                        "y": 519
                    },
                    {
                        "x": 505,
                        "y": 501
                    },
                    {
                        "x": 508,
                        "y": 490
                    },
                    {
                        "x": 508,
                        "y": 475
                    },
                    {
                        "x": 511,
                        "y": 463
                    },
                    {
                        "x": 510,
                        "y": 457
                    },
                    {
                        "x": 514,
                        "y": 442
                    },
                    {
                        "x": 513,
                        "y": 398
                    },
                    {
                        "x": 516,
                        "y": 382
                    },
                    {
                        "x": 520,
                        "y": 375
                    },
                    {
                        "x": 523,
                        "y": 358
                    },
                    {
                        "x": 523,
                        "y": 346
                    },
                    {
                        "x": 526,
                        "y": 338
                    },
                    {
                        "x": 533,
                        "y": 339
                    },
                    {
                        "x": 559,
                        "y": 332
                    },
                    {
                        "x": 566,
                        "y": 332
                    }
                ],
                "type": "POLYGON"
            },
            "labels_to_revisit": []
        },
        {
            "labels": [
                {
                    "probability": 1.0,
                    "name": "bird",
                    "color": "#a4be19ff",
                    "source": {
                        "user_id": "dd725a2c-b183-4616-bcf3-0894843fb6a5"
                    }
                }
            ],
            "shape": {
                "points": [
                    {
                        "x": 506,
                        "y": 401
                    },
                    {
                        "x": 507,
                        "y": 405
                    },
                    {
                        "x": 503,
                        "y": 408
                    },
                    {
                        "x": 500,
                        "y": 423
                    },
                    {
                        "x": 498,
                        "y": 444
                    },
                    {
                        "x": 498,
                        "y": 466
                    },
                    {
                        "x": 489,
                        "y": 498
                    },
                    {
                        "x": 484,
                        "y": 501
                    },
                    {
                        "x": 475,
                        "y": 501
                    },
                    {
                        "x": 462,
                        "y": 510
                    },
                    {
                        "x": 445,
                        "y": 518
                    },
                    {
                        "x": 442,
                        "y": 522
                    },
                    {
                        "x": 442,
                        "y": 529
                    },
                    {
                        "x": 438,
                        "y": 532
                    },
                    {
                        "x": 427,
                        "y": 532
                    },
                    {
                        "x": 419,
                        "y": 538
                    },
                    {
                        "x": 412,
                        "y": 540
                    },
                    {
                        "x": 384,
                        "y": 541
                    },
                    {
                        "x": 379,
                        "y": 543
                    },
                    {
                        "x": 374,
                        "y": 548
                    },
                    {
                        "x": 367,
                        "y": 561
                    },
                    {
                        "x": 359,
                        "y": 598
                    },
                    {
                        "x": 354,
                        "y": 634
                    },
                    {
                        "x": 354,
                        "y": 660
                    },
                    {
                        "x": 352,
                        "y": 674
                    },
                    {
                        "x": 349,
                        "y": 678
                    },
                    {
                        "x": 327,
                        "y": 677
                    },
                    {
                        "x": 326,
                        "y": 655
                    },
                    {
                        "x": 333,
                        "y": 623
                    },
                    {
                        "x": 339,
                        "y": 556
                    },
                    {
                        "x": 334,
                        "y": 529
                    },
                    {
                        "x": 332,
                        "y": 527
                    },
                    {
                        "x": 320,
                        "y": 528
                    },
                    {
                        "x": 314,
                        "y": 522
                    },
                    {
                        "x": 315,
                        "y": 505
                    },
                    {
                        "x": 319,
                        "y": 493
                    },
                    {
                        "x": 326,
                        "y": 488
                    },
                    {
                        "x": 332,
                        "y": 488
                    },
                    {
                        "x": 337,
                        "y": 485
                    },
                    {
                        "x": 351,
                        "y": 466
                    },
                    {
                        "x": 364,
                        "y": 453
                    },
                    {
                        "x": 380,
                        "y": 433
                    },
                    {
                        "x": 397,
                        "y": 420
                    },
                    {
                        "x": 412,
                        "y": 412
                    },
                    {
                        "x": 442,
                        "y": 402
                    },
                    {
                        "x": 464,
                        "y": 401
                    },
                    {
                        "x": 485,
                        "y": 398
                    },
                    {
                        "x": 499,
                        "y": 398
                    }
                ],
                "type": "POLYGON"
            },
            "labels_to_revisit": []
        },
        {
            "labels": [
                {
                    "probability": 1.0,
                    "name": "bird",
                    "color": "#a4be19ff",
                    "source": {
                        "user_id": "dd725a2c-b183-4616-bcf3-0894843fb6a5"
                    }
                }
            ],
            "shape": {
                "points": [
                    {
                        "x": 791,
                        "y": 340
                    },
                    {
                        "x": 802,
                        "y": 346
                    },
                    {
                        "x": 812,
                        "y": 354
                    },
                    {
                        "x": 818,
                        "y": 362
                    },
                    {
                        "x": 824,
                        "y": 379
                    },
                    {
                        "x": 827,
                        "y": 402
                    },
                    {
                        "x": 850,
                        "y": 446
                    },
                    {
                        "x": 864,
                        "y": 480
                    },
                    {
                        "x": 879,
                        "y": 508
                    },
                    {
                        "x": 889,
                        "y": 543
                    },
                    {
                        "x": 897,
                        "y": 562
                    },
                    {
                        "x": 900,
                        "y": 575
                    },
                    {
                        "x": 918,
                        "y": 603
                    },
                    {
                        "x": 924,
                        "y": 616
                    },
                    {
                        "x": 933,
                        "y": 629
                    },
                    {
                        "x": 947,
                        "y": 655
                    },
                    {
                        "x": 960,
                        "y": 673
                    },
                    {
                        "x": 962,
                        "y": 680
                    },
                    {
                        "x": 962,
                        "y": 688
                    },
                    {
                        "x": 958,
                        "y": 694
                    },
                    {
                        "x": 948,
                        "y": 692
                    },
                    {
                        "x": 939,
                        "y": 684
                    },
                    {
                        "x": 930,
                        "y": 664
                    },
                    {
                        "x": 926,
                        "y": 660
                    },
                    {
                        "x": 923,
                        "y": 651
                    },
                    {
                        "x": 902,
                        "y": 619
                    },
                    {
                        "x": 879,
                        "y": 598
                    },
                    {
                        "x": 861,
                        "y": 584
                    },
                    {
                        "x": 839,
                        "y": 571
                    },
                    {
                        "x": 827,
                        "y": 568
                    },
                    {
                        "x": 813,
                        "y": 562
                    },
                    {
                        "x": 804,
                        "y": 561
                    },
                    {
                        "x": 791,
                        "y": 555
                    },
                    {
                        "x": 787,
                        "y": 556
                    },
                    {
                        "x": 782,
                        "y": 554
                    },
                    {
                        "x": 775,
                        "y": 554
                    },
                    {
                        "x": 770,
                        "y": 558
                    },
                    {
                        "x": 765,
                        "y": 557
                    },
                    {
                        "x": 762,
                        "y": 542
                    },
                    {
                        "x": 772,
                        "y": 531
                    },
                    {
                        "x": 774,
                        "y": 523
                    },
                    {
                        "x": 752,
                        "y": 489
                    },
                    {
                        "x": 743,
                        "y": 469
                    },
                    {
                        "x": 740,
                        "y": 450
                    },
                    {
                        "x": 740,
                        "y": 430
                    },
                    {
                        "x": 744,
                        "y": 410
                    },
                    {
                        "x": 750,
                        "y": 393
                    },
                    {
                        "x": 750,
                        "y": 383
                    },
                    {
                        "x": 744,
                        "y": 372
                    },
                    {
                        "x": 741,
                        "y": 369
                    },
                    {
                        "x": 735,
                        "y": 368
                    },
                    {
                        "x": 733,
                        "y": 365
                    },
                    {
                        "x": 733,
                        "y": 360
                    },
                    {
                        "x": 736,
                        "y": 354
                    },
                    {
                        "x": 751,
                        "y": 342
                    },
                    {
                        "x": 757,
                        "y": 339
                    },
                    {
                        "x": 765,
                        "y": 338
                    }
                ],
                "type": "POLYGON"
            },
            "labels_to_revisit": []
        }
    ],
    "kind": "annotation",
    "labels_to_revisit_full_scene": [],
    "annotation_state_per_task": [
        {
            "task_id": "66fd38284dab82982d1a9d04",
            "state": "annotated"
        }
    ]
}