{
    "annotations": [
        {
            "labels": [
                {
                    "probability": 1.0,
                    "name": "seed",
                    "color": "#5182c5ff",
                    "source": {
                        "user_id": "dd725a2c-b183-4616-bcf3-0894843fb6a5"
                    }
                }
            ],
            "shape": {
                "points": [
                    {
                        "x": 701,
                        "y": 345
                    },
                    {
                        "x": 712,
                        "y": 344
                    },
                    {
                        "x": 716,
                        "y": 347
                    },
                    {
                        "x": 715,
                        "y": 358
                    },
                    {
                        "x": 707,
                        "y": 371
                    },
                    {
                        "x": 702,
                        "y": 385
                    },
                    {
                        "x": 697,
                        "y": 388
                    },
                    {
                        "x": 696,
                        "y": 392
                    },
                    {
                        "x": 697,
                        "y": 407
                    },
                    {
                        "x": 707,
                        "y": 431
                    },
                    {
                        "x": 710,
                        "y": 442
                    },
                    {
                        "x": 711,
                        "y": 453
                    },
                    {
                        "x": 716,
                        "y": 471
                    },
                    {
                        "x": 715,
                        "y": 480
                    },
                    {
                        "x": 681,
                        "y": 480
                    },
                    {
                        "x": 672,
                        "y": 477
                    },
                    {
                        "x": 641,
                        "y": 478
                    },
                    {
                        "x": 627,
                        "y": 475
                    },
                    {
                        "x": 586,
                        "y": 475
                    },
                    {
                        "x": 583,
                        "y": 472
                    },
                    {
                        "x": 576,
                        "y": 469
                    },
                    {
                        "x": 566,
                        "y": 469
                    },
                    {
                        "x": 565,
                        "y": 462
                    },
                    {
                        "x": 562,
                        "y": 459
                    },
                    {
                        "x": 562,
                        "y": 433
                    },
                    {
                        "x": 558,
                        "y": 427
                    },
                    {
                        "x": 559,
                        "y": 411
                    },
                    {
                        "x": 557,
                        "y": 409
                    },
                    {
                        "x": 554,
                        "y": 412
                    },
                    {
                        "x": 556,
                        "y": 424
                    },
                    {
                        "x": 553,
                        "y": 426
                    },
                    {
                        "x": 553,
                        "y": 411
                    },
                    {
                        "x": 551,
                        "y": 400
                    },
                    {
                        "x": 552,
                        "y": 376
                    },
                    {
                        "x": 556,
                        "y": 373
                    },
                    {
                        "x": 552,
                        "y": 369
                    },
                    {
                        "x": 552,
                        "y": 367
                    },
                    {
                        "x": 558,
                        "y": 358
                    },
                    {
                        "x": 568,
                        "y": 352
                    },
                    {
                        "x": 577,
                        "y": 350
                    },
                    {
                        "x": 593,
                        "y": 352
                    },
                    {
                        "x": 603,
                        "y": 347
                    },
                    {
                        "x": 641,
                        "y": 343
                    },
                    {
                        "x": 657,
                        "y": 344
                    },
                    {
                        "x": 663,
                        "y": 340
                    },
                    {
                        "x": 681,
                        "y": 340
                    },
                    {
                        "x": 685,
                        "y": 338
                    },
                    {
                        "x": 693,
                        "y": 338
                    }
                ],
                "type": "POLYGON"
            },
            "labels_to_revisit": []
        },
        {
            "labels": [
                {
                    "probability": 1.0,
                    "name": "bird",
                    "color": "#a4be19ff",
                    "source": {
                        "user_id": "dd725a2c-b183-4616-bcf3-0894843fb6a5"
                    }
                }
            ],
            "shape": {
                "points": [
                    {
                        "x": 509,
                        "y": 346
                    },
                    {
                        "x": 520,
                        "y": 359
                    },
                    {
                        "x": 528,
                        "y": 378
                    },
                    {
                        "x": 534,
                        "y": 387
                    },
                    {
                        "x": 540,
                        "y": 403
                    },
                    {
                        "x": 542,
                        "y": 418
                    },
                    {
                        "x": 541,
                        "y": 440
                    },
                    {
                        "x": 530,
                        "y": 456
                    },
                    {
                        "x": 524,
                        "y": 469
                    },
                    {
                        "x": 507,
                        "y": 489
                    },
                    {
                        "x": 502,
                        "y": 497
                    },
                    {
                        "x": 503,
                        "y": 501
                    },
                    {
                        "x": 510,
                        "y": 500
                    },
                    {
                        "x": 514,
                        "y": 497
                    },
                    {
                        "x": 520,
                        "y": 497
                    },
                    {
                        "x": 522,
                        "y": 499
                    },
                    {
                        "x": 526,
                        "y": 499
                    },
                    {
                        "x": 527,
                        "y": 502
                    },
                    {
                        "x": 520,
                        "y": 509
                    },
                    {
                        "x": 513,
                        "y": 510
                    },
                    {
                        "x": 503,
                        "y": 520
                    },
                    {
                        "x": 499,
                        "y": 520
                    },
                    {
                        "x": 497,
                        "y": 514
                    },
                    {
                        "x": 493,
                        "y": 514
                    },
                    {
                        "x": 490,
                        "y": 517
                    },
                    {
                        "x": 468,
                        "y": 518
                    },
                    {
                        "x": 450,
                        "y": 523
                    },
                    {
                        "x": 439,
                        "y": 532
                    },
                    {
                        "x": 430,
                        "y": 543
                    },
                    {
                        "x": 421,
                        "y": 566
                    },
                    {
                        "x": 401,
                        "y": 652
                    },
                    {
                        "x": 395,
                        "y": 658
                    },
                    {
                        "x": 384,
                        "y": 659
                    },
                    {
                        "x": 382,
                        "y": 655
                    },
                    {
                        "x": 383,
                        "y": 638
                    },
                    {
                        "x": 387,
                        "y": 619
                    },
                    {
                        "x": 387,
                        "y": 612
                    },
                    {
                        "x": 397,
                        "y": 567
                    },
                    {
                        "x": 399,
                        "y": 548
                    },
                    {
                        "x": 398,
                        "y": 529
                    },
                    {
                        "x": 389,
                        "y": 527
                    },
                    {
                        "x": 395,
                        "y": 515
                    },
                    {
                        "x": 397,
                        "y": 501
                    },
                    {
                        "x": 404,
                        "y": 475
                    },
                    {
                        "x": 409,
                        "y": 462
                    },
                    {
                        "x": 416,
                        "y": 453
                    },
                    {
                        "x": 427,
                        "y": 431
                    },
                    {
                        "x": 445,
                        "y": 407
                    },
                    {
                        "x": 454,
                        "y": 398
                    },
                    {
                        "x": 454,
                        "y": 381
                    },
                    {
                        "x": 447,
                        "y": 363
                    },
                    {
                        "x": 447,
                        "y": 355
                    },
                    {
                        "x": 449,
                        "y": 349
                    },
                    {
                        "x": 453,
                        "y": 343
                    },
                    {
                        "x": 459,
                        "y": 338
                    },
                    {
                        "x": 479,
                        "y": 333
                    },
                    {
                        "x": 488,
                        "y": 333
                    }
                ],
                "type": "POLYGON"
            },
            "labels_to_revisit": []
        }
    ],
    "kind": "annotation",
    "labels_to_revisit_full_scene": [],
    "annotation_state_per_task": [
        {
            "task_id": "66fd38284dab82982d1a9d04",
            "state": "annotated"
        }
    ]
}