{
    "annotations": [
        {
            "labels": [
                {
                    "probability": 1.0,
                    "name": "seed",
                    "color": "#5182c5ff",
                    "source": {
                        "user_id": "dd725a2c-b183-4616-bcf3-0894843fb6a5"
                    }
                }
            ],
            "shape": {
                "points": [
                    {
                        "x": 628,
                        "y": 373
                    },
                    {
                        "x": 630,
                        "y": 385
                    },
                    {
                        "x": 633,
                        "y": 388
                    },
                    {
                        "x": 642,
                        "y": 391
                    },
                    {
                        "x": 657,
                        "y": 391
                    },
                    {
                        "x": 664,
                        "y": 387
                    },
                    {
                        "x": 659,
                        "y": 383
                    },
                    {
                        "x": 661,
                        "y": 372
                    },
                    {
                        "x": 668,
                        "y": 371
                    },
                    {
                        "x": 671,
                        "y": 386
                    },
                    {
                        "x": 676,
                        "y": 392
                    },
                    {
                        "x": 677,
                        "y": 401
                    },
                    {
                        "x": 683,
                        "y": 412
                    },
                    {
                        "x": 685,
                        "y": 426
                    },
                    {
                        "x": 698,
                        "y": 460
                    },
                    {
                        "x": 700,
                        "y": 468
                    },
                    {
                        "x": 699,
                        "y": 479
                    },
                    {
                        "x": 696,
                        "y": 481
                    },
                    {
                        "x": 690,
                        "y": 481
                    },
                    {
                        "x": 664,
                        "y": 477
                    },
                    {
                        "x": 616,
                        "y": 476
                    },
                    {
                        "x": 603,
                        "y": 473
                    },
                    {
                        "x": 583,
                        "y": 472
                    },
                    {
                        "x": 570,
                        "y": 475
                    },
                    {
                        "x": 554,
                        "y": 483
                    },
                    {
                        "x": 548,
                        "y": 482
                    },
                    {
                        "x": 545,
                        "y": 479
                    },
                    {
                        "x": 543,
                        "y": 473
                    },
                    {
                        "x": 541,
                        "y": 408
                    },
                    {
                        "x": 543,
                        "y": 398
                    },
                    {
                        "x": 552,
                        "y": 398
                    },
                    {
                        "x": 558,
                        "y": 394
                    },
                    {
                        "x": 574,
                        "y": 390
                    },
                    {
                        "x": 583,
                        "y": 391
                    },
                    {
                        "x": 590,
                        "y": 389
                    },
                    {
                        "x": 598,
                        "y": 384
                    },
                    {
                        "x": 612,
                        "y": 385
                    },
                    {
                        "x": 619,
                        "y": 383
                    },
                    {
                        "x": 620,
                        "y": 379
                    },
                    {
                        "x": 617,
                        "y": 373
                    },
                    {
                        "x": 619,
                        "y": 371
                    },
                    {
                        "x": 625,
                        "y": 371
                    }
                ],
                "type": "POLYGON"
            },
            "labels_to_revisit": []
        },
        {
            "labels": [
                {
                    "probability": 1.0,
                    "name": "bird",
                    "color": "#a4be19ff",
                    "source": {
                        "user_id": "dd725a2c-b183-4616-bcf3-0894843fb6a5"
                    }
                }
            ],
            "shape": {
                "points": [
                    {
                        "x": 513,
                        "y": 350
                    },
                    {
                        "x": 527,
                        "y": 357
                    },
                    {
                        "x": 530,
                        "y": 360
                    },
                    {
                        "x": 529,
                        "y": 399
                    },
                    {
                        "x": 533,
                        "y": 436
                    },
                    {
                        "x": 535,
                        "y": 440
                    },
                    {
                        "x": 539,
                        "y": 466
                    },
                    {
                        "x": 540,
                        "y": 489
                    },
                    {
                        "x": 539,
                        "y": 499
                    },
                    {
                        "x": 534,
                        "y": 509
                    },
                    {
                        "x": 532,
                        "y": 511
                    },
                    {
                        "x": 527,
                        "y": 511
                    },
                    {
                        "x": 524,
                        "y": 514
                    },
                    {
                        "x": 519,
                        "y": 514
                    },
                    {
                        "x": 511,
                        "y": 508
                    },
                    {
                        "x": 495,
                        "y": 503
                    },
                    {
                        "x": 478,
                        "y": 495
                    },
                    {
                        "x": 472,
                        "y": 488
                    },
                    {
                        "x": 463,
                        "y": 483
                    },
                    {
                        "x": 464,
                        "y": 476
                    },
                    {
                        "x": 462,
                        "y": 472
                    },
                    {
                        "x": 460,
                        "y": 473
                    },
                    {
                        "x": 459,
                        "y": 481
                    },
                    {
                        "x": 457,
                        "y": 480
                    },
                    {
                        "x": 450,
                        "y": 415
                    },
                    {
                        "x": 453,
                        "y": 376
                    },
                    {
                        "x": 455,
                        "y": 370
                    },
                    {
                        "x": 482,
                        "y": 349
                    },
                    {
                        "x": 486,
                        "y": 348
                    },
                    {
                        "x": 504,
                        "y": 348
                    }
                ],
                "type": "POLYGON"
            },
            "labels_to_revisit": []
        },
        {
            "labels": [
                {
                    "probability": 1.0,
                    "name": "bird",
                    "color": "#a4be19ff",
                    "source": {
                        "user_id": "dd725a2c-b183-4616-bcf3-0894843fb6a5"
                    }
                }
            ],
            "shape": {
                "points": [
                    {
                        "x": 585,
                        "y": 544
                    },
                    {
                        "x": 590,
                        "y": 548
                    },
                    {
                        "x": 599,
                        "y": 568
                    },
                    {
                        "x": 626,
                        "y": 616
                    },
                    {
                        "x": 628,
                        "y": 634
                    },
                    {
                        "x": 626,
                        "y": 637
                    },
                    {
                        "x": 614,
                        "y": 641
                    },
                    {
                        "x": 598,
                        "y": 653
                    },
                    {
                        "x": 592,
                        "y": 653
                    },
                    {
                        "x": 588,
                        "y": 651
                    },
                    {
                        "x": 580,
                        "y": 631
                    },
                    {
                        "x": 577,
                        "y": 618
                    },
                    {
                        "x": 563,
                        "y": 587
                    },
                    {
                        "x": 561,
                        "y": 579
                    },
                    {
                        "x": 546,
                        "y": 549
                    },
                    {
                        "x": 546,
                        "y": 545
                    },
                    {
                        "x": 551,
                        "y": 543
                    }
                ],
                "type": "POLYGON"
            },
            "labels_to_revisit": []
        },
        {
            "labels": [
                {
                    "probability": 1.0,
                    "name": "bird",
                    "color": "#a4be19ff",
                    "source": {
                        "user_id": "dd725a2c-b183-4616-bcf3-0894843fb6a5"
                    }
                }
            ],
            "shape": {
                "points": [
                    {
                        "x": 845,
                        "y": 359
                    },
                    {
                        "x": 869,
                        "y": 377
                    },
                    {
                        "x": 883,
                        "y": 394
                    },
                    {
                        "x": 901,
                        "y": 412
                    },
                    {
                        "x": 913,
                        "y": 432
                    },
                    {
                        "x": 928,
                        "y": 443
                    },
                    {
                        "x": 930,
                        "y": 446
                    },
                    {
                        "x": 928,
                        "y": 452
                    },
                    {
                        "x": 921,
                        "y": 454
                    },
                    {
                        "x": 922,
                        "y": 463
                    },
                    {
                        "x": 927,
                        "y": 475
                    },
                    {
                        "x": 941,
                        "y": 493
                    },
                    {
                        "x": 955,
                        "y": 507
                    },
                    {
                        "x": 962,
                        "y": 519
                    },
                    {
                        "x": 977,
                        "y": 533
                    },
                    {
                        "x": 985,
                        "y": 554
                    },
                    {
                        "x": 993,
                        "y": 563
                    },
                    {
                        "x": 993,
                        "y": 570
                    },
                    {
                        "x": 984,
                        "y": 570
                    },
                    {
                        "x": 975,
                        "y": 563
                    },
                    {
                        "x": 967,
                        "y": 560
                    },
                    {
                        "x": 958,
                        "y": 548
                    },
                    {
                        "x": 957,
                        "y": 544
                    },
                    {
                        "x": 946,
                        "y": 534
                    },
                    {
                        "x": 936,
                        "y": 519
                    },
                    {
                        "x": 913,
                        "y": 500
                    },
                    {
                        "x": 892,
                        "y": 487
                    },
                    {
                        "x": 880,
                        "y": 492
                    },
                    {
                        "x": 873,
                        "y": 492
                    },
                    {
                        "x": 863,
                        "y": 485
                    },
                    {
                        "x": 857,
                        "y": 484
                    },
                    {
                        "x": 850,
                        "y": 487
                    },
                    {
                        "x": 828,
                        "y": 491
                    },
                    {
                        "x": 823,
                        "y": 488
                    },
                    {
                        "x": 822,
                        "y": 484
                    },
                    {
                        "x": 818,
                        "y": 481
                    },
                    {
                        "x": 794,
                        "y": 479
                    },
                    {
                        "x": 790,
                        "y": 472
                    },
                    {
                        "x": 788,
                        "y": 465
                    },
                    {
                        "x": 789,
                        "y": 458
                    },
                    {
                        "x": 786,
                        "y": 453
                    },
                    {
                        "x": 764,
                        "y": 433
                    },
                    {
                        "x": 759,
                        "y": 425
                    },
                    {
                        "x": 745,
                        "y": 413
                    },
                    {
                        "x": 741,
                        "y": 379
                    },
                    {
                        "x": 746,
                        "y": 361
                    },
                    {
                        "x": 749,
                        "y": 356
                    },
                    {
                        "x": 760,
                        "y": 351
                    },
                    {
                        "x": 764,
                        "y": 351
                    },
                    {
                        "x": 785,
                        "y": 344
                    },
                    {
                        "x": 804,
                        "y": 344
                    }
                ],
                "type": "POLYGON"
            },
            "labels_to_revisit": []
        }
    ],
    "kind": "annotation",
    "labels_to_revisit_full_scene": [],
    "annotation_state_per_task": [
        {
            "task_id": "66fd38284dab82982d1a9d04",
            "state": "annotated"
        }
    ]
}